doc_id	sent_id	text	label
1	1	曼听公园以前是傣王御花园，有1300多年的历史。	1
2	2	上朝了，有事请奏，无事退朝。俺还要赶场子搓麻将呢	2
3	2	嘿，看我，伦敦奥运会只有9天就开幕了哦，亲！	0
4	1	转发了财新网的微博:【内鬼与大鳄姚刚张育军的唏嘘人生】（记者刘彩萍）近日，中国证券监督管理委员会原党委委员、副主席姚刚和原党委委员、主席助理张育军被查。	2
5	1	老妹,老姐我差点就泪奔啊他终于听到呼叫喽	2
6	1	#上市公司那点事儿#【又多了一起诉讼视频广告未付款乐视网被讨推广费101万】海淀法院官网显示，因认为视频广告未支付费用，北京昂然时代广告有限公司将乐视网信息技术股份有限公司诉至法院，要求其支付推广费及违约金共计101万余元。	2
7	4	\\@郝洪军 : 这充分证明 刘翔被&quot;	0
7	10	2，总局领导、教练和刘翔赛前怎么博弈的？	0
8	2	再访故地可能还会有别样的风景别样的感受哦。	1
9	2	只好给个5星了，虽然好像看不太懂，不明觉厉吧	1
10	1	还有肉饼让你选呢，也双井附近，你自定啊，我都行	1
11	1	去过国内很多地方，但故宫的性价比绝对高居榜首！	1
12	1	#彭宇承认撞了南京老太#中国人永远不知道真相	2
13	1	代个户外装备在人民币的背景效果图下住一宅;	0
14	7	这一片应该是古镇外围的田野庄稼地吧。	0
14	8	我拍的差不多了 ，顺着甬道前行没多远，就看到了又一块门牌楼，建筑在一座小石桥上。	0
14	9	这个小石桥，我猜，就是影片《我的团长我的团》最后一集的末尾，在当今时代，年轻人簇拥着远征军的抗日老兵举行祭奠仪式时经过的那座小石桥吧。	0
14	25	彼时（19点半）公交车已经没有了，我坐上一辆等活儿的出租车回到腾冲县城，花了20元。	0
15	5	临近结束的时候，喇嘛们围绕着他们的师傅坐成一圈念经。	0
16	2	\\@one鱼鱼one : me too	0
17	7	成员看到在八里台立交桥下一居民楼附近，一名外国人不知何故，先是脱掉上衣，然后追打出租车，接着打了一位过路人，最后在三名同伴的劝阻中离开。	2
18	5	@雅娴__ 本周日晚21：35 锁定北京卫视！	0
19	1	我家养了两老大的。。。现在不知道该咋办了	2
20	2	\\@tmac周 : 睡觉姐来了  @董路	0
21	1	当时遇到了一个乐队在四方街上面表演，赶脚是在拍电视剧。	0
22	1	@李江博 据说春晚共在32家电视台直播，杨坤终于在2012年12点之前兑现了自己的诺言。	0
23	2	刚印出来，终端到货得十天半月的吧，我不知道。	2
24	1	话说，今年这个春晚的舞台怎么这么八十年代？	2
25	5	本山的封山作品《有钱了》结束了，未来我们在春晚小品的舞台上再也看不到他！	2
25	8	最后大家给本山大叔今晚的表现打个分，给在小品舞台上20年的本山大叔打个分吧！	0
26	2	是嘛,最近状态怎么样?比赛是个人的还是团体的呢?	2
27	1	时间才早上8点过一点儿，总统府前已经排起了长队，参观大门似乎还没有开。	0
28	2	我们虽然到了但是是下午了所以不能进去参观。	2
29	1	哈哈哈。三姐肯定睡切了！不然早就扑过来咯。	1
30	2	. 直通春晚五强出炉 12月23日 19：30《直通春晚》8进5决战上演，八组选手经过三轮比拼后产生年终五强。	0
31	1	快点找个小美人沟了吧，然后让我的生活又有了动力	1
32	1	恩恩，你也是会计专业？我们是不是认识的？	1
33	5	@香港国际星_世纪博湾 @嘉扬舞度-JYD舞团 @Twinsbaby粉丝后援会 @枫夕驿站 @杨林LinkYang	0
34	2	爪子嘛你现在修炼得是看不懂中文还是听不懂人话了嘛？	2
35	2	最初是唐代滕王開始興建，歷經滄桑，經過29次重建後，現在的滕王閣早就不是當初的模樣????現在更像是歷朝歷代的藝術歷史展示廳...歷史痕跡只能從那些名畫中自己體會了	2
36	2	不懂他最近又再泡哪个呢。。。好久没声音了	2
37	1	我愧为襄樊人，我真的以为这是万达门口，哈哈哈~	1
38	1	我也是这样觉得……姐姐你现在越来越晚睡了	2
39	2	在这里有通向4个方向的路口，所以叫做四方街。	0
40	3	\\@biubiubiu变四有我男神 :	0
41	1	漓江位于华南广西壮族自治区东部，属珠江水系, 酷似一条青罗。	0
42	4	这是冯喆在伦敦奥运会上拿到的第二枚金牌，也是中国体育代表团在伦敦奥运会上得到的第32金！	0
43	3	在Sir Tim John Berners-Lee出来之后。	0
44	3	附近大学里的学生们也经常来逛逛，公园附近总有人吉他弹唱。	1
45	2	是啊，被疯狗咬了，反正咱们不能再去咬疯狗了，	2
46	1	他爸抱着他呢！被他俩看笑话。哎，我现在只能坐半边	2
47	2	海天之间，这里有渔舟唱晚，浪逐沙滩，更有晨钟暮鼓，宏寺佛香。	1
48	1	噢，俺上次也是在吃得正欢的时候被破纪录滴。	1
49	1	太形象了。这那是亩老虎啊，明明是老母鸡啊	1
50	3	\\@柏得君心 :  @2014网络春晚	0
51	4	1986版《西游记》里，她饰演唐僧的母亲。	0
52	1	还记得我们的东湖之约不到时我们就这样玩儿好不好	1
53	1	死仔，有你锦样讲野啦？你地五地我系乃谁先？	2
54	6	尤其是說這些話的是另一位聖誕老人，更讓我摸不著頭緒。	0
55	2	待慢没马上回，因我这几天刚回英国特忙累。	2
56	1	这姐的要求已经疯传了一阵子，不敢苟同，无可评议。	2
57	5	@董路 @黄健翔 奥运会 奥林匹克运动会（简称奥运会）(Olympic Games ào lín pǐ kè yùn dòng huì) 是国际奥林匹克委员会主办的包含多种体育运动项目的国际性运动会，每四年举行一次 话题详情 2350	0
58	1	\\@super_俗 :2012，我们还要rock and roll！！！	0
59	7	我最后问拉瑟福德：“您认为康伟最终找到香格里拉吗？	0
60	4	@庞龙 今晚19：30分cctv-3，?	0
61	3	中国队包揽本届奥运会羽毛球项目所有金牌。	1
62	2	这还差不多。限购长期化这一政策你怎么看？	2
63	1	挺有感觉的小镇，早上有集市，卖当地的小吃。	1
64	2	在2012年j.d.power销售满意度（ssi）调查中，一汽大众奥迪再次荣登榜首；	1
65	1	我也在看，现在那男的一个人三种声音也蛮行的	1
66	10	金水桥，陶然亭，什刹海畔踏歌行，北京人北京情，身份证头里是110&quot;	0
67	2	那阿寄不卯起来灌你还就真对不起你这种说法。	2
68	1	不是这个筛子啦！色子啦！这可是我的发饰呢！	1
69	2	满姐姐快红吧一大票的人等着呢。赶紧的啊!!	1
70	2	得，看来有人得了失忆症了，大学的事还是别和你提了。	2
71	1	转发微博  @我爱科比论坛 此人33岁，职业生涯已打完15年，看看他在过去四个赛季的出勤率：本赛季打满92场（包括10场季后赛）；	0
71	6	职业生涯共打了21186分钟，15个赛季有7个赛季打满82场常规赛。	0
72	8	在刚刚结束的伦敦奥运会乒乓球女子单打决赛中，李晓霞4:1力克丁宁为中国军团夺取第15金。	1
73	3	25日，赵本山徒弟@程野 在微博中晒出一张赵本山多年前演拉场戏的海报。	0
74	2	没有，因为对不了解的茶品，实在是不敢乱加尝试。	2
75	1	怎么感觉我已经跳出三界外，不在五行中了……	2
76	2	啥时候贱银和我吃个饭啊哥们换车了赶在那个贱银之前	2
77	3	200元押金，20元/2.5小时，超时会扣费。	0
77	6	尤其是江南园林的风景，来来回回转了两圈。	1
78	1	【贾跃亭或被逼上绝路：乐视融资自救成疑卖地将成救命稻草】#贾跃亭被指庞氏骗局#今年以来，公开和贾跃亭“撕破脸”的供应商名单不断加长。	2
79	2	谨以此话献给“阵亡”在堵车战线的兄弟姐妹们。	2
80	2	\\@AshleyDawson0622 :OMG	0
81	1	哇，透露一下这个大队长姓什么，我认识不？	2
82	2	我要是这个英语老师马上就拿块豆腐碰死~~	2
83	5	江苏卫视、北京卫视、东方卫视、广西卫视……	0
84	1	方丈,你今天去了哪里?怎么寺里悄无声息的.	2
85	1	这里是属于上海的CBD，金融中心，各式高楼林立，和外滩隔江相望。	1
86	8	刚踏足太平街，留给我最初始的印象便是灯笼高挂的石牌坊以及满地遍布的麻石路面，尤其是步行在这麻石路面上，让人有一种穿越回那个时代的feel，平添了几分历史沧桑感。	1
87	2	我到来！泉州的风还是那么大勒！有亲切感！	1
88	6	今晚17:10起，男子110米栏预赛即将开战，刘翔将在第六小组登场，时间为17:45。	0
89	2	谁叫你那天不出来啊，私信又不睬我不睬你了	2
90	6	4年过去了，他们中有7人即将出征伦敦奥运。	1
91	1	到达西藏的时候已经是晚上6、7点了吧，休息了一晚，第二天一早就爬起来，准备到布达拉宫广场。	0
92	1	\\@邱岳首 :砍就免了，来人啊，把他央视主持人的牌子给我摘了！	2
93	2	买的是哪一种啊，我觉得长颈鹿的冒似会好些的	1
94	1	2012伦敦奥运会 在基本没怎么看的情况下，就要闭幕了？	2
95	2	那天还是带病上场，当妈的是不是太狠了些啊？！	2
96	1	就网上买的，四千一百多，你不要我帮你香港买拉	2
97	1	前门大街是一个具有历史气息的地方，尤其是在夜晚，漫步在期间。	1
98	1	一年一次的“扑克奥运会”（WSOP）还有几天就开幕了。	0
99	4	有网友表示：英国人现在欠我们三笔帐:鸦片战争，火烧圆明园，还有就是伦敦奥运会。	2
100	3	阿代表队为田径选手马阿克洛非报了男子1500米和800米两项目。	0
101	1	蝴蝶早已不在，只剩下枯井陪伴着攒动的游人。	2
102	2	哈哈哈，你是不是最近不得我约嘴痒了哇，妹儿睡觉了	1
103	1	西安博物院位于西安古城西南角，馆内藏品不少，其中的2003年出土文物，一酒罐，存放着至今最早的酒，2000多年前的。	1
104	1	我家小王看了毛了，他拿着刀出去了啊，你别给他开门	2
105	3	佤族地区遍地可见的水牛头，看见它，你就知道已经进入佤族的村寨。	0
106	5	北京时间明天凌晨，国际奥委会第125次全会将在布宜诺斯艾利斯拉开帷幕，伊斯坦布尔、马德里和东京这三个各具特色的2020年夏奥会申办城市将在这里分出高下。	0
107	2	眼前的滕王阁已是第29代了，建了毁，毁了再建如此已经往复千余年。	0
107	3	“落霞与孤鹜齐飞，秋水共长天一色。	0
107	4	渔舟唱晚，响穷彭蠡之滨，雁阵惊寒，声断衡阳之浦。	0
107	9	滕王阁上望过去，颇有一副上海浦东的感觉。	0
108	2	我很穷的好不好~你第一天知道我是贫困学生？	2
109	4	#寻找James Blunt的中国搭档#	0
110	2	你那大白天的跟我这夜猫子聊天！你还让不让我睡觉了	2
111	3	\\@李小妮爱笑 :..............	0
111	6	\\@其实我是艺傻蛋儿 : 2333333	0
111	8	\\@空谷幽兰林太闲 :233333333333333333333  @李铁根	0
112	3	@榴莲童童 瞧人家这检验年会还有歌舞比赛大合唱，整的象春晚，有模有样的 我在	0
113	5	原文评论[16]转发理由:截至公告日，贾跃亭新增被北京市第三中级人民法院等轮候冻结股份数量35.85亿股股，轮候期限为36个月，占公司总股本179.72%。	2
114	2	【如何在单元格中打&quot;√&quot;？】	0
115	5	#《Last show》by Tannous#	0
116	1	和天安门广场很近，前方是步行一条街，有很多小吃的和卖小东西的地方。	0
117	2	还真是，莫非这两个拼爹的娃是莲英的后代？	2
118	1	\\ @青砖猫印 : 嘿嘿，裁判员的奥运会……	2
119	1	起亚k5常规保养motul81005w40人气王！！	1
120	1	清晨和夜晚的周庄，很安静，几乎没有游客，没有灯光。	1
121	1	四爷府现在成了一座庙，藏教的，很多人去烧香。	0
122	4	\\@宋茜吧_VictoriaBar : 2月4号，你又来了 GO~	0
122	12	(图片出处见水印)@宋茜-fx--victoria @FX_xiaoA @fx中文首站 @fx资讯台 @Fx组合吧_StepByFx @fx家族_fxfamily	0
123	2	现在踢球的水平简直和当年猴子的水平差不多了！	2
124	1	打人是不对的，得砍！！先把他油炸完后再埋	2
125	1	突然庆幸自己在北京了，和你在个城市，可以追随着你的脚步，呼吸着同样的空气（虽然是雾霾[嘻嘻]），儿子晚安	1
126	7	\\@V巫升堂 :  @巢中落满稻草灰 嗷嗷！！	0
127	2	@FIFA持牌经纪人杨巍 湖北华凯尔俱乐部引进洪都拉斯CM MARATHON俱乐部中卫QUIAROL ARZU阿尔祖，1985年3月3日，183CM。	0
128	1	去的不是季节，没有海鸥，就和一般的公园差不多！	2
129	2	5555，我还没看到最后一集，已经哭了闹	2
130	2	#英语非常道 English HaHa#	0
131	2	那边离机场有点远得嘛，就看看市内有没有呢	2
132	2	@创梦网络科技CEO陈永军 @申音 @王东竹  @伦敦奥运直通车	0
133	3	//分享网易新闻:《贾跃亭不再担任乐视控股有限公司法定代表人》贾跃亭不再担任乐视控股法定代表人@网易新闻客户端#网易新闻#	2
134	2	自己以为是从天上来到人间的，结果看着像…来的	2
135	1	大多数时间花在了船上，站在甲板上吹着风听着音乐远望。	0
136	1	坐景区的电瓶车进景区。	0
136	3	四月的阿里山樱花已经落了，只能零星的看到几朵。	2
137	1	端午节不就是比周末多一天么，又不是过春节，很无趣。	2
138	1	成人票门市价350元/人，小孩老人245元/人。	0
138	2	还有很多项目没开暂且不评论	0
139	2	摄影师：David Parker 点击播放视频。	0
140	1	雍和宫lama temple是我连着去过很多次的景点之一，香火很旺，外国游客很多，建筑保存也好。	1
140	2	想想这是雍正之前的官邸，感觉还是蛮棒的。	1
141	1	嘿…我们来讨论一下，我们到时候吃什么呗？	1
142	2	你找我，请致电，还围脖？真的有些过于控了	2
143	4	anyway its time to say goodbye!	0
144	4	乐视债权行不止招商银行，平安银行或涉数十亿敞口??	2
145	6	a152251e47f611e3b79d22000a9e5e12_101 播放 1	0
146	7	原文评论[440]转发理由:【招行回应冻结乐视12亿资产：多次催收无果后采取的法律手段】招商银行方面3日晚间回应，招行上海分行向法院申请资产保全，系乐视旗下的乐风移动贷款发生欠息、多次催收无果后所采取的法律手段。	2
147	1	三星i889功能强大,摄影、绘画无一不精。	1
148	1	\\@联通用户1795257435 : 万事如意，马年大吉！	0
149	1	在这张照片边上的楼顶喝过酒吃过饭，现在那个建筑还在。	0
150	2	马上就要跨入24岁的女人，我伤不起列。啦啦啦。	2
151	2	这本教材广东编的，再次证明这地方没文化！	2
152	3	法国女星苏菲-玛索将献唱中国春晚的消息给她代言的DS汽车带来了意外之喜。	1
153	3	＂今天又多了一条，把教师节看成生日。。。	0
154	1	那位吃相那么样衰的人是谁？旁边那位我倒认识	2
155	1	红旗插上总统府，记得以前上学时课本里有这幅图。	0
155	5	也许这就是我舍得花40块钱来看总统府的深层次缘由吧。	0
156	3	夏天绿树成荫，满池芙蓉笑脸迎客，是纳凉避暑的好去处。	1
156	4	秋天银杏梧桐落叶一地黄。	0
157	2	\\@柚柚柚柚柚柚柚柚柚柚柚柚柚纸- :	0
157	4	@伦敦奥运会的裁判组 我是傻逼我是傻逼我是傻逼我是傻逼我是傻逼我是傻逼我是傻逼我是傻逼我是傻逼我是傻逼我是傻逼我是傻逼我是傻逼我是傻逼我是傻逼我是傻逼我是傻逼我是傻逼我是傻逼我是傻逼我是傻逼我是傻逼我是傻逼我是傻逼我是傻逼我是傻逼我是傻逼我是傻逼我是傻逼我是傻逼我是傻逼我是傻逼我是傻逼我是傻逼我是傻逼	2
158	2	我在黄寺店这边多，劲松那个也去，您在哪里呢	0
159	2	\\@雨雪霏霏花飞飞 ：转发微博  @晨曦的那杯摩卡	0
160	2	大厅中有马哥和副总统的人形立牌，马哥今天没在啊……	2
160	3	跟马哥合影的人拍成了一队	0
161	2	哈哈哈是额吖，门槛哈精，今年我们去哪里圣诞啊~	1
162	1	我到时候带个摄像机去。偷拍回来传给你看哈。	1
163	6	约500年前，孙氏祖先迁至江浙生活至今。	0
164	1	今年的主题原本就是搞基嘛，所以”羽泉夫妇”也没啥不对呀！	0
165	1	古德寺在中国有两个，其中一个在武汉的汉口。	0
165	4	但是，我觉得武汉的古德寺是非常适合外拍的。	1
165	9	而在立面墙上的圆窗和长窗，却是基督教堂的建筑样式。	0
166	4	@河南中原影视城 @老君洞景区  @洛阳市旅游局 去老君山	0
167	7	”一一伦敦市长约翰逊，未买到奥运会门票。	0
168	1	对的看出来了吧先来一招又是一招招招夺命啊	2
169	4	风情街现在是集逛街购物餐饮为一体的旅游好去处。	1
170	1	我去的时候是公司组织去的，感受就是我小时候的家小桥流水人家。	1
171	9	会看见很多的摄影爱好者Services：公共交通7路车就有啊~应该还有别的车子的。	0
172	1	公司简讯　　乐视控股：回应资产冻结，称起因为乐视手机业务融资贷款，抵押资产能覆盖债务。	1
173	1	@摩亚小摩亚 ，我在这边当伴郎，你在那边当新娘  @新浪体育	0
174	3	今年济南设置考点39个，青岛33个，淄博19个，烟台14个，泰安13个，济宁10个。	0
175	1	古德寺位于武汉北面，汉口江滩附近。	0
175	4	一位大妈在那边买门票，一张8元。	0
175	7	古德寺不大，寺内人也不多，文化旅游可能大于宗教活动，20分钟就逛完了。	2
176	2	1985年北京,广州,票价七元含磁带一盘。	0
177	3	朴泰桓的澳大利亚教练波尔和韩国代表团的官员进行了申诉，但是在观看了录像后，波尔也承认朴泰桓有移动的现象。	0
178	2	【体外诊断试剂巨头“赛默飞世尔”被罚没近80万元】	0
178	3	因为经营未取得医疗器械注册证的体外诊断试剂，行业巨头赛默飞世尔科技(中国)有限公司近日被罚没将近80万元。	0
179	3	@Light-Up-Your-World 你在看金鹰节开幕式吗？	0
180	2	有么？我有2天没发微博了？我是微博控耶！	2
181	3	该寺又称归化寺，距香格里拉县城5公里，是一座古镇规模的古堡群建筑。	0
181	4	于公元1679年（藏历第十一绕迥阴土羊年）兴建，公元1681年（阴铁鸡年）竣工。	0
181	5	五世达赖喇嘛亲赐名“噶丹·松赞林”。	0
182	1	10.20--10.21巴丹吉林沙漠两人，有拼车的吗，有拼车的请微信191707506	0
183	1	雍和宫是康熙赐予四子雍亲王的官邸，乾隆六年改为喇嘛庙。	0
184	3	那英穿Givenchy 2013春夏系列的白色套装亮相央视蛇年春晚。	0
184	6	配上这和去年春晚差不多的背景，远远看过去，还以为是王菲又来了呢。	1
185	4	是因为你是春弯上不多的有女搭档的那男表演者么？	0
185	5	”面对镜头，郎桑哭了：”我擦，节目组没告诉我这个钢琴有电！！！	2
186	2	还是抱点吧，物价上涨这快，再不涨我们怎么活啊	2
187	3	晚上在客栈天台上看星星，下午晒太阳，似乎才是生活本来的样子。	1
188	1	\\@静之天空 : 還沒過上年，你就已經瘋了	0
189	4	//@Ben宇:就俩小混混，真见血就蒙灯的货！	2
190	9	所有来观战的球迷和伪球迷，第二天上午不用上班哟！	1
191	6	请在这里发表观点，或登陆腾讯微信“中国之声”语音留言。	0
192	2	@郎咸平 『中国羽毛球队，请收回你们的道歉！	2
193	2	据腾讯财经援引知情人士消息报道，贾跃亭夫妇及乐视系3家公司的12.37亿资产于上周被司法冻结，引发业内高度关注。	2
193	3	显然，这对仍深陷资金困局的乐视而言，无异于雪上加霜。	2
194	2	真的改呢个名啊，我还米到家，还有大半路程	2
195	2	【在奥运会上射歪了两次的神射手今晚登场！】	0
195	5	今晚19:15，男子10米气步枪决赛，朱启南对阵埃蒙斯…	0
196	2	嘿嘿，这是吕硕走的前一天晚上一起吃饭拍滴	1
197	3	ps.@Questionsister 今晚我们不要异梦哈~~~~哇哈哈哈哈哈哈	1
198	1	除了岸边游客穿着不同，和多年前的场景真是无二。。。	1
199	1	\\ @携程旅游 :转给端午有出游计划的童鞋！	0
200	1	前门大街，也是很多美食的一条街，比如：全聚德，吴裕泰等等..	0
201	2	杂草还有，让我感受到了原生态的故宫！！！	2
202	3	\\@卿城_话筒 :转发微博  @董卿后援团冬瓜团	0
203	4	比赛中有台湾选手潘志芳登场，延续亚洲球员在MLB未来之星比赛中出场的记录！	0
204	2	@Ready-to-wear 贝克汉姆&amp;	0
205	2	是当年女孩和四重奏的胡吗个吗，好久没听到了	1
206	4	团队里的个人通常并不会将涂鸦当做是自己的作品。	0
207	1	玄武湖给我的感觉就是一般的湖，可能是因为去过西湖的原因吧。。	2
208	7	22日，邓鸣贺的爷爷证实，邓鸣贺确诊为白血病。	2
209	1	您的客户端怎么是时光机？时光机是啥东东？	2
210	1	啊哈哈哈~~就在买盒装纯牛奶的货架附近~	1
211	7	僧侣们三三两两自由组合，采用问答的方式辩经。	0
212	2	兄弟我在南普陀拜佛~为了拜佛有力量，先吃素斋~	1
213	4	\\@_Omi_ :主播，邪魅一笑=_,=	0
214	6	【视频：Mark McMorris Snowboard The Alli Show】	0
215	1	#电商问题#@电商头条【乐视网：贾跃亭所持股份被全部冻结】@吴蚊米【怎么样才能被纳入市场】【乐视网：贾跃亭所持股份被全部冻结】0【打造高效朋友圈】【乐视网：贾跃亭所持股份被全部冻结】1【品牌运营的重大转型】【乐视网：贾跃亭所持股份被全部冻结】2【产品改动前必须思考的四大问题】【乐视网：贾跃亭所持股份被全部冻结】3【从一个产品开始，把一个卖点讲好】【乐视网：贾跃亭所持股份被全部冻结】4【两个巨头的雄心】??	2
216	7	尤其是我们的强攻手：惠若琪、王一梅、曾春蕾、楚金玲。	0
217	1	福建土楼永定景区为世界文化遗产所在地、国家5A级旅游景区，位于永定县境内。	0
217	4	永定境内现存有圆楼、方楼、五角楼、八角楼等各式土楼30多种、2万余座，其中圆楼362座。	1
218	2	他过年时候寄的明信片。我到现在也没收到。估计没了。	2
219	2	你用果个表情影一张,呢张的表情搞到吾似了	2
220	1	前两天，我刚过完我9岁的生日，今天又过儿童节，好开心呀！	1
221	1	因为我们订的住处就在大栅栏内，所以就在晚上的时候逛了大栅栏。	0
222	1	簋 gui 三声 就是北京辣条簋街的簋。	0
223	1	当时足足逛了两个半小时才逛完，也许我逛的比较慢吧！	2
224	2	望京华联以前有现在四元桥边的麦德隆肯定有-，-	1
225	7	对于那些脑残粉来说，好像贾骗子他取了漂亮老婆，然后自己的老婆也会变漂亮，很是意淫。	2
225	8	从迹象看，过去这一年贾骗子用在汽车和亏损的资金应该只是少部分，大部分(至少近百亿)应该是被他洗出国然后无影无踪了。。。	2
226	3	考古发现3000多件佛像，时间横跨北魏到唐代各个时期。	0
227	3	它离重庆还是有一点距离，由于时间的关系，仅参观了宝顶石刻！	0
228	2	\\@BaiDu-Lay受吧 : 和网络春晚一起放进备忘录^^	0
228	3	\\@Wao_EXO国际后援会 :等呀等呀~	2
229	7	第二轮竞争投票在日本东京与土耳其伊斯坦布尔之间展开，结果日本东京获胜。	0
230	1	周六，东京在国际奥委会委员聚首布宜诺斯艾利斯市的会议上，被遴选为2020年夏季奥运会举办城市，伊斯坦布尔申办落败。	0
231	6	@武东博 媒体报道：电影《爷俩儿》山东临沂开机 http:\\t.cn\SZu9gC	0
232	2	我可是大忙人那有空管这些，姐姐你应该懂的啊	2
233	2	\\@SongIda : 全家福，因为你们让我觉得自己和伦敦奥运会有联系了。	0
234	1	【鲸视频】豪掷600亿救乐视买万达，“稳健投资孙宏斌”这回终于火了。	1
235	1	One Direction 2012伦敦奥运会闭幕式现场表演图！	0
236	1	2012伦敦奥运会将于7月28日凌晨4:00开始。	0
237	3	\\@会飞_的猪 :比如阿毛啊，阿龙啊，昌永啊	0
238	4	大佛铸铜约700吨，铜板面积达九千多平方米，约一个半足球场大小。	0
239	1	地区领导人办公的地方，只能在外边瞧，也看不出什么。	2
240	2	\\@绒小左 :@Elizabeth-見- @容miaow @藤真贝戋司  @电影工厂	0
240	4	春晚如果找华少做主持人的话两个小时就结束了。	0
241	6	【赵本山任2014央视春晚副总导演 兼语言节目总监】	1
242	1	@上海头条播报 我还以为这是朝鲜春晚呢！	2
243	1	啊啊啊啊啊啊啊啊啊啊好帅！！！！！！！！！！！	1
244	1	转发了蓝鲸财经记者工作平台的微博:孙宏斌当选乐视网董事长。??	1
245	1	哪里跟哪里啊，你以为老夫还跟你一个年龄层啊……	2
246	2	随着他们一起，进入布宫入口，也别有一番体会！	1
247	1	老湿，老湿你肿么了老湿，一地鼻血不要紧吗	2
248	2	目前还有一些展览，我记得有太平天国的一些历史事件的展览，宋庆龄女士的生平展览也在这里。	0
249	1	我今天发信息给你的时候你就因该知道啦哈哈哈！	1
250	1	杨总，我明早也是上海出发，有缘分北京相见	1
251	4	@zhouGeorge 郭德纲现身央视春晚终审！	1
252	2	郭德纲、于谦暨德云社2013&quot;	0
253	1	可是目前还有很多帐没收回前两天还有人问我借钱了	2
254	5	@丹东万达影城 我刚刚上传了一条视频： 冯、葛20年，留给80的回忆！	0
255	1	上次去的时候是晚上 可是人真的实在是太多了！！！！	2
256	2	@FBI的机密档案 思密达出手了。。。。	0
257	2	你啃骨头的时候不是啃的挺带劲儿的么。。。	2
258	9	原文评论[152]转发理由:建行这种行为属于干扰市场规矩的支配者，近年来，任何港股大暴跌的时候，建行都说他没有涉及，建行是在刷名气，干大动作	2
259	2	哼。我要是你老板就炒了你。叔叔。男人得有事业心	2
260	1	总统府里面不能拍照。	0
260	3	因为临近春节，所以我们还拿到了小马哥的对联和利是封。	1
261	1	#全国雾霾#深圳晚上空气都这么明朗清新，让你们羡慕嫉妒恨吧！	1
262	2	位于恩施通往大峡谷的必经之路上。	0
262	3	距离市区自驾20分钟，峡谷40分钟。	0
262	4	家里饮用水是从山上引下来的泉水， 也有自家田里的果蔬。	0
262	6	KTV房25元/时。	0
263	1	凌晨两点的帝都，谢谢老婆的口罩在雾霾天救了我！	1
264	2	明天再发一遍，今天只能算是预演，嘿嘿，么么	1
265	1	老丁，不知道你现在到哪了，这大半夜的还在路上啊?	2
266	5	有一些卖吃的小摊，不建议吃，一直到阳朔在用餐。	2
266	6	我当年是包了一艘竹船，大概四五百的样子吧。	0
267	2	\\@流浪猫__mahaiyan :端午。。。。。	0
268	2	\\@燃烧的鸡翅膀YAHOLO : 卧槽！	0
269	1	没有微博估计有些事件知道的会更晚一些~~	1
270	3	北京奥运会把鸟巢建筑工人的名字刻在每一根钢筋上，你们从来不记得 （转）	0
271	4	买票进去里面有很多导游拉客，20元一位，会给你个耳机。	0
272	1	兄妹三从佛山自驾过去，就是为了来海洋王国。	1
273	2	刘翔抵达伦敦备战奥运 - 和女粉丝合影。	0
274	3	无缘呀@神马雷雷会炖排骨ohyeah  @中韩娱乐星秀	0
275	2	消失的地平线，我的心里总是有着这句话，好像上辈子也记得这个名字。	0
276	3	錄影過春節 ARE U READY???	0
277	1	【建行称95%客户已恢复额度乐视前员工：我们决定去销户】7月26日，建行称95%客户已恢复额度。	2
278	1	\\@刘丹的微博 :不明觉厉  @罗昌平 这是谁总结的＞＞2008年奥运会，当年的申奥主席陈希同在高墙里；	0
279	5	\\@欧美人像控-占小超 : .........  @北京蒙娜丽莎摄影	0
279	8	原价18888，折后价5899，秒杀活动价：4999！	0
279	10	活动截止日期：6月12日，咨询电话：18611921990	0
280	2	哦，不过那些已婚已育的妇女同胞们手艺怎么样啊?	2
281	1	还真是出来了大众的1.4t发动机真是个神器了。。	1
282	1	雍和宫是康熙大帝赠儿子雍正帝的，孙子乾隆也是在这里出生的，因此这个地方出了两个皇帝哟。	1
283	2	不能不吃饭啊跟北京和浙江的高官的待遇差不多了！	2
284	1	10月13日进14日出，现有2人，有没有拼车的伙伴？	0
285	3	1993年，两名鱼民，烧死一船的台湾游客，创全球恶性事件！	2
286	2	记得好怀念…大学时一起看流星雨…下次不知何年何月！	2
287	3	@帕帕拉奇-老徐 2012,辽视春晚的颜色!	0
288	1	噗  @赵晓 凤凰网：1966年7月16日，73岁的毛泽东横渡长江。	1
289	2	咱们离得不远啊、几十公里、我这怎么还没下	2
290	2	周五我电话他看看他出来没然后给你们电话噢	0
291	4	在这里听一听各地高僧的修行之道，也是一种修行！	1
292	9	当我们不知不觉走到出口的时候，我还感叹，怎么就走完啦？	1
293	1	全部项目结束了，最终美国46金，中国38金，与我预测的美国45金，中国39金各差1金。	0
293	3	@蒋北麒 对伦敦奥运会中国队金牌的预测：39枚金牌，金牌榜老二。	0
294	9	原文评论[80]转发理由:回复@财经太极猫:老子就喜欢看这些臭傻逼私募秀智商//@财经太极猫:应该抓贾跃亭坐牢！	2
295	2	深夜档怎么组织？请你看电影还要给你加班费哎	2
296	3	滕王因为醉心于歌舞，得以历经四代帝王，得以修建滕王阁而流传千古。	0
296	7	一条赣江将南昌分成了昌北和昌南。	0
297	3	\\@佟丽娅中文网 :  @湖南卫视春晚2013	0
298	5	，78岁的歌唱家刘秉义唱一曲《雨一直下》时，把雨伞交到了萧敬腾手中。	0
299	4	讲座时间：9月12日 19:00&gt;	0
300	11	\\@八云零_为米歇尔活下去0 : 卧槽	2
301	2	嘿嘿，我一回来就贴了。最近在考虑弄个墙纸	1
302	2	别逼我发记录你看！你说婷找你！所以你今晚才找我！	2
303	1	明天我去练戆！争取坐6小时卖出0张票子吧！	1
304	3	住在钟楼对面，去回民街天天从鼓楼下面过，但是没花钱上楼去看。	2
305	1	据说雾霾已经让人产生了腾云驾雾的错觉，哈哈，注意出门戴口罩	2
306	2	\\@陈蔚0829 :哎，当天回来\\ @Zita酱 :回！	0
307	1	今天上午，周立波作客东方网，与网友一起笑侃“春晚”。	1
308	1	7月14日有消息称，乐视汽车刚刚内部开会宣布，从本月开始，未来四个月将不会发放工资。	2
309	2	啊？不然我的哪个计划啊？我在考香港的理财师！	2
310	1	稳日出来同吃雪糕啦。张哈根达斯卡仲有一半未吃完啊	1
311	1	端午节，一早和Hero上他大姨家，下午奔这来看玥爸了，玥妈妈也在！	0
312	1	揭秘伦敦奥运会中的云计算  @区域信息化	0
313	5	(via beautifullife.info)	0
314	2	我的电影票也是没有半价啊,不然改请别的吃	2
315	1	又上不去人人影视的下载页面了，5555555	2
316	6	原文评论[9]转发理由:回复@姚忠震:前两年是创业板垃圾股大牛市！	1
316	12	而蓝筹股优质银行股却只有几倍市盈率，而蓝筹股优质银行股却只有几倍市盈率，与美国富国银行08年后暴涨8倍形成鲜明对比！	2
317	2	走私案的。我这现查查看.你还扯达赖去了。	2
318	1	嘿嘿，您是打算款到发货呐还是货到付款呐？	1
319	1	他曾在北京奥运会开幕式上，以一首《星光》擦亮了全球40亿观众的目光；	1
320	1	它可能在梦游，以为自己是鸵鸟，哥们抬头吧，里边没鱼	1
321	2	等你回武汉也做给我们吃一哈，尝尝你的厨艺。	1
322	2	4年过去了，奥运去了英国，我却回了北京。	2
323	2	路上还堵车，回家也回不去，这种心情槽透了	2
324	2	最烦那些有事没事就叫唤国外月亮比较圆的。	2
325	2	红衣女昨又变黑玫瑰了？不要以为换个马甲就不认识了！	2
326	1	是视频制作的作业么？我怎么没有映像啊？？	2
327	1	今天上海不安全别回上海~5件事情已经发生了	2
328	2	啊？今年才2011年啊？我忘记类…啊哈哈哈	1
329	3	\\@冬瓜婕婕 : 他是準備以後和他親姐搭檔，該緊張的朱大軍軍	0
330	1	10月2日就穿上穿貂皮大衣的女人不是疯子还是什么	2
331	2	离开寝室去自习，回来满桌东西吃吃粽子咯。。	1
332	5	为奥运热词“丹妈”配的图，实在太形象有木有！！！	1
333	4	如那些几百万本金的还去配资，获利几倍不减仓。	0
334	9	\\@Sean谦 :转发微博  @Jofun	0
335	1	前门这条街和大栅栏连上了，据说是刚修的吧？	0
336	2	报告书中,评级机构提醒称，融创对乐视的投资规模较大，可能影响融创中国未来的经营。	2
337	1	我一直以为中欧没有学生宿舍。食堂怎么样？	2
338	1	\\@天涯冰峰 : 回复@胡大镛 :提示：本人问非所答。	0
339	2	就像在这里看着太阳升起落下，什么也不想什么也不做的度过每一天，终老……	1
340	5	\\@梓笙_艹哭赤司痴汉协会会员 :求！	0
341	1	大众给你最安全的怀抱~~，有人还买日产呢！！	1
342	1	七30微商头条大事件艾美尼新品上市再创辉煌八大媒体强势围观揭秘腾讯网?	1
342	6	酷6com广州发布会现场免费送豪礼#艾美尼爱上美丽的你#??	1
343	5	\\@南京王强的微博 :  @束宇的微博 2008年北京奥运会，当年的申奥主席陈希同在高墙里；	0
343	6	2010年上海世博会，当年的申博主席陈良宇在高墙里；	0
343	7	2011年深圳世界大运会，申办委员会执行主席许宗衡在高墙里，而当2014年南京世界青年奥运会开幕，申青主席季建业也将在高墙里。	0
344	2	【奥运官员15人花费4.5万英镑吃午饭】	0
345	6	\\@Anita-jin :无  @北京人不知道的北京事儿	0
346	1	这边的路像大海，开着感觉好像永远没有尽头。	1
347	3	我大约早上8点20到了总统府门口，已经是排起了长队。	0
347	10	总统府同时还包含了太平天国相关的参观。	0
348	10	原文评论[141]转发理由:上市以后原有股东和能够给上市提供便利的大佬们所入的股份全部套现以后，套住的只有二级市场的股民。	2
349	5	@loganli @Melissa龜 @Michelle-阿Mi @stephenleemusic @Gin煎煎 @郭丁尘 @phatworm	0
350	3	【中国奥委会不理他 国际奥委会主席为他圆梦】	0
350	6	给罗格写信，12天给了答复，英国奥组委帮他圆梦……	1
351	5	\\@病冰_WeAre绿盖盖FanClub : 啊啊！！	0
352	1	\\@c為晨閃亮 : 阿  @郑雪清 赵本山赠给刘翔对联一副： 上联：赚了八年广告费；	0
352	4	刘翔回赠赵本山： 上联：大款演农民上了二十年春晚台；	0
353	7	但最怕就是有人掛在上頭不敢動，那真的很麻煩。	2
354	9	www.meishusheji.com 话题详情 46820	0
355	1	怪赛~掀起了你的刘海来让我来看看你的脸。。	1
356	7	原文评论[1]转发理由:作为一只不错的电动车企，福特不买也会有其他人感兴趣[小黄人无奈]	1
357	3	竹子当收你不收，笋子当留你不留，绣球当捡你不捡……	2
358	3	像在提到一个和自己抢过可乐味橡皮糖的幼儿园同学(?′?‵?)??	2
359	2	哈哈哈~岳主任你这些70年代的人是懂不起滴~~	1
360	1	恩施大峡谷景区，是八百里清江大峡谷的一段，是由云龙河地缝景区和七星寨景区组成。	0
361	3	现在乐视危机已经全面发酵，扩散到了各个子公司，甚至连员工的信用卡额度也被大幅度降低。	2
362	3	特别节目将于11月2日及9日晚19点30分在CCTV-3央视综艺两集播出。	0
363	2	虽然知道是新修的，但中国各大楼阁那个不是几兴几废，废而又兴！	2
363	5	（2010年9月来此）	0
364	1	@Hakunamatata童鞋 我去， 国考浙江省的职位，没我能报的……	2
365	2	菜式还不错呀，对面的松鹤楼天天包场办酒席的~	1
366	3	@中国电信江苏网厅 端午节，你送福粽，我送流量。	0
366	4	江苏天翼用户，摇一摇手机，获30M流量；	0
367	1	哎哟，我还以为你骑着自行车给外公买小笼包呢	1
368	1	一大早就跑来了南京总统府，那真是是游客人山人海。	0
369	1	商业步行街，纯商业气息，然后会有几道门，里面有很多的品牌店。	0
370	1	才出门1天就大肚子了？谁干的？恼死我了！	2
371	1	亲，我知道你是香橙，把号还给我们好不好，	2
372	4	两条神木群步道很长，也是在阿里山最耗体力的地方。	0
373	1	我有这个色呢，你啥时候来带给你抹抹，嘿嘿	1
374	2	阿拉等些还要夜生活莱，伐帮弄个种退休老妈妈	2
375	2	偷人还喊这么大声？你这是抢人还是偷人啊？呸！	2
376	2	【男子偷电瓶被发现10秒跑了100多米】	2
377	2	没错。。。如此更应该加快同性婚姻合法化的脚步	1
378	3	@刘攀理 @胡掌门 路过到您老家了，我在这里:	0
378	5	|青州站 青州站 中国山东省青州市 地点详情 803	0
379	2	我怎么没听说？那时她已经搬走了，我们还在原地啊！	2
380	1	前门大街是商业街，街西边有大栅栏，街东边的鲜鱼口胡同有老北京美食街，往南有台湾街。	0
381	2	\\@艾兔兔2800745225 : @absen-li  @艾兔兔aJ 分享图片 兔兔的端午节	0
382	3	在西班牙时，经常看两队比赛——曼联和阿森纳。	0
383	2	恩，2011年地开始啦，今年的会更大规模哦！	1
384	3	\\@Muggle瓜 : @崔家的崔崔 贝克汉姆不是四个儿子吗？	0
385	1	【早新闻】九成乐视手机维修点停工，有店主称两年来从未结算；	2
386	2	那个你哥的电话还没有告诉我，赶紧发私信过来。	2
387	1	浦东景点聚点，有东方明珠、海洋馆、昆虫馆等景点，还有很多商业。	0
388	1	\\@RITA糖 : 转发微博  @人大出版	0
389	1	9.19到巴丹吉林沙漠，额济纳，目前两个女生，求拼车结伴，请加WX：zxy13538404835	0
390	3	龙虾入锅，加十三香，鲜辣椒酱，酱油继续炒；	0
391	1	很少看你穿这么爷们啊，在我心中你一直是女神的。	1
392	1	西湖十大景点之一，不过我总是见不到这么美的画面。。。。。。。。。。。。。。	2
393	3	九成乐视手机维修点停工有店主称两年来从未结算。	2
394	5	赛后检查，他左腿腓骨骨折，基本无缘参加决赛。	0
395	1	妈呀是大合唱还是各唱各的呀~太环绕立体声了	1
396	1	\\@育儿视频 :转发微博  @新浪体育	0
397	1	布达拉宫的夜景，蓦然回首，那人就在灯火阑珊处。	1
398	5	【赵本山宣布因病退出2012年央视春节晚会】	2
399	2	哈哈哈你的臭袜子如果给虎子闻了，他是3秒内昏倒的！	1
400	1	1990年10月份去的滕王阁，登上腾王阁，赣江的风景尽收眼底！	1
400	4	在哪个年代，由于交通不便，只能是去去那些在城市里、或者城市周边的景点；	2
401	1	漓江碧水，两岸山石，一路下去就从桂林到了阳朔。	0
402	6	据悉，Angela还将和李谷一合唱歌曲。	0
403	1	还是曺圭战斗力比较强高材生可不是白叫的！	1
404	1	\\@Ryan被别人注册了 : 相见~~~~	0
405	2	还笑，我准备去下方便面，发现方便面也没了	2
406	1	在拉萨城北面的山腰里，始建于明朝永乐年间，有三个扎仓。	0
407	4	”他表示，没有央视的二十年春晚，就没他今天。	1
408	2	生活是一種態度, 你＂選擇＂了什麼方式?	0
409	2	恩！气死我了！中国这个社会就没有不黑的！	2
410	1	我也做了这个'把标题做成伦敦敦伦事儿多了	0
411	2	【One Moment In Time（那一瞬间）】	0
412	4	股权质押：洲际油气股价跌破一部分质押股权的平仓线，资金??	2
413	1	附议附议附议！所以新华社这不是粉你了咩~	1
414	4	@冯小刚 @吕逸涛-俊霖 @于蕾-于芳懿 @宝珩-nathan @丁丁丁雪玲 @我不是张小妙 @姜小滨之与时间赛跑	0
415	10	#Thousand Snakes Dance#	0
415	11	from an opus from Zhang Jigang will be on	0
415	13	Spring Festival Gala!	0
416	1	二维码买票是38元，我们在APP上买是33元/人，买第二张是36元。	0
416	3	还参观了复园、总统府办公楼（子超楼）、孙中山起居室、孙中山临时大总统办公室。	0
417	2	哎~真是看破红尘,到时候我去做尼姑算了~	2
418	4	@sonatamo 伦敦的兄弟，春晚开始了！	0
419	1	\\@南方都市报 :正在进行的央视春晚新闻发布会上，@冯小刚 发言表示，他会从观众的角度和好恶选节目。	0
420	6	伦敦奥运会男子体操团体决赛展开了争夺，中国选手张成龙 、冯喆、郭伟阳、陈一冰、邹凯携手出击！	0
421	6	@Unclehou 看春晚，你现在嘴里吃的是什么？	0
422	1	#CCTV-5~2012年伦敦奥运会游泳决赛#	0
423	4	没有任何邀约安排，下班后就是她复习《申论》与《行测》的时间。	0
424	1	真的假的？梅艳芳肯定打过，不也因这病死了！	2
425	2	中国选手王明娟在刚刚结束的伦敦奥运会女子举重48公斤级的比赛中以抓举91公斤，挺举114公斤，总成绩205公斤夺得金牌！	0
425	3	这也是本届奥运会举重比赛的首枚金牌，中国奥运代表团的第二枚金牌！	0
426	1	临近傍晚到达总统府，没有进去，在门前照相走人，也算是到此一游。	2
427	1	8月8，9号去巴丹吉林沙漠，目前一人，有同行的请联系我。	0
428	1	人并不是很多，海很漂亮。	0
428	2	这几年看过很多海，却很久没有去海里游过泳。	0
429	3	晴日碧海蓝天，阴雨天海天浑然一色，身处其中似乎是另一个星球。	1
430	5	目前，东京正与马德里、伊斯坦布尔争夺2020年夏季奥运会举办权，国际奥委会将于9月7日进行投票。	0
431	1	去漓江，也是在下面报团，150/人，包接送。	0
432	7	原文评论[323]转发理由:贾跃亭应该是早就料到有今天的结果，所以拼命的吹乐视汽车，想借此融资来度过难关。	2
433	2	我们踏着自行车，走过了苏堤，白堤，踩过了夕阳与月光。	1
434	1	去的时候已经封闭了，坐游轮太贵，于是就远远观望了一下。	2
435	2	诗书路民国建筑被拆除事件已经第7天，开发商(丽丰控股)依然没有回应。	0
435	6	【广州：一年前曾发文叫停 民国建筑还是被拆了】	0
435	9	街道办表示，拆除时正值端午节，他们毫不知情。	0
436	2	里面设有不少专题史料陈列展览，很值得一看。	1
437	2	前两年是创业板的天下，买乐视的人都号称自己是价投，去年开始到今年上半年是大蓝筹的天下，然后买茅台和银行保险的人都称自己是价投，甚至茅台任何时候都可以买这种言论也出来了，最近托强大的供给侧改革的福利，周期和有色??	1
438	1	语文老师说他明天要去祖国的心脏去教研，同时也要献份力，多去吸收吸收雾霾，	2
439	1	古德寺关门的时间夏天是五点哦，并不是六点…	0
440	7	原文评论[52]转发理由:最大的资产就是一个股票！	2
441	1	早起的大风赶快刮走雾霾，感冒感冒定要快点好	1
442	12	//@股道热肠也:让利用规则，玩弄证券市场于股掌之间的人付出代价。	1
443	1	这是我家的第一辆车，牌子是迈腾，一汽大众生产的，黑色，外观很漂亮。	1
444	2	是啊，这是我店里的超人气小吃！回国来吃啊！	1
445	2	\\@heaaaaaather : !!!!	0
445	4	\\@minjae0309 : 再mark	0
445	6	\\@F-ORGO : @____阿朝朝	0
445	7	\\@Crystal-catchme : mark！！	0
446	2	我不看，看着流鼻血了，叫我媳妇收拾我呀吗！	2
447	6	关于旅游文化请参阅:桂林漓江风景区	0
448	1	那肯定是跟我比啦...难到还跟江泽民比啊	1
449	1	怎么这样像？我经常叫有中级人民法院传票。	2
450	8	从1996年的Predator Touch猎鹰3代到目前的Predator LZ猎鹰12代，贝克汉姆已代言猎鹰17年。	0
450	11	那些年贝克汉姆穿过的猎鹰，当中有你与这些战靴的故事吗？	0
451	2	Buona Festa delle Barche Drago!	0
452	1	呃……这真的是我每天在办公室看到的你么！	2
453	1	我得过年了，来京游游吧，好久没见到你了！	1
454	1	回复@庄泳joey :和老姐相约2032年！	0
455	1	【贾跃亭旗下价值160亿乐视网股票被冻结：私募申请财产保全】近日获悉，上海奇成资产管理有限公司旗下的奇成悦名，已对乐视控股及贾跃亭提起仲裁，并向北京市第三中级人民法院申请对乐视控股及贾跃亭名下财产进行财产保全#贾跃亭跑路##乐视是庞氏骗局#	2
456	2	门票是捐香火钱，最少8元。	0
456	3	入内有一处哥特式建筑的教堂，教堂前是一尊泰国四面佛，风格独具。	1
457	4	\\@信海光 : 一边看电视，一边拿着ipad互动？	0
458	1	哈哈哈我懂不过我要从现在开始结束我的夜生活噜	1
459	2	我是叫老男人们留胡子，不是叫你留胡子装老男人好伐~	2
460	3	“牙买加闪电”再次包揽奥运会男子100米、200米金牌。	1
461	1	#苹果封杀360#苹果现在怎么烂成这样。	2
462	2	现在名声渐起，工艺品小店越来越多，展览反而越来越少了	2
463	1	我也不知道，但是我知道处女座还算个狠角色哦、哈哈哈	1
464	1	毅行走的，经过千岛湖多吸了几口新鲜空气，感觉身轻如燕。	1
465	3	央视新闻消息，2014春晚主持人名单已出炉，并非网传版本！	0
466	2	汽车喝了酒精乙醇算不算酒驾嘛。把汽车劳教不嘛	2
467	1	改明儿，你家砖多拉点，你就不会这么觉得了、	2
468	2	预产期是11月17日，天蝎座的，美的我。	1
469	1	网媒报道：央视春晚将面向社会招聘总导演 网友：让本山来。	0
470	2	这是我的简介耶，小编，你让我情何以堪啊？	1
471	7	@ve61 @佘小佳 @BOBO韵 @JanEvaViva @假如ME	0
472	1	总统府，历经几朝变迁，由一国的首脑办公场所变为一个大众景点。	0
473	1	抱抱…别想那么多。按着自己想要方式去生活吧…	1
474	4	直到十余年后，出了一个叫梅西的人......  @劏猪佬	0
475	2	嘿嘿，几个人一起去的，他们正巧抢吃的被我拍到而已	1
476	1	我就是为了去看大水法的，那个在课本上出现的断壁残垣。	1
477	6	#1.5G四核神器neken n6 来了#	0
478	2	我已经无数个周末淹没在办公室的漫漫长夜中了	2
479	1	色拉寺坐落在拉萨北郊山下，是藏传佛教格鲁派三大寺之一。	0
479	2	色拉寺与哲蚌寺、甘丹寺合称拉萨三大寺。	0
480	1	杂志天下工作日都播，不急哦，有了网以后慢慢看哦。	1
481	2	哈哈哈，他没档期嘛。下次录制开始又有他喽	1
482	3	继续前行，路过一片油菜花，那是我心心念念的青海湖的油菜花，终于如我所愿，哈哈哈…	1
483	5	不过，中国羽毛球包揽了女子单打的金银牌，金银牌争夺战稍后将在王仪涵和李雪芮之间展开！	1
484	2	除了一年一度的春晚，春节当天还有布拉德?	0
485	2	远远的就看到那道瀑布，顺着水声，一路下到谷底。	0
486	2	来来来我要拍卖金牛男喇！志高者得！趁金牛男还不知情	2
487	1	我也好困的…半夜两点来接得新娘…刚迷了会…	2
488	2	哎哟臭婆子姑姑你又不知道我不经常电脑的嘛==	2
489	1	那么办捏？我们一起克找身在上海的款姐捏。求包养。	2
490	1	这时候的三亚不得跟蒸炉似的啊，婚期订什么时候了	2
491	1	回复@万小刚 :的确，在春晚的噪声中，读完了这篇文章。	0
492	1	布达拉宫广场的那一片水域，在我看来是给布宫加了很多分的。	1
492	5	水域旁的柳树枝映照在水里的样子，变了很多个颜色的感觉。	0
493	7	据悉，贝克汉姆这次来华将分别在北京、青岛、武汉与中国球员、球迷们互动。	0
494	2	什么你的钱包？！那钱包还不是老婆买给你的吗？	2
495	1	总统府位于南京市玄武区长江路292号，是南京的地标性建筑。	0
495	4	其他两边大多是花园居所等。	0
496	1	如果不是先去了望江楼公园的话，或者我会打四星。	2
497	4	在九丈崖的峭壁头上，还造了一个皇冠型的观景台。	1
498	7	原文评论[86]转发理由:乐视的情况就是创业板的一个缩影，正反馈和负反馈是同一个反馈。	2
499	2	从什刹海通往鼓楼，青石砖记录着前人的脚步。	1
500	2	\\@邵小婷072 :转发微博  @赵梁zhaoliang 周慧111:出租车司机问：是跳舞的吧？	0
501	6	[27]公交从南京火车站乘坐 201、202、3、29、44、51、65、95、163、304路公交车均可到达总统府。	0
501	7	乘坐5、25、55、80、9路公交车在新街口或大行宫（大行宫北站）下，穿过南京图书馆也可到达。	0
502	5	除了看到天池，往后面看就看到群山在云雾中飘渺的样子。	1
503	2	走在小雨中的平江路上，古城的风貌，寻找历史的脚步。	1
504	2	不能总在东南亚混不是？就当买了国内的全价票。	2
505	1	1.交通：乘坐公交16路至色拉寺站下车，步行即可，门票淡季25元，旺季55元。	0
506	2	谁知到你们跑那去了我这还有打折卡呢。。。	2
507	1	Derekwang，三星比sony更爱玩外观。。。	1
508	1	挺特别的景点，非常值得一看，进门安检很严。	1
509	2	近日，英国BBC记者在索契冬季奥运会男厕所竟然发现了两个厕筒的厕所。	2
510	2	喝酒的话会被警察拦，喝化妆水就算被查应该也没事	2
511	2	娘了，我住十一楼好发，你以为是2012啊	2
512	6	现在让我们来看下同款，爆料下同款，赢下淘公仔吧！	0
513	1	晚上去别有一番风景，当地小朋友会有表演，我去的那天还有照片展览。	1
514	2	哈哈哈，不知道3d技术是不是发源于欧美呢？	1
515	4	从12：00逛到4：30，走了不少回头路。	0
515	6	二楼只去了一个馆，另一个因为快下班了不让进了。	0
516	3	11月3日，刘翔在井冈山参加备战里约奥运会动员大会。	0
517	3	@狗佛映绿 春晚上的霆锋和@董洁 的今生共相伴到昨天的华鼎奖，11年刷刷的过去了……	0
518	2	\\@韩小暖 : 四年前的《迟到的间隔年》,如今的《间隔年之后》。	0
518	4	那年的你们在哪里，@孙东纯 在呼唤你啦！	0
519	2	那不是……引号里面是胡主席女儿的自述，不是邹的	2
520	1	同感 还日不落 日不完差不多  @新浪体育	0
521	1	回复@潇雪Shiu :建议三方面，一是补弱；	0
522	1	你今天是不是来了四中的啊？我好像看到你了	1
523	1	宁总，我是黄埔一期的。这是我们班的围脖。	1
524	1	我去的话我就是麦霸啦就算不会唱也会把麦攥紧紧	1
525	2	把我惹急了我上石家庄开出租车去肯定特挣钱。。	2
526	1	单烤的已经很香了，加其他东西恐怕会夺味儿吧？	1
527	2	\\@新药研发观察 :呵呵，是这么回事。	0
527	5	过去叫side effect 现在叫 off target。	0
527	9	这一作用和雌激素受体通路无关，完全是off-target效应。	0
528	1	居家过日子至少得有个平底锅和一个烤箱滴。。。	1
529	2	\\@法图麦的妈妈 :  @法图麦的妈妈 海边年夜饭！	0
530	4	3月刊我们将推出贝克汉姆封面，小贝经纪人要求只能在这两张照片中选，美国版（左）和英国版（右）给出了自己的选择，你能帮我们选一张吗？	0
531	2	\\@Rebecca_820 :我也在等	0
532	1	挖色镇位于洱海东部的一个小镇，离双廊很近。	0
533	6	金童玉女终于在十年后再度携手，唱起《在我生命里的每一天》，他们的上一次一同登台还是在2002年。	0
534	7	@NikeRunning @NikePlus @Nike上海	0
535	1	\\@小草开花456 : 转发微博  @徽商故里大酒店	0
536	2	离市区较远，长途汽车一个半到两个小时车程，路窄弯多。	0
537	1	土楼人也太不见外了，麻将桌上就这么把茶泡开了	1
538	1	如果他还在，给我带包原味瓜子回来，或者开心果	1
539	2	\\@我是袁也 ：那你约李菊，我去观战，他号码没变	0
539	4	\\@我是袁也 ：@李星宇Stars 干起！！	0
540	1	灵山大佛，马山秦履峰南侧，1997年建造而成。	0
541	1	一共提供15个预定的位置，已经被抢光了。	2
542	2	经历了三次高层换血，此次彭刚的离职，意味着易到中已无乐视关联人员。	2
543	2	丫头我们七号集体唱歌去，你给咱好好唱几首	1
544	2	你还抽烟喝酒？我一直以为你不抽烟不喝酒来	2
545	2	没有看到红嘴鸥，其它的风景一般般，没有比其它公园好太多的地方。	2
546	1	不收费，现在小店比较多，晚上有篝火晚会，有很漂亮摩梭族姑娘。	1
547	1	面窝真是太久没吃到中间有脆皮的那种了，哎	2
548	2	你是问中学生还是某些人？中学生是，某些人嘛，你懂得	2
549	1	每天到这个点这是醉了[呵呵]黑眼圈就像特浓抹的样！	2
549	2	微微子惆怅，，，雾霾实在太严重了[月亮][睡觉]	2
550	2	提早在网上订好了筏工，从杨堤—兴坪全程，直奔阳朔北站坐车去码头。	0
550	7	两岸蒙上烟雾色，飘渺如画。	0
551	8	\\@SPRITEFALL : 我也加五十！	0
551	12	#我出5塊錢誰來幹掉倫敦奧運的傻逼裁判#	0
552	6	@Hellovivivi 公司发的端午节礼品。	0
553	4	【Victoria Beckham 将设立纽约办公室】	0
554	2	我这不是在吊念你嘛你竟然先我一步去了屠宰场	2
555	1	说到底，这么多年了，已经习惯了过年的方式。	0
556	2	\\@BonjouRafa :oh my gosh...  @CCTV5体育新闻	0
557	1	不要太桑心了~我昨晚也叫了，是看恐怖片吓的~	2
558	4	\\@Lior裤子的Lee3456 :卧槽！！	2
559	2	\\@chooyaw :对是从肚脐开始的  @gogoboi	0
560	2	今天还能订到24号的票？！你买的黄牛吗？	1
561	2	怎么可能我会是那种人么为了几瓶酒把你卖了	2
562	3	码头离市区较远，目前没有到达码头的公交车，只能选择跟团或者打的到码头。	0
563	1	看看，  @4A广告提案网 杜蕾斯关于奥巴马连任主题微博，7个小时7级传播！	0
564	3	幸好有雾，经常看不到谷底，不然肯定尖叫声一片。	1
565	1	金秋十月，本该秋高气爽熟知，只有雾霾笼罩置身于灰色恐怖之中，蓝天白云，竟然成了伟大首都难得的奢侈品盼望西风早刮，寒气快来，也许是京城环保最有效的祈祷	2
566	2	\\@法医秦明 :@CSI林涛 后面两集我忘记让你出场了。	0
567	12	@饼干香又脆 @Ekin-Du @張尛白-	0
568	3	今天是2014年国家公务员报名最后一天。	0
568	6	via@扬子晚报 新闻播报 话题详情 85	0
569	2	是呀！北京虽然也好可是那里没有我啊！嘿嘿	2
570	2	贾跃亭通过乐视控股持有的1194万股（占公司总股本0.6%）也全部被冻结。	2
571	3	延伸到海里的那条路也在这里，只是水淹住了，听说夏天会露出来。	0
572	7	\\@应钟_火火刀 : 转发微博  @伦敦同城会	0
573	3	国务院通知：端午节放假如下——6月22日~	0
574	3	此路段一侧为山，另一侧为海，水天相间，四季皆景。	1
575	2	我们在门口租了四个讲解器，80元，租了还是挺能了解下历史的，出去的时候还了就行了。	1
576	1	雾霾天看灯展，别有番情趣，还顺便看了月全食，红月亮好漂亮！	2
577	2	\\@kelejiabing : 我勒个去！	0
578	5	第一天下午安排七星寨，全程步行21000步，游览了四个半小时。	0
578	6	第二天早上云龙地缝，游览一个半小时，步行6000多步。	0
579	1	平江路之于苏州城，有点像石库门之于上海。	0
579	9	至于摇橹船，苏州乃至周边的水乡中，大多配备这样的游船，也就见多不怪了。	0
579	10	更况且，就那么一箭之地，乘船也不会过足瘾，不坐也罢。	2
579	11	还是路之尽头等候游客的黄包车相对更靠谱些，还原的更实在。	1
580	2	今年由乡城而来的路上被震区的飞石击中了车子，福大命大，还会再来。	2
581	6	\\@俞阁1187 : 转发微博  @扬子晚报	0
582	1	整天在家没事干起针线活了阿你自己瞧瞧成咩样	2
583	2	我叫你买车么不买，我到那里去弄车子来接你！	2
584	4	\\@英国那些事儿 :这里还有更多的BBC....  @Tacitee	0
585	5	2013年,萌妈萌爸全家亮相BTV春晚。	0
586	2	远？高铁这两天您就别坐啦。但还有一种交通工具灰机呀	2
587	10	”，红红的苋菜拌饭金不换的啊 by@南京发布	0
588	1	貌似还有蛮久的咧…不过日子数着数着也就过了的	2
589	4	濯淖污泥之中，蝉蜕于浊秽，以浮游尘埃之外，不获世之滋垢，皭然泥而不滓者也。	1
590	4	\\@杨凯Altair :明明发给我也不会去看	0
591	1	[舔屏]点赞回帖是一种美德[赞啊]发布了头条文章：《周五股市内参》#财经头条文章##原创首发##微博时评#$上证指数sh000001$$创业板指sz399006$$万达信息sz300168$$乐视网sz300104$周五股市内参?	1
592	2	第30届夏季奥运会将于北京时间7月28日3时12分开幕，开幕式将在位于伦敦东区的斯特拉特福德奥林匹克体育场举行。	0
593	3	\\@位子微博 :无  @张闻儿 江苏卫视春晚ing	0
594	1	求一个··········@长春苏宁 @长春交警 @长春晚报 @长春新东方 @蔡康永  @亚马逊	0
595	2	此贴只能意会不能言表~或者让你婆婆解释给你听！	1
596	2	小荣哥在网上订了锦江之星的房间，让我们去旁观哦！	1
597	1	这座巴洛克式建筑在1919年建成后，一直是日本台湾总督统治的象征。	0
597	2	建筑师为森山松之助，台湾的很多官厅建筑出自他的设计。	0
598	4	台大挺大的，我们就逛了一下离门口比较近的学院，基本是文科的学院。	0
599	2	对于我们年轻人来说，故宫的确，文化气息很浓，但是游玩的话，还是太累脚了。	2
600	2	逛逛商业街，喝一口大碗茶，曾经是多少北京人的记忆？	1
601	1	\\@一苆随缘2010 : 端午节在太空也有粽子吃  @围脖图文画报 神舟十号——	1
602	5	伦敦奥运会主办方已向朝鲜奥运代表团官方道歉。	0
603	2	我要先去陆家嘴嘛，金桥那破地儿有没有打印店?	2
604	1	回复@手机用户2648660787:你开什么玩笑！	2
605	2	如果贾跃亭真的失败了也是正常的，事物的成与败本来就是各占50%，没有人敢于担保一定成功。	2
606	3	\\@reneezhe :  @呼市每日最新闻	0
606	5	赵本山戏逗刘翔赠给刘翔对联一副： 上联：赚了八年广告费 ；下联：骗了两届奥运会。	0
606	7	欧也.刘翔听后回赠本山大叔： 上联:大款演农民上了二十年春晚台；	0
607	1	千岛湖有很多湖区，中心湖区，东南湖区，西南湖区。	0
607	2	基本上一天只能选择一个湖区游玩。	0
607	3	一般人去千岛湖，会选择中心湖区或者东南湖区。	0
608	1	哈哈哈，那等于是我们赶到这个时间节点上面了哟！	1
609	2	多穿点衣服啊！不然感冒的滋味可不好受啊！	2
610	2	老伯伯刚阿拉两年席豆起切顾额，比古猗园的好切	1
611	2	是啊，，感觉金苹果的这个活动还真是很给力啊	1
612	10	4、我老婆是对面的加油站，方圆一百米是雷区。	0
612	11	5、儿子你是从地方台还是中央台穿过来的啊？	0
613	2	那准备去哪里呀，不会真的去火星吧，那里没有老黄啊。	2
614	2	我觉得你在你们班肯定算班花了，算不算系花啊	1
615	6	拿起手机，@百度移动搜索 ，除了看节目但还能看现场直播！	0
616	1	天津的意大利风情街，品味津味文化和美食的好去处。	1
617	2	就是不是好歌！歌词挺夜店得！但唱的特韩范儿！	1
618	1	转发了Wind资讯的微博:【乐视再遭冻结160亿！	2
619	2	我要登机了！你务必联系到她！然后发我短信！	2
620	4	#Celine将参加2013蛇年春晚！！！！#	1
621	6	别人看点火，日本代表团被带场外思考人生；	0
621	8	女子蛙泳颁奖，立陶宛国歌放到一半没声了；	0
622	1	离太阳最近的地方指的是拉萨，也指的是布达拉宫广场。	0
623	1	\\@头条新闻 :转发微博  @新浪娱乐	0
624	2	是手机啊'夜嘛嘛跑去中华广场重装过'激死我!	2
625	5	今天21:30《体育世界》，将带您一起围观。	1
626	8	桂林漓江风景区全长 164公里， 著名景点 象鼻山、独秀峰、叠彩山、芦笛岩、七星岩、九马画山、黄布倒影等。	0
626	10	门票价格 旺季（4月~11月）：210.00元 淡季（12月~3月）：190.00元；	0
627	1	捂脸……我前几天还骗了睿睿给我买了面包吃	2
628	3	从奥运会开幕前6天开始到9月9日残奥会结束约7周。	0
629	8	“端午”本名为“端五”，是阴历的五月初五。	0
630	2	我不是愤青。。。我就是随口一句玩笑话而已	2
631	2	同时这里也曾是明代的汉王府，太平天国的天王府，清代的两江总督府..	0
632	2	双腿截肢的奥运会赛跑选手奥斯卡·皮斯托瑞斯将于周五出庭,他被控于周四凌晨在位于比勒陀利亚的家中枪杀了自己的女友。	0
633	6	这次的项目有：体操、游泳、足球、排球、乒乓球和拳击。。	0
634	3	门票40元/人，我们60岁以上老人半价，很值。	1
635	2	陪着家里的人看，有的打牌，我就陪着其他人看！	1
636	2	你个农民跟你没语言了！还哥们呢！不了解我！	2
637	1	【业内：贾跃亭应该和银行多沟通，还利息留住本金】“乐视非上市公司体系的资金，反而比危机刚爆发的时候更加紧张。	2
638	2	在双月湾边上租了半栋别墅，自备了烧烤食材和烟花。	0
639	2	你以为真能放假呀，没准单双号变成周行两日。	2
640	2	如果不是那一天的话还是不要去了，戒备很森严基本不能靠近。	2
641	1	人生是条被雾霾充斥的道路，无论怎么小心地去走每步，还是看不到脚下选择的方向到底是对是错	2
642	1	这么激动人心的场合怎能没有我去见证的呢？	1
643	5	\\@Ofhumanbondage :就是这个老人啊！	0
643	6	@踩出一个世界 @小明不死  @吾爱全球签证中心	0
644	2	我现在只记得我好像抱着老公的臭脚睡了一会儿	2
645	1	额济纳自治旗位于内蒙古自治区阿拉善盟额济纳旗，地外巴丹吉林沙漠。	0
646	2	五月就拿到了是她的我只是感受下实物哈哈哈	1
647	1	看那架式那手势，倒像是在舞台上指挥乐队演奏。	1
648	1	\\@黄浦工商 :万里挑一  @上海工商	0
648	2	【2013年国家公务员考试公共科目今日开考】	0
649	3	Keep Calm and Love Lee Min Ho。	0
650	2	感受过漓江的艳阳高照、烟雨迷蒙、雨过天晴；	0
651	1	刘姝威2015年就说乐视有问题，中国还是有人发布做空报告的，只不过估计没挣到钱，2001年发布600字蓝天股份的做空报告，蓝天股份破产，只得一个感动中国年度人物。。。	2
652	1	#全国雾霾#该死的雾霾让我看不清你的脸[泪流满面]	2
653	1	相比于南昌的景点，这个地方算是人多了，但是相比于祖国各地，这里的人还算少了。	2
653	3	但那又有什么关系呢？	0
653	8	正因为去过那两个楼，我对登楼凭吊是很有一番感触的。	1
654	1	$创业板指sz399006$乐视网复牌之前创业板不会走的太好，以谨慎为好?	2
655	9	原本，春晚导演组将赵本山的小品定为攒底节目。	0
655	11	两个方案摆在面前，一个是冯巩，另一个则是黄宏。	0
656	2	真的不是这张你等等再十分钟我就发我一堆的自拍~！！	2
657	2	不单单是喝茶得，貌似是自助得，你网上看看	2
658	1	浅水湾，就是所谓的富人区，就是一片沙滩，没带泳衣，就在沙滩上走了走，感受感受就回去了。	2
659	2	【烟花十月下扬州 14】	0
659	3	2010.10.05 露滴梧桐珠玉溅http://www.mafengwo.cn/i/8779046.html	0
660	1	为老吉投上一票  @曼联吧官方微博 吉格斯再次被提名为2011年金足奖候选人。	0
660	3	其余候选人还有贝克汉姆、布冯、卡西利亚斯、德罗巴、埃托奥、普约尔、劳尔、哈维和萨内蒂。	0
661	1	你不是还没出月子呢么，月子里家里不能去外人。	2
662	1	各个地方台录制春晚的消息此起彼伏，年越来越近了。	1
663	5	与佛祖对望而视，会觉得佛祖一直在看着你，深有一种“佛法无边”的体会！	1
664	1	最开始是雍正的王府，当皇上以前住的地方。	0
664	2	后来五世达赖来北京觐见，雍正就把这座院子送给了达赖喇嘛。	0
665	2	你的脸简直就是从倭瓜脸上移植过来的!!!	2
666	1	【“证券之父”踩雷乐视：拉锯半年申请财产保全__网贷资讯_网贷之家】乐视风波仍在发酵，讨债大军也迎来了“踩雷”私募的加入，有“中国证券教父”之称的阚治东和其控制的上海奇成资产管理有限公司(下称“上海奇成”)尤为引人注目。	2
667	3	昨日，住建部城市建设司综合处处长赵健溶率领的住建部考查组，结束对我市为期3天的现场考查。	0
668	2	淹不死，剩没多少了，你不抓紧时间就没了。	2
669	2	这个只能在电视上看到呢，现场肯定不能听到呢	2
670	3	而且坐在包厢揽车上可饱览空中移动画廊，天界触手可及，简直就是“一步登天”！	1
671	3	\\@Prince_AK : 看看  @天津生活情报	0
672	3	值得提出的是，这并非贾跃亭首次遭到财产冻结，自去年11月乐视陷入严重的资金危机，就有多家??	2
673	1	我也没买到不过今天晚上听说美廉美明早八点半有盐	1
674	1	步行至不远处的总统府，走进这承载着我国近代史沉浮的门楼，开始感受风云变幻的历史浮沉。	1
675	1	27号去北京，呵呵帮帝都人民吸掉点雾霾[挖鼻屎]	2
676	2	这竟然是我围脖第1000条评论，天意啊天意！！	1
677	1	到时候打电话给我，我啷个晓得你们得不得又变	2
678	2	对文革的妖魔化，正是对自己智商的妖魔化。	2
679	5	滕王阁始建于唐永徽四年，为当时任洪州都督的唐高祖李渊之子李元婴所建。	0
679	7	现在的滕王阁是1985年按照梁思成绘制的《重建滕王阁计划草图》重建。	0
680	1	镜泊湖在冬天会冻的十分结实，车子可在冰面行驶。	1
681	1	哎呀100得啦回来过年还要买两件衣服给老爸老妈	1
682	4	因为工作的事情去过柳林两三次，还记得不？	0
683	2	??88/89路公交车??直达，车站就在景区大门口附近。	0
684	2	我刚刚到本来这路程也就十分钟尼玛的我一个小时！！	2
685	1	乐视12亿资金被冻结后，乐视的非上市公司业务将进一步收缩，甚至空壳化。	2
686	1	【乐视帝国：贾跃亭家族至少撤资100亿】他已经失败了一百多次。	2
687	3	拉住一位正在收拾椅子的工作人员一问才知道今天在搞母亲节活动，内部参观被临时取消了。	2
688	3	\\@夏村支书还有8天成年阿鲁_Jin : 卧槽！！！！	0
689	4	千呼万唤始出来，六月刊最终选择了贝克汉姆和弗格森这对师徒同登封面。	0
690	1	没有进入沙漠腹地，只是因为八道桥和巴丹吉林沙漠接壤，所以才会去的。	0
691	1	这个故事别人信不信,由他,反正我是信了！	2
692	2	法院裁定，冻结贾跃亭名下5.1亿股乐视网股票，以及乐视控股1194万股乐??	2
693	1	啊哈，完全唔似毕业旅游噢，似系你地两个嘅蜜月游喔	1
694	1	震感怎么样啊？对啦，你家李茜怎么总不出现啦	2
695	1	【2012年国考职位表官方excel表格】	0
696	2	【今日端午：东部南部有暴雨，22-24度】	0
697	7	@湖北公务员考试 国考交流群4：216407642。	0
698	9	郭德纲于谦首次登上春晚舞台表演相声笑料足；	1
699	2	砸掉锁，换上咱的锁，让别人研究万能钥匙去吧。	2
700	1	海航是什么公司啊……你一个人跑那远好羡慕啊哈哈哈	1
701	1	总统府分为三个区，中区是国民政府、总统府以及所属机构；	0
701	2	西区是孙中山的临时大总统办公室，秘书处，西花园及参谋部；	0
701	3	东区是行政院旧址，马厩和东花园	0
702	1	转发了新浪科技的微博:#乐视系12亿资产被冻结#【非首例！	2
702	2	六地方法院曾多次冻结乐视系资产】国家企业信用信息公示系统显示，乐视影业（北京）有限公司有14笔司法冻结，除了今日被媒体曝光的上海高级人民法院冻结的乐视控股持有乐视影业股权外，还有13笔其他冻结，涉及到全国的六大地方法院。	2
703	2	我自从弄散蛋就忘了弄荷包蛋的习惯了。泪啊	2
704	2	\\@森屿暖树0701 :转发微博  @summer陈霞cx	0
705	2	爷辈刚起孙辈才睡，总和不上，这日子怎么过？	2
706	1	我们目前定期捐给壹基金的和这个红十字会没关系吧？	2
707	2	@七七_丫头 @triples_梦曦 @海小小蛰 @青春追梦到天涯 @角落中的盒子  @路透中文网Reuters	0
708	2	那可真是劲道，有嚼劲，非常适合磨牙，以及练习额骨肌肉群！！！	1
709	2	就是到最后你才安静下来了之前一直笑个不停	1
710	1	来漓江吧，在烟雨的四月，时而下雨，时而放晴。	0
710	2	让你感受不同境况下的漓江。	0
711	9	等着分针指向“3”，结果呢，还要搞个闭幕式一刚…	0
712	6	观众之所以看不到他拄拐是因为导播镜头切换的效果。	0
713	1	初到雍和宫，第一印象，烟雾缭绕！	0
713	2	雍和宫看名字就应该猜得出它的来历，它是雍正在登基前的住所，后被他儿子改为了供佛的地方。	0
714	1	这是一个吃核桃的季节，我为此忙活了一个中午	2
715	2	里面好像有个什么不太好…至于吃萨？康泰克？	2
716	1	冬季西坡滑雪11年3月11-12日门票400包括滑雪 在粉雪上滑雪飞的感觉！	1
717	2	\\@自由的conday : @中国长安 @封士明 @漂流木  @长安汽车	0
717	6	2013第65届法兰克福国际车展于9月12日-9月22日在法兰克福会展中心举行。	0
718	2	如果知道这在世界的哪个角落，记得告诉我啊	1
719	2	虽然飞走了，但还是留下了痕迹，你没看出来？	2
720	2	不但淡季有个缺点就是有些地方会维修，看不到	2
721	5	展室里陈列着梁启超的书信、书籍、历史文献以及活动照片等。	0
722	6	\\@Real__Fantasy : 回复@楠小萧 :求上春晚！	0
723	1	是，就是在你家买的啦，衣服到了，我穿的了	1
724	3	\\@张成晓勇 : 2013，@李鸣宇 年！	0
725	2	一、6月22、23日东西冲海岸线穿越:80元 二、6月22、23日坝光打渔单车泡潭子:99元 三、6月23-24日鲨鱼涌沙滩露营、烧烤:168元 四、6月22-24日厦门鼓浪屿：468元 [7月起鼓浪屿收门票100元以上]	0
726	1	倪萍是那个年代的回忆，今天和以后是不会再有的，她像家里的姑姑，姥姥家的舅妈。	1
727	1	\\@土作的男人 :转发微博  @ML那些事 一男彻夜未归。	0
727	6	冻得直哆嗦，妻问：在车内，何故冻成这样。	0
728	1	建议进去后直奔右侧老法门寺，也就是珍宝馆。	1
729	2	据说现在不是猎人党会干这事，土著党比猎人党更甚啊！	2
730	5	终于在18:30它打烊前买到了一盒奶味超纯的冰激凌。	1
731	1	哦我进的是同城微博我以为你在我去过石家庄	1
732	2	\\@张超-daly :无  @财经杂志	0
733	2	当天下午我们还去了藏族家访，尝了酥油茶 吃了藏餐。	1
733	3	等待着第四天的行程了。	0
734	2	有人写这个看哭我了，555555555555	2
735	2	这样啊，那回去我研究一下，不然我没网上会手痒啊！	2
736	1	因为不是看红嘴鸥的季节，所以觉得就是一般的公园。	2
737	6	活动截止6月10日，别让谁动了你的礼物。	0
738	2	真的是不能坐在办公室里啊，吃完这个吃那个	2
739	1	广场夜间有喷泉，但我们去的那天，喷着喷着就下起了倾盆大雨。	2
740	1	让自己参与到孩子的世界里，他才更懂你的语言。	1
741	5	另外，南山寺的素斋是闻名于世界的，南山三大素斋餐厅：海景素斋餐厅、缘起楼素斋餐厅和禅悦苑素斋餐厅。	0
742	2	恩，我当场就否决了他250的想法~~哈哈哈	2
743	4	(拍摄者:wzycmn)”照片中，一位身着国安队球衣的白人坐在伦敦的草坪边，不知是在等人，还是在思考人生？	0
744	1	@the_beijinger Olympic Expedition Day 32-38	0
745	1	今天凌晨1点的北京，成功让雾霾占领根本看不到远处的风景	2
746	2	\\@齐柏林飞船 : 回复@半碗粗粮 :cuan	0
747	2	刚脑子没开窍不过事实照那样算的话真的就太坑了	2
748	2	因此请挑选人少时，细雨蒙蒙时，烟笼轻罩汉江时，去怀古吧。	1
749	4	@meteor星雨 Hello, everyone!	0
749	7	I always think that English is such a wonderful language。	0
750	2	因为头天我就睡了一天，可不夜里睡不着了么~哎~	2
751	4	\\@怪才老顽童3 : 我流着热泪看这段，想起很多很多往事今况……	1
752	5	原文评论[76]转发理由:要想不归零，就得早布局，不管是辛苦赚的还是非法骗的，都得跑，美其名曰海外投资，贾跃亭在美国一条街上就六幢海景别墅，就是聪明人。	2
753	1	刚哥看着李玉刚，告诉我这是杂技  @央视综艺	0
754	1	到那时有一种错觉，有一种到了江南水乡之感。	0
755	1	故宫不用说了，中国的历史就靠它来撑着了.....	1
756	1	总统府算是去南京必去的一个景点，怀着对民国时期的一种情怀，参观了总统府。	1
757	5	\\@崔自默 :回复 @侯宁 :me tooo。	0
758	2	原本持仓4100万股，二季度卖了10万股！	1
758	8	资料显示，贾跃亭在2017年1月14日将1.71亿股乐视网的股票卖给了天津嘉睿汇鑫企业管理有限公司，使后者成为了乐视网的第二大股东。	1
759	1	顺着路且走且看，感受人文的水乡，不时身边就会有唱着曲的竹筏划过。	1
760	2	\\@考古中国网 :转发微博  @中国考古网	0
761	1	曾住过一年，但当年没有种树的，好像天桥也拆了	2
762	1	总统府只能拍到这么远的角度，因为刚好在没人上来阻止拍照。	0
763	2	我还真的已经吃到嘴边了才发现的，，，哎哎哎	2
764	6	\\@余文樂可樂团 :最后二日的端午通緝！	0
764	12	爆一个猛料给你哦：@余文樂 即将在6月23日，沈阳中街新玛特，与可乐们共度端午节哦~~	1
765	2	【明晚9时泉州市木偶剧团亮相《直通春晚》角逐春晚名额】	0
766	1	束河古镇感觉比丽江古镇有感觉，可能是人少一点的原因。	1
767	8	南京的总统府的历史最早可追溯到明代。	0
767	9	明初的归德侯府和汉王府，清代被辟为江宁织造署、两江总督署。	0
767	10	清康熙乾隆南巡时又均以此为行宫，太平天国时期定都天京又将其扩建为天王府，屡败屡建。	0
768	4	你看有一个游乐场，还有三个小伙伴在玩耍，不知不觉，我的脚步就走了过去，留下了回忆！	1
769	1	我们自驾从昆明到丽江，大理放在了旅途返程，昆明到丽江的中点站放在了挖色，做一下停留，吃个饭休息一下。	0
770	2	那以后睡你旁边的人怎么办，老是半夜被你帅醒也不对啊	2
771	2	我知道哎!我可是看着他们两是怎么在一起的哟	1
772	2	还记得去年春晚上各部门的兄弟姐妹们演绎的《猫》么？	0
773	2	【2013年国家公务员考试报名序号查询入口】	0
774	8	no commercial use. Take with full credit. 播放 13	0
775	3	20130126 cctv网络春晚录制 鹿晗	0
776	6	据@新民晚报新民网报道 贝克汉姆今天下午造访同济大学，引来大批粉丝围观。	0
777	6	上学时学了那么多关于黄鹤楼的诗词，如今也一睹真容啦！	1
778	5	之前，张国立的浙江常升影视制作有限公司以近3个亿的代价加盟华谊兄弟。	0
779	7	不同的是，今年是春晚三十年，三十年的历程将在今夕重现。	0
780	2	信他就怪了昨天晚上又是吃到饱才睡觉！！！	2
781	2	随处可见的便衣警察（导游介绍），足见其地位。	0
782	2	2.　春晚安检挺严，填充物是不能带进场的，即便你是林志玲。	0
783	1	布达拉宫广场的布局和天安门广场很像，和布达拉宫之间有宽宽的马路。	0
784	2	分析：早就以团票价购买了票，再时价零售，赚差价，还可嘎苗头，说不定逮着几个冲头，还可加价。	0
785	2	完全公车司机的个人行为，偶的车是停着的。	2
786	1	泸沽湖景区里其中的一个村落，但里面基本上很少当地摩梭人了。	2
787	1	大足石刻位于中国直辖市重庆大足区境内，它是唐末、宋初时期的宗教摩崖石刻，以佛教题材为主，儒、道教造像并陈，尤以北山摩崖造像和宝顶山摩崖造像为著。	0
788	1	留下回忆的地方，终有一天还会再去，把那些回忆找回来。	0
789	6	\\@Sapphire_随源 :老崔来一起看春晚～	1
790	6	原文评论[35]转发理由:A50指数行情正是说明了当下处于熊市中机构投资者抱团取暖寻求内心安全感的投资心态，对于贵州茅台、中国平安和招商银行等公司的A股交易标的，实质上是反映了在熊市中大家对于未来现金流稳定性的强烈需求。	1
791	5	"Beckham: 'It's the right time to finish my career' [via ITV] """	0
792	1	网上团的票55元，换票的时候发现团的是60元的票，多了一个紫砂壶展，不过不要这个展览，门口现场买票才50元。	2
793	6	\\@RahRahRah :蹲坑还是坐坑呀？	0
794	2	\\@宋晓阳 :@白羽小白  @新浪传媒	0
795	2	所以屁颠屁颠的从水果湖坐车过去，对，就为了看草。	1
796	1	上海乃至中国的金融中心，这个遍地摩天大楼的区域……	1
797	1	#广东无雾霾#想念我我大广东了[泪][泪][泪]	1
798	2	你啥时候给我打电话了？我昨天电话坏了没反映	2
799	2	这个你也问怎么昏进我们学校的一嘴杨村调的普通话	2
800	1	"""24 May to Birmingham, 我们去看吧！"	0
800	3	有中国同学去应征火炬手么？	0
801	7	\\@八口八口 : 哟哟哟哟哟，官方声明出现了，，，，，  @央视综艺	0
802	4	从收据上看，这15位奥运会官员消费了一瓶轩尼诗白兰地(1853)，价格是1.8万英镑。	2
803	1	我今天也做了咖喱鸡肉饭~~这是双子座的灵犀么	1
804	9	@EXO-M 在2014央视网络春晚这事儿你造吗？	0
804	12	|exo @EXO官网 @EXO官网后援会	0
805	1	男人外插花一直被打，被逼到成同性恋了？？	2
806	2	\\@vivian810 : 明朝打过去问问	0
807	3	\\@贝贝宝-正牌儿李小P :什么情况  @扬子晚报	0
808	1	\\@360用户特供机 : 结束了，晚安  @360影视	0
809	4	That is what I need～	0
810	2	\\@Asakawa : 操你妈逼，你个死同性恋，你妈逼的。	0
811	2	\\@默小白toffee ：吼吼@三土土土土土 @王小2_jerry  @众信旅游	0
812	4	这条消息是在市场预期之中，对大盘影响不大；	1
813	1	曼听公园，过去是傣王的御花园。	0
813	2	白天门票和夜间演出门票分开。	0
813	4	值得一提的是夜间的演出，门票包含晚餐自助餐，演出，放水灯，篝火晚会。	1
814	2	牙买加队包揽前三名，布雷克和维尔分获银牌和铜牌。	1
815	1	2011年10月，据伦敦2012奥运会开幕不到10个月的时候，我们来到这里，看着这未来奥运主场馆的雏形。	0
816	1	@徐梦桃 伦敦奥运会结束了，索契冬奥会还会远吗？	0
817	5	14岁的关天朗如何敲开美国大师赛的大门；	0
818	4	甚至考虑到了晴天、雨天石材颜色的变化效果，还是值得一看的。	1
818	11	苏博的展品中有镇馆三宝，其中的“秘色瓷”世界上也没有几件。	1
819	1	地铁大行宫站5出口出来。	0
819	2	景区游人很多，旅游体验较差，请做好心理准备。	2
820	1	\\@柯凡 : @英足总 @张玉强- 请看第17	0
821	1	哈翔翔我在厦门出差呢，在中山路这边的一家综合书店。	1
822	5	我去的时候还有小朋友的写生班去那儿写生、	1
823	2	只要身临其中，融合一下情景就一点儿也不难想象了。	1
824	1	我是平常去的，人不是很多，但是如果遇到假期去的话，人肯定是很多的。	2
825	1	在大众点评当天8点前买的南京总统府成人票（23-59周岁）+手机电子讲解票39.9元。	0
826	5	\\@电子教学 : 转发微博  @机工出版社计算机分社	0
827	2	妈的！我压根没想找你！因为你电话就没通话功能	2
828	2	今年办了年卡，参观了珍宝馆，还去了拈花湾。	0
829	2	①Tomorrow begins ～未来（あした）がはじまる～	0
830	3	其实是个老奶奶，又到了她出来遛弯儿的日子，有空，就去看看她吧。	0
831	2	我们刚才官邸出来。必胜客排队太老火哦，二十个人。	2
832	4	”----@郭德纲 ，这就算上春晚了吧？	0
833	2	最初是松赞干布为迎娶文成公主而兴建的，17世纪重建后，成为历代达赖喇嘛的冬宫居所，也是西藏政教合一的统治中心。	0
834	2	居然是女儿！我擦！你让我这个干妈何在啊！	2
835	1	雾霾天，看锤子流星雨，看会儿虐心视频睡了，吃烤肉的兄鸡们，替我问候你们的老鼠肉，我很遗憾的睡了	2
836	1	【贾跃亭夫妇及旗下三公司12.37亿元资产被司法冻结！	2
836	3	另据腾讯财经报道，6月29日，上海市高级人民法院还冻结了乐视控股（北京）有限公司在大圣科技股份有限公司的全部股权及红利，冻结期为3年..??全文	2
837	2	你不觉得小德子很像我是特种兵里的老炮班长吗。。。	1
838	1	因为今晚没人和他抢位置吧喜悦之情溢于颜表	1
839	2	不就是3000块钱嘛。人家又不是给我一个人花的咯。	2
840	1	晚上去的，人不多，结果天安门不让进了，只在前门大街走了一走。	0
841	6	【A. 49; B. 47; C. 51; D. 52】	0
841	13	知道就是知道，不知道就是不知道，知之为知之，不知为不知，是知也。	0
842	1	江南六大古镇之首 应该去看一看 不过 人真的很多...	1
843	3	古镇里有一段是有电瓶车的。	0
843	9	镇子里的老少真有在这里阅读看报的。	0
843	14	庭院熙熙攘攘，一轮轮地演出！	0
843	23	过了松花糕就得爬坡儿了，一片竹林大坡儿的尽头掉头再往上一点就是古镇景点中最远的一处——艾思奇博物馆。	0
844	3	开放日会有一些表演，导游介绍，凭台湾往来通行证免费参观。	0
845	5	首演时间：6月22日 晚7：30，天津人艺实验剧场。	0
846	6	领导一看整篇材料就剩一句话：＂会后，请大家到三楼餐厅用餐。	2
847	2	银杏的身材也是多样化的，既有你这样的，也有我这样的	1
848	1	总统府，至今已有600多年的历史。	0
848	3	辛亥革命后，孙中山在此宣誓就任临时大总统。	0
849	2	我在济南，有一同事在济南中石油，还以为你们认识呢。	2
850	2	我们那辣汤，没大料吧，汤很稀，冲个鸡蛋更鲜	2
851	2	你上班噶早我噶暗你窝接折中?哼..啊是没的吃	2
852	1	曲院风荷，是以观荷为主题。	0
852	7	水面上架设了造型各异的小桥，人从桥上过，如在荷中行，人倚花姿，花映人面，花，人两相恋。	1
853	2	嘿嘿~~在家就做家务时最帅，在外就掏钱买单时候最帅	1
854	4	傅琰东在变魔术，中途一个瓢虫成群结队成子的环节，突然。。。。	0
855	2	\\@GO_Hank : HAHAHAHA	0
856	9	，如果是一道桥胡杨林那边进来，买的就是包括八道桥的套票。	0
857	2	\\@大尸凶的漫画 :我擦  @小矛 今年春晚的真相。	0
858	2	那你回去多吃几个糖拌西红柿，我给你报销啊，就实质了	2
859	1	rio奥运会中国女子游泳又添战斗力  @猫扑	0
860	3	进入园中先是一条林荫大道，然后自昭泰门始共七重殿。	0
861	3	春节临近，《2013微春晚》扑面而来啊~！	0
862	2	有多重因素：从外部环境看，2015年股灾之后，资本市场骤然趋冷；	2
863	1	没有什么能够阻挡[嘻嘻][嘻嘻]希望雾霾明天全部散去????	1
864	2	经过1个半小时的路程，公交车把我们带到了无锡安静的地方。	0
864	6	九龙灌浴，是有表演时间。	0
865	5	17天户外广场赛事转播，17天微博金牌竞猜！	0
866	2	啊呸。那你敢不敢今天出来就刮胡子？我就素颜	2
867	3	疑问是监管部门一直不管不问，难道是要放长线钓大鱼？??	2
868	1	(? ??_??)1 :满状态(? ??_??)?	0
868	4	(? ??_??)3 : （＂? ??_??)?(? ??_??)0 :(? ??_??)?(? ??_??)1 : (? ??_??)?準備就緒！	0
869	2	热烈欢迎呀，我们也有球迷鸟，我们也有粉丝鸟。	1
870	1	总统府和太平天国也很有关联，洪秀全在此处修建了天王府，后来孙中山在此宣布就职中华民国临时大总统，国民政府在此办公。	0
871	4	这里也是香格里拉每天清晨第一缕阳光照到的地方。	1
872	4	她把金罐外层的金属撕开了，结果里面露出了银白色。	0
873	1	\\@as四月物语 :读壹读@秦海璐  @壹读 这些年，@秦海璐 学过京剧，演过戏，做过生意，当过白领，投资过电影，改编过剧本，上过春晚，演过话剧，唱过歌，读过POLIMODA的课……	0
874	1	\\@铁风筝虞笙 :有劲儿  @王骁明 2014.02.14 ／	0
875	1	你真的那么想要啊，偶以为你开玩笑的来，回头发个给你	1
876	4	【黄渤谈春晚演出服，我把工装裤穿出了爱马仕的范！】	0
877	1	我去总统府的时候是南京的旅游旺季所以第一印象是 人多！！！	0
878	5	今天，刘翔和国家田径队队员在江西井冈山参加国家田径队备战2016年里约奥运会动员大会。	0
879	7	然后就是稀里哗啦的Wuliwuli.何必呢?	0
880	2	当然这地方和您那地方相比，简直不是地方…	2
881	1	刚结束的伦敦奥运会射击女子十米气步枪的决赛中，中国选手易思玲以502.9环夺得本届奥运会的首枚金牌。	0
882	3	看久了，你会觉得眼前的他更像一块背景墙，一块布幕。	0
883	4	童鞋们，今天上接本微博12月20日发布的	0
884	1	你应该得吃一个，你问我为什么我就告诉你。	2
885	3	\\@lorica1126 :@Mary-天空玛丽	0
885	12	我是托中国粉丝的福，才能站在这个舞台上。	1
886	1	龙年春晚后，赵本山将再次退出央视蛇年春晚！	2
887	1	转发微博  @茜拉吧 1月29日，茜拉会来上海录制东方卫视春晚。	0
888	2	不敢不敢。。。只是发自肺腑的感叹啊哈哈哈	1
889	6	//@地瓜熊老六:贾跃亭，怎么还上升到成就社稷的高度了？	2
890	1	我沒看錯吧 history xoxo噢漏	0
891	1	绝对的满城尽带臭豆腐味儿~~罗家，文和友，成师傅臭豆腐搭配酸酸甜甜的腌萝卜，口味特别，我是吃了两个晚上，哈哈哈。	1
892	2	@__________Victoria瑾尔	0
893	2	那还是若犬吧，假作真时真亦假，显着迂回些~	2
894	1	转发了贾大户的微博:先是IPO常态化，圈钱无止境。	2
894	11	原文评论[36]转发理由:先是IPO常态化，圈钱无止境。	2
895	2	这和我杀的人不是我要杀的人又有什么两样呢？	2
896	5	村里已经覆盖宽带，一般旅馆里也有wifi，一下子治愈了过去几天因为断网而造成的手机癌候群症。	1
896	10	雪橇就像一座没有轮子得马车，驾驶它的大伯穿着军大衣和带着棉军帽，像极了爱斯基摩人。	1
897	1	你应该现在学画画，让你闺女给你当人体模特	1
898	1	出了南京火车站第一个看到的景点就是玄武湖呀。	1
899	1	斗地主还是锄大地还是拖拉机还是盖棉被还是24点？	2
900	2	看啊看啊。这腿多细啊。。多少年没见过这腿了	1
901	2	旁边的凯德正在施工，一直沿着江边走就是广场，很多小贩。	0
902	1	#乐视12亿资产被冻结#又一个巨人倒下了吗？	2
903	1	我家博世也这样老公经常批为有时候门没关严没发现	2
904	1	怎么感觉麻麻是带着一种自豪感发出这照片的捏~	1
905	2	180的票已经售完，其他的价位的票在谈中	2
906	1	那次撩你买你又不买别说了，再说我要吃人了	2
907	1	\\@爱的海芋花田 : 转发微博  @BTV文艺频道	0
908	11	熟悉孙宏斌的人士向财新记者称，44岁的贾跃亭身上具备54岁的孙宏斌喜欢的特质：理想远大，敢想敢干，全情投入，不惧挑战，要做创造奇迹、改变格局的事。	1
909	1	伦敦奥运会居然有摩托艇 中国摩托艇队的娃娃们 你们参加吗？	0
910	3	但是某些人就只听说过雅典、北京、伦敦的这三次。	0
911	1	非周末去游玩，观看场馆基本不用排队，就是游玩项目会排几分钟。	0
912	1	到达喀尔重游故地多好！你还在到处出差呢？	1
913	4	西递一共有99条高墙深巷，如果不是有路边的导游指示牌，在里面还真是找不着北。	1
914	2	那就找上海男人啊上海男人最会做饭做家务了	1
915	7	原价890，微博活动特价只要158,158!	0
916	1	听@潘石屹 @刘谦 讲述“看春晚”和“上春晚”的酸甜苦辣。	0
917	5	奥运会决赛只是我人生的一个起点，还远远不是终点。	1
918	3	卡曼和诺维茨基是德国队的队友，两人一起征战过北京奥运会。	0
919	8	还不在断气前银行把钱收回，就变坏帐了[喵喵]	2
920	1	你这完全不对嘛，明明你是拉的手课别班找帅哥克啦	2
921	2	暂时还安全，门卫还没搬走！我每天会去喂猫粮和罐头。	1
922	2	俺们那个哥们儿是个永驻，如假包换的中国银！	1
923	2	敢情你还不知道你走到楼下小卖部问问他有木有	2
924	6	2012春晚官方预告片，忍了这么多年，这他妈的才是春晚!	0
925	12	@疯子_AliceSHOooooooo @糊涂溪 @晴儿_SeiNa @Louis琳琳 @维安市场 @_二妹_ 求帮扩	0
926	12	收来罚款给领导数数，没收的秤砣让领导看见。	0
927	2	【席琳迪翁加盟央视春晚 与宋祖英合唱《茉莉花》】	0
928	2	今天，是哈利·波特的生日，也是J·K·罗琳的生日。	0
929	2	回来，几时回来？谁知道那时候你还记不记的我呐。	2
930	8	原文评论[53]转发理由:所谓生态不就是相关多元化经营吗？	1
931	1	游泳——陆滢女子100米蝶泳摘银 7月29日，陆滢在比赛前。	0
932	2	@投错人家 @小米粒os @左不过又奈何  @温州商报	0
932	4	陈若琳\汪皓能否夺得跳水女双10米台金牌？	0
933	2	我这样去问供应商拿授权会不会显得狠2.。。	2
934	2	他不理就起诉他。反正他现在做风投。你出来走两步	2
935	1	四年前的北京奥运会我在家里看直播，四年后我来到了北京，而奥运却去了伦敦……	2
936	2	早点训啊，天朝起身再睇多几眼，练下点题型	2
937	1	有辩经的日子价格是50元，没有辩经则是5元。	0
937	2	辩经是下午3点开始到5点结束。	0
938	1	杀个回马枪，某天晚上我看到我自己的号码在给我打电话，同时还给我发了条空短信，难道是未来的我告诉我万事ok？	2
939	1	对的，我老公加班，，你怎么知道我一个人啊	2
940	2	\\@小果冻迷爱而为一 :刘谦的那个造型真的很挫。。。	2
941	2	你天天有公司的试驾车开哇？从来不打车哇？	1
942	2	@史学庆 @武汉华图 @华图教育 @华图袁东 标签： 国家公务员考试	0
943	1	哥哥手机貌似看不到哦，明天给你好好看看。	1
944	2	上海奇成资产管理有限公司旗下的奇成悦名，已对乐视控股及贾跃亭提起仲裁，并向法院申请对乐视控股及贾跃亭名下财产进行财产保全。	2
945	6	Oh Oh Oh，OPPA江南style!~	0
946	1	\\@杨伯溆 :不解的是，弱势群体跟着人家笑	2
946	10	我只能说，一个人的成就需要天命。	0
947	4	\\@Weiy点灬灬点yieW : 6.5G。	0
948	1	没什么的，真的，不要想太多了，他没眼光得	2
949	1	半夜醒来，发觉羊终于开微博了，沙发一个。	1
950	2	当然是实质的,国家的执照就是社会主义国家	2
951	2	最近工作怎么样？还有亚纶怎么会喝得烂醉？你知道吗？	2
952	3	到达灵山大佛的时候大约是9点，门票事先在网上预订了，190元/人。	0
953	1	\\@周笔畅官方网站 : 我有一种预感。	0
954	1	故宫集千百年封建王朝之大成，花一天时间走马观花地看估计回家也就忘得差不多了。	2
955	9	韦晴晴组合、HeRose组合、陈鸿硕、倪珈。	0
956	2	我不喝酒，不知道这是喝酒的特征，是不是？	2
957	2	唉，现在这社会、这娱乐圈越来越让人搞不懂了	2
958	2	寓心情于感受。不着一字写心情，却处处写心情。	1
959	1	今年六一去的，人超多，太阳暴晒，海洋王国的门票是350一位 ，加上马戏团的就是550一位，基本上就是海洋馆，有不多的游乐项目，不许外带食物饮料进去。。。	0
960	2	而且国内的景点一个一个的收费实在也是有点....	2
961	1	自7月25日爆出#乐视员工建行信用卡额度#被调至1元，#你是不是在乐视工作#这话就走红网络。	2
962	5	中国队以26:28、25:23、23:25、25:23、16:18惜败日本女排，无缘四强。	0
963	4	\\@波士堂 : 史上最强气场女boss卫康董事长@上海魔女 刘莉莉本期做客波士堂！	0
964	5	\\@贾静雯 :人類....有時是這地球最殘忍，最無情的地球物種！！	2
965	3	\\@头条新闻 : 转发微博  @新浪体育	0
965	6	这是中国体育代表团在本届奥运会上夺得的第34金！	0
966	2	你来上海陪我骚咯，我这边没人陪着我周六出去骚啊！	1
967	1	转发微博  @延参法师 春晚是什么，365天的一篇。	0
968	2	【春晚节目 歌曲《风走麦浪》，李健 孙俪】	0
969	2	有超市、特产店、全聚德、东来顺。	0
969	9	全聚德大年初二队伍排了接近300m远。。。	0
970	2	微软这样的老牌正规军一发威，其他杂牌军哪怕是苹果也是不够瞧得啊。	1
971	1	打这路过一下下，让我见见稍稍长大点的小朋友	1
972	3	门票珠海长隆海洋王国：350元(平日）380元（周六日，节假日），珠海长隆国际马戏城二等座：350元。	0
973	2	恩到时婚礼我当伴郎还给你俩随份子昂大红包哈哈哈	1
974	1	色拉寺：藏传佛教格鲁派六大主寺之一！	0
974	2	色拉寺周一到周五，每天下午三时开始会有辩经活动。	0
975	2	哈哈哈...对于我这种没时间，没男伴……	0
975	3	的人来说，只能是看别人的故事，过自己的生活了！	2
976	6	Feng Xiaogang to direct 2014 Spring Festival Gala	0
977	2	也许是同学情吧，忘不了大学时光经常和同学们出入这些地方。	1
978	2	现在开始彩排的吴克群，韩庚，罗大佑陆续登场。	0
979	1	是啊是啊哈哈哈我一会儿杀到重庆路吃炒粉去嘎嘎！~	1
980	5	@MichaelOwen No half measures....	0
981	1	乐视控股公关部一位知情人士回复称，目前对贾跃亭夫妇及乐视系12亿资产上周被司法冻结不予置评，正在核实中。	2
981	2	国家企业信用信息公示系统显示，乐视控股（北京）有限公司持有的乐视金融1亿股股份在2017年2月已被北京市第三中级人民法院冻结，执行通知文号为（2017）执保字第9号，类型为一般冻结。	2
982	2	吃完饭已经是下午了，回到客栈有的在院子里打拖拉机，有的就准备晚上的聚餐，老板家有菜地，我自己去摘了玉米，辣椒，青菜，再到市场买了些水果。	0
983	3	韩国男演员@李敏镐 为出席央视春晚彩排，于昨日(1月22日)经由仁川机场前往中国。	1
984	1	巴丹吉林沙漠其中星罗棋布着大小湖泊，植被很多，充满活力。	1
985	7	型飞（国型）86年生，92年端午节被拐。	0
985	10	记得父母做生意买卖鸭子，爷爷奶奶是养蚕，院子里有棵橘子树，屋后七八棵桑树。	0
986	6	本报讯 马年春晚主持人站位顺序从左至右依次为尼格买提、李思思、毕福剑、董卿、张国立、徐帆。	0
987	2	劳资最瘦的时候是80嘛！你才该减肥！左肥子！	2
988	2	既有湖光又有楼阁，每一个门洞的另一边，又是别有一番景象。	1
989	2	可是还是有不怕死的，你看他一点反映也没有	2
990	1	【抢订2014国考酒店，助一举成“公” ！——辽宁沈阳站】	0
991	2	不知道当晚看见的在集训的解放军是不是在这里呢。	0
992	1	听说我的军训是百人宿舍，没有门的公共浴室…	2
993	1	这片沙漠是被承包的，自驾车不能进入，只能在景区换乘当地的越野车到营地，越野车一辆往返3000，可坐4人。	0
994	2	其中贾跃亭直接持有5.12亿股，占总股本的25.67%，其直接持有的公司股份被全部冻结，直接持有公司股份被轮候冻结数量占总股本的193.92%。	2
995	1	在天安门广场南边，可步行到达。	0
995	3	在这里的全聚德吃过烤鸭，在美特斯邦威买过衣服。	0
995	4	今年，杜莎夫人蜡像馆开到了前门。	0
996	1	回去咱俩去看呼话剧的时候也一起吃吧，哈哈哈	1
997	2	隔着玻璃窗拍，颜色怎么就那么偏兰。不懂。	2
998	1	数不尽的院子、数不尽的房子、数不尽的楼梯！！！	1
999	1	丫的春晚的时候还有个郭铭义是鞍山的呢！！	0
1000	1	奥特曼涂口红伪娘还是搞基？还抢孙悟空的筋斗云	2
1001	11	我是_____，我的工作是______。	0
1002	1	\\@青铜马 :你们台还招人吗？？？！！	0
1003	4	【Best Western Plus Gonville Hotel】	0
1004	2	我觉得卡斯特罗最牛叉啦，在美国后院，活了多少年。	1
1005	5	3月26日（周一）晚17：30入场，地点：综合楼400报。	0
1006	2	贾跃亭夫妇12亿资产被冻结冒险者贾跃亭的生态帝国梦碎?	2
1007	1	他没有不工作的时候吧，个么你岂不是天天在打仗？	2
1008	3	张艺谋的北京奥运会开幕式，对于观众来说，他们的反应应该是“啊！	0
1009	1	我回咯的啦，只是回得有点晚，今天早晨回来咯	1
1010	11	中秋节、国庆节：9月30日至10月7日。	0
1011	8	\\@Your_Not你不在 :转发微博。	0
1012	1	总统府附近的道路也是架起铁丝网，警车沿街停满，警察拿着盾牌在路边待命，一切戒备森严。	0
1013	1	咋跟偶一个样呢~~快点快点来呀来呀来呀来呀	1
1014	4	\\@provence617 :布拉德?皮特~	0
1015	1	认识台湾是从小学语文课本中的阿里山和日月潭开始的。	0
1016	2	不是没有.而是被他们当不该让屁民知道的国家机密.	2
1017	1	他洗完澡还不肯自己走非得我抱他！太过分了！	2
1018	3	扫了一眼电视，一个台在放“我和婆婆一起嫁人&quot;	0
1019	2	是的呀，亲，你也不想想，我们多久没见了呀	1
1020	7	住你家屋子每天一起操你家老婆这你总会了吧。	2
1021	1	为什么春晚前面一直有那几排的人的背影出现啊？	0
1022	3	伦敦奥运会开幕式将于凌晨4点上演：1、莎士比亚成主题；	0
1023	2	离重庆不远，约一个半小时的车程，强烈推荐。	1
1024	2	自己真的没有办法了，以自己的力量也只能做个旁观者！	2
1025	3	唉，我们的这日系合资企业老总们创新能力太强了。	1
1026	2	只是在夜幕下看了会儿钟楼的夜景，没有买票进去。	0
1027	1	\\@老衲阿土仔 :无  @新华体育 伦敦奥运村村长何许人也？	0
1028	1	#乐视员工信用卡额度#【建行恢复95%乐视员工信用卡额度】建设银行今天对多名乐视员工信用卡额度被调至1元作出回应。	1
1029	2	#湖南卫视春晚-20130204-歌曲《Electric Shock》f(x)#	0
1030	3	我在美团上买了含索道的门票285元，其中索道就要200元，下山乘了扶梯又另外花了30元。	0
1031	1	\\@__Avril-西边萌化白 ：娘啊。。。。	0
1032	2	我不用你告诉，我跟妹陀打电话不要话费，嘿嘿	2
1033	2	一阵体体！今晚请你食宵夜好好？今晚真系我请你！	2
1034	6	@范七囍 @瓜闲窄 @totoloto @阿四卡 @狮子胡同819号 @祁梦佳 @李子佳lvlon @当小当早儿 @陈凌0814 2月2号除夕我家吃火锅和饺子打麻将看春晚！	0
1035	2	上市公司的停牌权，是不是也应该有所限制？	2
1036	2	\\@天字一号巨蟹 : 请出版总署 查处	0
1037	4	2012年8月5日，当中国国歌响彻伦敦奥运会跳水馆的时候，我在静静的流泪，你呢？	0
1038	1	个天是满风凉额，但浑身发冷弄当心发寒热哦	2
1039	3	@脊梁in上海 金池居然没进那个什么直通春晚前3甲？	0
1039	5	许艺娜唱了5首歌：飙高音、飙高音、飙高音、飙高音、飙高音。	0
1040	2	双月湾共分两湾，由大亚湾和红海湾畔相邻的两个半月形海湾组成，左湾水平如镜，右湾波涛汹涌，这就是大自然的力量。。。	1
1041	1	\\@Just_Noe : 命运在自己手里，God！	0
1042	5	累计授课达10万人次，7分以上不计其数。	0
1043	2	这几毛钱我出了爷给我发短信吧，我肯定回啊。	2
1044	2	@对晴烟抹翠 @空虚7836 @QQliu2011  @央视综艺	0
1045	6	别忘了，明晚19:30，CCTV3综艺频道将播出海外专场！	0
1046	2	】中国大学毕业生自主创业比例连续5年上升。	1
1046	3	但是，大学生创业3年成功率仅为1％左右，不仅是大学生，整个青年创业人群的创业失败率也很高。	2
1047	1	转发了鲁振旺的微博:银行熬不住了，招行抢先动手，向法院起诉，要求冻结贾跃亭十几个亿的资产，申请资产保全。。。。。。	2
1048	4	这么多年前的滇池和漓江就已积年成疾，正是对这个时代的某种注解，群峰沉碧也无可挽回。	0
1049	3	我在:|西四环中路 西四环中路 北京市海淀区西四环中路 地点详情	0
1050	2	\\@广州网警 : 工信部@12321举报中心	0
1051	2	听歌算什么，当着他的面玩游戏！反正我工作做完了！	2
1052	1	转发了第一财经日报的微博:【乐视员工建行信用卡额度被调成1元离职3年者躺枪】有网友@白云飞爆料其建行信用卡额度被调成1元，建行方面回应称是涉及经济案件，至于具体案件需要查明。	2
1053	2	你以为我不想打。一路被拒载。只能坐公车！	2
1054	1	中央大街我个人觉得就跟广州的北京路，上海的南京路差不多。	2
1055	2	这里既是太平天国时期的天王府，又是中华民国临时政府。	0
1056	2	这是一不小心才这样的。不知道你信不信，反正信了~	2
1057	1	\\@痒痒扬扬 : 转发微博  @新闻晨报	0
1058	1	在挖色的时候，问当地的人怎么没看到很多照片中的亭子。	0
1059	1	转发微博  @福建电视台综合频道-我们的春晚	0
1060	2	@BIGBANGbar 131124 澳门威尼斯人拳击金光决赛 GD饭拍预览&amp;	0
1061	4	小分队抵达川制作，@陆川 与大家相约伦敦奥运会开幕式现场，不见不散。	0
1062	2	昨天，26岁的朱敏和女友坐着宾利来到宁波大学考场。	0
1062	3	这是他第3次参加国考，之前还参加过3次地方公务员考试，这一次他考的职位是“科员”。	0
1063	1	下次咱们给她拍个视频放办公网共享啊哈哈哈	1
1064	7	\\@Little-rainy : 转发微博。	0
1065	1	"笑死人了//分享网易新闻:国际小姐重庆三甲被指""太丑"""	1
1066	7	原文评论[11]转发理由:如果他们内心不害怕不心虚，那么他为何要砸钱增持呢？	2
1066	8	只要你业绩过硬，自然有资金抄底帮你拉股价，怕啥呢？	1
1066	9	大股东质押股份，本质上就是说，大股东没钱，利用上市公司套钱出来。	2
1067	8	Aussie broadcaster wipes NZ off Olympic medal table&quot;	0
1067	10	our good mates &quot;	0
1068	1	当时我们去的时候是晚上，游客与当地的人围着篝火一起跳舞。。。。。	0
1069	1	你不回我短信要死啊！我回金华了、下午到、	2
1070	1	哈哈哈，这一段视频应该截下来为所有清穿小言女戒。	1
1071	2	你们叫他什么吖？不是什么小爱爱之类的吧？！	2
1072	1	今日我见到你啊，我地同一间啊！我管理系。	1
1073	1	北极村门票60元，把个村子围起来就收钱，真是，唉！	2
1074	1	\\@疆进酒 : June 11, JiangJinJiu and Friends!	0
1074	2	Outdoor Chinese Folk Rock Party. The 8th Anniversary of JiangJinJiu, a great gathering of friends. 2 to 12 PM, outdoor venue of 2kolegas. Hope to see u all!	0
1075	2	800万张奥运会门票将会在3月15日至4月26日在线预订，之后还将继续出售200万张残奥会门票。	0
1076	2	\\@头条新闻 :转发微博  @新浪体育	0
1077	2	他哪里是被门夹了！明明是拆迁大队拆门来的！	2
1078	3	\\@伦敦奥运新闻 :孙杨并列第二位！！！！！！！！！	0
1079	1	这张跟你头像好像是同一张照片的吧只是方向不同	2
1080	5	我在:|规划路 规划路 吉林省长春市南关区规划路 地点详情	0
1081	2	此心直似水中月，若觅所处无所处当你停止颠倒梦想，让心澄净下来时，切笼罩在你心头的雾霾都会悄然散去，留下的只有澄明自在欢喜	1
1082	4	http:\\t.cn\zWCMFGd 伦敦奥运会网球赛进入第三日争夺。	0
1083	1	过几天就见不到你这个臭小子咯。晚上去喝几杯。	1
1084	2	特别的是，还有居民的平房是居住在学校里头的。	1
1084	4	还有一些来野餐的家长和孩子们。	0
1085	1	今天英国报纸的头条：贝克汉姆到切尔西试训了，但这是布鲁克林·贝克汉姆。	0
1086	2	哈哈哈想不到真的遇到你了，你身材练得真不错！	1
1087	3	淡季门票126元/人 海南当地的身份证78元/人	0
1088	3	北京时间今天21:47，中国双花邓琳琳、眭禄将出场。	0
1089	1	看不清楚喔，回到了给我看看。还有我要吃的	1
1090	2	拿用卫生纸堵住，防止鼻涕外泄。。有辐射啊	2
1091	1	另外高达迷必入的还有独角兽啊新安洲啊海牛啊之类的	1
1092	4	抢黄灯通行，对驾驶人处20元以上200元以下罚款，记6分。	0
1093	7	【11月16日晚21点CCTV3为您直播···】	0
1094	3	相对白沙古镇来言，束河人就多一些了，白沙是人最少的	0
1095	3	【第22金！田卿\赵芸蕾羽毛球女双摘金】	1
1095	5	两局比分是21-10，25-23，其中第二局中国在错失3个金牌点后终于拿下。	0
1096	7	台湾男子团体F4睽违4年多，这次将在北京合体录制江苏卫视蛇年春晚节目。	0
1097	4	昨日，名为“‘艾’在地下铁”的端午民俗文化专列在上海地铁2号线亮相，来乘车的儿童还会收到五彩缕、挂蛋兜等礼物。	1
1098	1	金融贸易区，位于浦东新区的黄浦江畔，面对外滩。	0
1099	7	西贡的街道，没有高楼大厦，大多是低矮的平房，仿佛避世的小镇。	1
1100	13	\\@howshallicompletethewall0 :	0
1101	6	贾总的其他资产你们就不要想了，贾总早已做好债务隔离了。	2
1102	1	不仅仅有国民政府总统府还是有太平天国 两江总督等遗迹。。	0
1103	1	@幸福在深圳 北京人：我是国家中心城市。	1
1104	1	嘿嘿，是吧，想起高一背着双肩背那个年少的你…	1
1105	5	等着的各位别傻着，该吃饭吃饭啊，我吸一会儿。。。	1
1106	1	她就是当年为他档了猎人一枪的灰狼狼，狼名双儿。	1
1107	4	不知道是不是因为时间有些急，没来得及了解。	2
1108	1	前门大街上的铛铛车，车票单程20元，从前门到珠市口行程840米。	0
1108	2	车内两侧有长条的木板椅子，乘客乘坐时面对面。	0
1109	2	虽然输给了曼城一场但接下来我们肯定能虐掉他们	1
1110	7	去年他两次被请去台湾“考察”，没办成一件公事。	0
1111	1	介个是汪小菲开滴饭店呀，很有明星效应的。。	1
1112	8	【&quot;上春晚&quot;送刘谦圣诞演出票】	0
1113	2	有关系的~身在异乡的我越发的有家乡自豪感~	1
1114	1	\\@大坳山人 :我突然发现“保姆&quot;	0
1114	6	\\@袁裕来律师 : 看样子，咱也得尽快找个保姆。	0
1114	7	@叶匡政 今晚，我们家保姆听了张明敏的歌后，说：都说过去社会封建，老百姓过除夕，还只拜天地、拜祖宗、拜父母。	0
1115	2	这一周，他风光无两，却也遭诸多质疑，融创股票曾大跌又再创跳涨记录，似乎也正映衬着他的前半生。	1
1116	1	“总统府”巴洛克式建筑风格，二战时期因是日本军方的所在地曾遭到美军的轰炸。	0
1117	1	我没上网，我打算报市卫生局，招一个医学类。	2
1118	2	\\@华尔街日报中文网 :  @华尔街日报中文网	0
1119	1	【外星人果真光临?伦敦奥运会开幕式惊现UFO】	0
1120	2	有出租藏族服装和照相的商贩。	0
1120	3	因为修路，切断了龙脉，便建了白塔，并将它们链接一起，续上了龙脉！	0
1121	1	最爱你了！老姐永远是你心中最优雅滴四不四？	1
1122	1	哈哈哈现在过感恩节，加点感恩节元素吧，比如火鸡？	1
1123	1	斯科拉领衔阿根廷12人大名单 北京时间7月16日凌晨，阿根廷篮协对外正式公布了出征2012年伦敦奥运会男篮比赛的12人大名单。	0
1123	2	本届阿根廷男篮的核心依旧是吉诺比利和斯科拉……	0
1124	1	#圈内那点事儿#贾跃亭夫妇12亿资产被冻结，这一关，恐怕难以过了！	2
1125	1	贾跃亭股份全部冻结乐视网：贾跃亭持有的所有公司股份被全部冻结乐视网：贾跃亭持有的所有公司股份被全部冻结?	2
1126	7	【于洋王晓理等四对羽球女双被取消奥运资格】	0
1127	1	2012年1月19日，赵本山宣布退出2012年春晚。	2
1127	2	2013年1月18日，赵本山宣布退出2013年春晚。	2
1128	4	九点左右我们到达了杨堤码头，这段时间兴坪的工人在罢工，竹筏只能坐到九马画山。	0
1128	10	50分钟左右到达终点，行程结束。	0
1129	1	这不是号称阅遍大陆女明星的房事龙嘛！！！	2
1130	4	kimi和kimi爸比马上就要来@2014湖南卫视春晚 啦~~~	1
1131	1	湖南卫视春晚一出，我才和央视春晚有了对比。	0
1132	2	\\@Jessica_卡 :等微博等了半天了  @BTV苗宇立 @胡宁扬 从伦敦带来的奥运会官方礼物 请筐筐们到30层办公室领取哦 先到先得涅~	0
1133	1	\\@歌浴森 : 见笑了，10年发行的歌！	0
1134	3	中国古典文学里面出现的地方，我大多一一寻访。	0
1135	2	我也有啊去年就遭罚了！到现在都还没去交！	2
1136	1	教堂前的广场，除了游客，来散步的居民，还有拍婚纱照的准新人们。	1
1137	2	雷克斯果然还是我的茶啊我的茶，不听话吼~就把你卖到泰国去！~	2
1138	2	次又次的开始与结束，次又次的开篇与终章成熟便是将所有雾霾看淡，眺望前方的重峦叠嶂在诋毁她的同时请不要遗忘她的光芒万丈！	1
1139	1	晚上观夜景去看的朝天门，并没有什么特别的感觉，报夜游重庆的小团的话肯定包括这里，去看一下也无妨。	1
1140	5	主页君表示，这难道不是曼联球衣，怎么会是皇马球员呢？	0
1141	2	靠，还真是。还是向他介绍本社及其粉丝们吧。	2
1142	1	宝还记得我们以前一起去酒吧吗我们三个一起跳舞	1
1143	3	\\@哲言心语 : 2012年端午节放假通知~	0
1144	2	中国愤青已经是一个非常具代表性的研究对象了。	2
1145	1	灵山大佛，国家5A级景区无锡市灵山景区组成部分。	0
1145	2	坐落于无锡马山秦履峰南侧，1997年建造而成。	0
1145	4	灵山大佛是无锡的标志之一。	0
1146	8	150万人参加国考 手机铃响将禁考5年。	0
1147	2	因为当天我们去的时候，正逢十一黄金周。	0
1147	6	不过你可不要认为总统府就单单只是总统府啊，因为虽然总统府的一半区域是当时孙中山，蒋介石办公的地方还有居住的地方。	0
1147	8	不过总统府的另一边。	0
1147	9	有着太平天国和两江总督衙门。	0
1147	13	而那些欧式建筑的喷泉和花园，则见证了民国政府的风风雨雨。	0
1147	16	当时天空下着小雨，走在两江总督府的区域内有一种天青色等烟雨，而我在等你的既视感。	0
1147	17	雨滴淅淅沥沥的顺着瓦片屋檐儿下，形成了一条条珠玉线。	1
1147	18	如果当时有人撑着油纸伞走在这样的仿古道上。	0
1148	2	老子还没急，你急毛啊！不吃饱那来拉赞助的力气	2
1149	7	照片拍摄于2009年1月30日，阴雨天。	0
1150	4	仅从公布的土地交易中估算，乐视土地储备已过万亩。	1
1151	1	漓江，属于珠江流域西江水系，发源于猫儿山，全长164公里。	0
1152	1	香格里拉还比较保留原有的风貌，包括月光古城、包括普达措，还包括这里的人给予游客的土著感觉。	1
1153	1	是啊，真是搞得风生水起啊~竟然还有台湾同胞	1
1154	1	先感谢您以及志愿者。15103243901。	1
1155	1	很多童鞋留言询问奥运会的时间，是7月27日（北京7月28日凌晨）开幕，直至8月12日结束！	0
1156	2	新年快乐哦，等会就要包饺子咯~好开心哦~	1
1157	2	刚翻了下照片，发现自打中学后就几乎没和老妈合照过了……	2
1158	2	就在色拉寺出门右手边一直走，上一座山上，有天葬台。	0
1159	1	也是一个还要去的地方，去了就不想走的地方。	1
1160	2	\\@作家-天佑 : 回复@君山飞雪 :你是计生办的？	0
1161	1	20点直播央视春晚 席琳迪翁终亮相郭德纲换本子  @席琳-狄翁	0
1162	3	对面南图，美术馆，织造府，隔壁就是1912。	0
1163	4	本次均可预定杭州客运中心站、西站、南站、北站始发的汽车票。	0
1163	5	售票时间：2013年6月7日上午9点30点至下午3点30分。	0
1164	4	谢娜和张杰才会找地方，这里办婚礼，记忆一辈子！	1
1165	13	twice a day and every day.	0
1166	1	人山人海啊.票價又貴120大洋新建的壯觀.真身寶塔才是必遊寶地.建議旅遊時間4-5個小時比較寬裕.跟團不建議.太趕了.簡直是走馬看花.	2
1167	1	贾跃亭夫妇资产被冻结乐视风波仍未平息，就在贾跃亭刚刚在股东大会上承认乐视资金链比想象中的更严重后，说的时候就觉得会飞一样，这下好了[二哈]?	2
1168	3	前几天 Beyonce 也同类情况，「不开麦真唱」。	0
1169	1	位于南京市 玄武区长江路292号。	0
1169	3	1912年1月1日，孙中山在此宣誓就职中华民国临时大总统，后来又成为南京国民政府总统府。	0
1169	5	西区有孙中山临时大总统办公室、秘书处、西花园、孙中山起居室以及参谋本部等；	0
1170	5	PSG和安帅一别后没想到在LA再次见面！！！	1
1171	4	\\@北京兵人 : 得，别再提特赦的事儿了。。。	0
1172	2	\\@真实的MYL : 没意识的春晚节目。	0
1173	2	粤菜啊，里面的鱼生虾生几好恰，我流口水了	1
1174	1	141万人参加国考，现代的科举考试，88比1！	2
1175	7	儿时住在北山街（现在的北山路），常来苏堤玩耍。	1
1175	13	晨晖保俶塔，夕照南北峰。	0
1175	14	三潭印明月，两湖点游舫。	0
1176	2	它绝对是表情帝加姿势帝！敬请期待更多……	1
1177	4	而三个月前，中国男足也宣告无缘伦敦奥运会。	2
1178	13	总觉得那个痴汉笑在哪里见过→_→ 你们觉得呢？	1
1179	2	】7月18日，港股融创中国早盘一度下跌超过12%，创多日来最大跌幅……	2
1179	4	融创后院失火乐视上市体系真的“不是问题”吗？	2
1180	10	（转） 奥运 2012伦敦奥运会将于北京时间28日凌晨开幕！	0
1181	2	半夜三更还不睡！下回把你半夜三更拖起来拍个油画！	2
1182	1	我还看迟尚斌时代万达的球呢，不输球，爽得很	1
1183	14	8人4人来自韩国，2人来自印度尼西亚，2名来自中国。	0
1184	4	据估算，节目结束时她平均约0.76秒转一圈，假如一直这个速度，从八点到零点她将近转了19000圈！	0
1184	6	如果是地球转这么多圈相当于过了半个世纪。	0
1185	1	病大发了，哈哈哈！刚开始看得时候名字是陈	1
1186	1	离双廊20公里左右是另一个小镇---挖色。	0
1187	7	\\@上吧军医 : 唧唧唧唧唧唧唧ˊ&lt;	0
1188	3	再也移不动脚步，仿佛穿越了时空的雕塑一般。	1
1188	6	而那些曾经也在这里工作的男人们，在花园里紫薇花下喝下午茶的女士们，却随着历史被人们淡忘。	0
1189	4	据大河网 飞人博尔特北京奥100米决赛跑了9.69秒。	0
1190	5	第一层，先为国民政府文官处，后成为总统府文书局的办公室。	0
1190	6	第二层是总统、副总统办公室。	0
1190	7	朝南的这间是蒋介石的办公室，朝北的这间是副总统李宗仁的办公室。	0
1190	8	第三层是国民政府会议室。	0
1190	9	楼前两棵雪松，是国民政府主席林森手植，树苗从印度进口，价格昂贵，以寸计金。	0
1190	10	右侧的那颗已于2011年枯死。	0
1191	5	原文评论[35]转发理由:回复@中医孙化银:我还是偏爱中小板，神创肯定也有黑马，看眼力了，至少对乐视不该那么悲观//@中医孙化银:创业板和主板都在搔首弄姿吸引资金，司令看谁会胜出？	1
1192	6	8月1号下午16点中国男篮将与俄罗斯队交手。	0
1193	1	【11月3日，刘翔在井冈山参加备战里约奥运会动员大会】	0
1194	3	\\@Bian白傻蛋V :oh gapsong~	0
1194	8	\\@国民男神边伯贤i :gapsong	0
1194	9	\\@Dawn_泰迪鹿 :gapsong	0
1195	1	您这哪里是去旅行购物，完全是去出大片的啊……	1
1196	1	事实上，为了让融资文件上版权储备一栏的数字变得好看，乐视体育的版权签约速度极其惊人，决策人只有于航和雷振剑两个人，“什么决策委员会，在这边就从来没有过，雷子（雷振剑）根本不看文件，到后来，就于航一个人定。	2
1197	1	因为中午才进去，所以我们的第一站直奔餐厅。	0
1197	4	但在景区吃，就肯定会这样的。	0
1198	1	什么情况？姥姥力宏发生了什么？疼逊作了什么？	2
1199	2	不出意料，公园里面很多闲逛的人，风景刚好而已。	1
1200	1	沙漠门票每人220元，我们是提前在携程上预定，现场支付的，每张票200元。	0
1200	2	沙漠越野车24小时3000元四个人，第一天下午一点左右进沙漠，第二天上午九、十点出沙漠。	0
1200	5	十一期间游客多，不能自己挑车。	0
1200	8	2015年十一期间1800元一晚。	0
1200	17	第二天早上七点前师傅会到大本营来接我们去看日出，看完日出就准备出沙漠了。	0
1201	1	姐姐也是金牛的，我身边金牛的人还不少啊。	1
1202	1	在规劝一个最爱的人自杀，我抢过去全吞了。	1
1203	2	嘿嘿，我说真的，我才发了工资请你吃顿饭又撒子嘛？	1
1204	1	哇靠，我才发现，光旭拿得不是话筒是啤酒瓶啊！	1
1205	1	事到如今，我能拿得起放得下的，好像除了筷子，还有笔	2
1206	2	沿着两岸行走，时不时走进园子里，时不时走进故事里。	1
1207	2	有时候不知不觉的就会走到一个地方比如朝天门广场。	0
1208	2	04年来过一次，儿子今年12岁，带他同游。	0
1209	1	从老特拉福德到伯纳乌，从玫瑰碗到圣西罗，再到最终的王子公园。	0
1209	6	when we stand together	0
1210	2	馆内分遗址馆和陈列馆！	0
1210	3	金沙遗址是三星堆遗址的延续，所以很多出土的文物和三星堆出土有很多共同点！	0
1210	4	甚至金沙遗址出土的太阳神鸟被选为中国文物遗产标志！	1
1210	6	因为之前在南博举办的时候已经看过，所以这次就粗略的看了看！	0
1211	6	对于奥运羽毛球女子双打小组赛末轮中韩的疑似“默契球”，国际羽联表示将进行调查。	0
1212	5	@青年考古學生 @中国考古网 @中国文物网 @汉唐网 @西部网 @在西安	0
1213	2	胡教授  @胡荣铭-king 春晚开始了，今年准备陪着媳妇好好看场春晚！	1
1214	2	因为第二天还要去哲蚌寺！	0
1214	3	看完音乐喷泉就回住处了.好好休息准备第二天的行程	0
1215	1	11月中旬去，心心念念的是为了栖霞的枫叶。	1
1216	2	#佳木斯车市#说起迈锐宝，这个车型除了外观上让我们眼前一亮，心里痒痒外。	1
1217	1	没关系滴啦，还有你干爹的啊，在飞机上睡过去吧！	1
1218	2	灵山大佛是无锡的标志之一；	0
1219	1	西安钟鼓楼是西安钟楼和西安鼓楼的合称，位于西安市中心，是西安的标志性建筑物，两座明代建筑遥相呼应，蔚为壮观。	1
1219	2	西安鼓楼始建于明洪武十三年(公元1380年)，比钟楼的建造时间稍早。	0
1220	2	反正去了一次峨眉山，五年之内不想再爬山了。	2
1221	2	哈哈哈，我们克那边吃饭偶然看见的，惊着姐了!	1
1222	4	展览将于2014年1月29日至2月7日在爱丁堡大学Old College向公众展出。	0
1223	2	欠扁的家伙，今天揍不到你，累死嘞，回去揍揍你	2
1224	1	再过5年你再看看这张照片，或许已经没有什么感觉了。	2
1225	2	下次我教你哦~我也是刚学会的，这是我第一个作品！	1
1226	1	David Beckham 贝克汉姆 x H&amp;	0
1226	4	而今David Beckham x H&amp;	0
1227	2	\\@HeartFlow_华附街舞社 : @广雅街舞社MonkeyzCrew @广州六中Emotion街舞社 @执信中学劲舞社 @47中街舞社_RHYTHM @广州二中街舞社 @廣州三中街舞社 @广州七中街舞社sevencrew @天河中学街舞社T-LIGHTERS @七十五中街舞社Popcorn_Candy @87中STH街舞社 @省实D-force街舞社 @广州市真光中学  @HeartFlow_华附街舞社 今天华附heartflow街舞社两周岁生日啦！	0
1228	1	生日快乐。刚看见你照片还以为我认识的人呢	1
1229	2	昨天那孩子问我，我今天怎么不用早起上学的，哈哈哈	1
1230	6	记者薛原伦敦消息，在刚刚结束的女子场地自行车团体竞速赛中，中国姑娘宫金杰和郭爽夺得金牌。	0
1231	1	#乐视会员#乐视TV真是个垃圾，刚买电视的时候给的会员，那会儿什么热播剧的资源都有，现在搜一个老片，都特么是什么华数tv什么CIBN会员才能看，还要购买别人的会员，乐视会员狗屁用都没用，电视也垃圾，乐播投屏垃圾的一B，趁早宣布破产吧？?	2
1232	1	故宫逝去北京必去的地方，要花费几乎整天的时间。	1
1233	1	@澄迈在线网 @澄迈中学广播站 @橙邦  @澄迈联通微博	0
1234	2	不知道啊，店里没看到！你那张照片能发不？	2
1235	1	喔唷，侬现场拍摄的？苦一额，个额阿巴侬帮则了	1
1236	2	伦敦奥运会收官之夜，男篮金牌争夺战成绝对焦点。	1
1237	3	\\@乙休哥哥 :@StoneXie @向不贝 @Jenny胡小宝 @袁乌云 @Joyce-11月哒千年狐 @陶_梦_雅 @馨括 @中国考研网 @路过考研 @复试调剂	0
1238	2	#2014济宁网络春晚定于元月二十五日#	0
1239	2	13:50 @CCTV5 全程直播，我将为大家点评比赛，不见不散。	0
1239	9	@新浪羽毛球俱乐部 @羽毛球新闻 @新浪体育 2013苏迪曼杯 2013年苏迪曼杯为第13届苏迪曼杯，是一项由羽毛球世界联合会（BWF）主办的全球性羽毛球赛事。	0
1239	10	本届赛事将于2013年5月19日－5月26日在马来西亚吉隆坡举行，这是马来西亚首次举行此项赛事。	0
1240	2	更悲催的还没到呢，这是全省的，成都的据说还要训	2
1241	2	http://www.mafengwo.cn/i/3057868.html	0
1242	1	里面有不同历史时期的建筑群组，两江总督府、江宁、太平天国、民国。	0
1243	1	\\@黄颖茹 : 转发微博  @Moraynia_刘姝雨 收藏了 \\	0
1244	5	据估算，节目结束时她平均约0.76秒转一圈，假如一直这个速度，从八点到零点她将近转了19000圈！	1
1245	7	O(∩_∩)O@广西交通台 @交通1003晨冬	0
1246	1	看到你这个，我笑翻了你这个人，太不谦虚了	1
1247	3	|也是忙里偷闲今天终于去跑了步，太久没运动刚起步也不敢太猛，就这样吧谁想碰上了雾霾天，起在操场上狂奔着吸毒气啊[挖鼻屎][挖鼻屎][挖鼻屎]不过最终还是看到了红月，即使没好好看月全食也还是开心的	2
1248	2	而且最近在修葺，黄鹤楼外搭了竹棚看起来丑丑的。。	2
1248	3	80的门票感觉亏亏哒。	0
1249	4	幸好住如家酒店时发现了个“顺航国际旅社”，旅行社派了个司机加私家车全程带我和妈妈两个人玩转了滨海路。	1
1250	1	转//#我在看新闻#《乐视网原第二大股东：呼吁成立“困境基金”挺贾跃亭》乐视网原第二大股东：呼吁成立“困境基金”挺贾跃亭；	1
1251	2	经过两江总督府、天王府的演变，最终成为中华民国的总统府。	0
1251	5	门票40，学生半价。	0
1251	6	这么有看头的景点这个价格，真的非常cheap了。	1
1252	1	坐在人工竹筏上，江风拂面而来，两岸的风景轻掠而过，居然想起《惊天洞地》那步电影，喀斯特地貌的那些岩洞中会是什么一个世界呢？	0
1253	3	\\@王一梅2011 :还有奥运会也和儿童文作扯在一起了。	0
1253	5	\\@银河酱DARKFLAMEMASTER : 科幻文学和儿童文学就这么扯在一起了？	0
1254	2	\\@雪乃千羽_白银部长我来了 : 呸！	0
1254	3	\\@打村北来了个卖豆腐的啊囧 : 呸！	0
1255	2	席琳迪翁现身彩排，她先是与宋祖英混搭合唱《茉莉花》。	0
1255	3	随后，席琳迪翁又单唱了一首《我心依旧》飚海豚音。	0
1256	1	驱车80多公里，再次穿越森林，来到中国大陆看极光的地方—北极村。	1
1257	2	请问小编给我补寄了吗？我怎么到现在也没有收到呀？	2
1258	2	据日本《朝日新闻》报道，8月3日，奥运会田径项目的比赛陆续开始。	0
1258	4	这些电车将运行至8月17日，目的是为奥运加油。	0
1259	1	凤凰专题：姚刚被双开，被指搞政治攀附曾助乐视网IPO凤凰专题早就说过，证监会没有一个干净的，一抓一个准，不冤枉！	2
1260	3	总共7层，3楼有关于滕王阁历史的演变的视频，第七楼有仿古表演，相当于古代的戏台。	0
1261	1	@feelmoment0903 亲，送你的	0
1262	1	LBJ决赛已经穿上奥运会版本的LBJ X了，今天能卫冕么？	0
1263	6	@郎咸平 『中国羽毛球队，请收回你们的道歉！	0
1264	1	你们就是不想下床开门，认得道叻么是不得办法！哼！	2
1265	2	我的家在湖北，我现在在贵州。一千多公里呢。	2
1266	1	从大车下来换了景区的小车后，我们到达了森林公园内部。	0
1267	1	前门大街就是正阳门前的那条街，在北京城的中轴线上，有很多的老字号哦。	0
1268	2	给我找出证据来！年月日俱全，我就让给你！	2
1269	2	嗯，31年前的我是个小家伙，今天哇哇落地	1
1270	2	是啊，你个跑到日本取鸡鸡县的男人上不起啊。	2
1271	6	中国人一个月不买日本货，日本就有1000家企业倒闭，一年不买日本货日本就面临奔溃！	2
1272	2	\\@Levin35 :我擦这个有点虐啊T&quot;	2
1273	1	\\@创意集市 : 足坛帅哥，你心目中的王子是谁？	0
1273	7	6.卡卡 ；7.法布雷加斯 ；8.托雷斯；	0
1274	1	去的时候正是暑期旺季结束之后，景区人不多。	1
1275	1	石家庄对情侣闹矛盾，约定背对背各走100步，如果，回头时还能相互看见就不分手结果，他们只走了两步就都回了头，却没有看见彼此，于是就分手了有关专家提醒青少年情侣，不要在雾霾天尝试这样的游戏，以免发生不必要的误解[鼓掌][太开心][太开心][鼓掌][鼓掌]	2
1276	8	\\@HOMgurl_Maniacs :昨晚发的，貌似还有人还没下载~	0
1277	3	带着小朋友去一次海洋王国，给想像力插一双翅膀，小屁孩回家后画企鹅酒店，画动物画到现在。	1
1278	3	我们骑马、看表演、吃午饭、游玫瑰园、参观玫瑰加工厂、划皮划艇。	1
1279	2	我也不知为啥？反正人家是这么评论的，正想问你。	2
1280	1	#我用Xshot拍月全食#红月亮以及复圆过程，初次拍，海边雾霾里找红月亮眼都流泪了	2
1281	1	\\@Ed_Westwick :明天开始三天的端午节假期~	0
1282	2	只能说明我们学校宿舍实在是不敢恭维...	2
1283	7	\\@抹茶茶-目标学茶道插花开咖啡厅 :哈哈哈哈	0
1284	2	感觉来到这些高原地方，即使涂了防晒还是会晒黑的！	2
1285	1	\\@張可咘丶princess殿下 : 本山大叔嗨吧  @聚沈阳	0
1286	1	哎搬云南来住吧这里球场好离市区近还不下雨哈哈哈	1
1287	1	色拉寺的建筑结构和藏区许许多多的其他寺庙并无大异。	0
1287	8	那个姿势如同坐着的僧人面前有只飞蛾，站立的僧人替他双手拍击一般。	0
1287	11	"“Sorry ,I don't understand either....""出来后，我和领队”懒人“坐在大树下乘凉，悠闲地等待着队员。"	0
1288	4	?你知道吗奥运会的发源地也是葡萄酒的故乡！	0
1289	3	2011.01.18光线百城春晚录影图 by 北京姐姐东月 ，详情请移步	0
1290	9	\\@没有七齐 : which company？	0
1291	2	\\@他们叫我茄子 : 17年前~~~~	0
1292	3	灵山大佛通高88米，佛体79米，莲花瓣9米；	0
1292	5	铸铜约700吨，铜板面积达九千多平方米，约一个半足球场大小；	0
1293	1	\\@BUNDLEE邦 :回想那些年的国力！	0
1293	11	笔zZzzzz........&quot;	0
1294	2	颜色还带光圈啊？淘宝有卖吗？应该搜索哪个关键词啊？	2
1295	2	绝对的甲级硬件配备、甲级收费，就是特么服务是丁级！	2
1296	2	据报道，7月12日，菲律宾外交部就南海仲裁案裁决公布一周年发表声明。	0
1297	5	\\@当律师的陈刚 : 转发微博  @邱岳首	0
1298	1	\\@官何丽子 : 我去 不是吧!!!!	2
1299	1	学武那段还挺有架势的感觉应该是事先有学过的吧	1
1300	2	苏菲玛索的脸就像是玫瑰，刘欢的脸就像我们的人生……	1
1301	3	【2014山西首届国际花灯节1.29开幕式门票20张等你抢】	0
1302	1	\\@夏萌純-夢妮 : 转发微博  @斯道	0
1303	2	而且是祖宗传下来的，有不是哪个造出来的！	2
1304	2	我说实话而已。至于你信不信反正我是信了。	2
1305	2	在头版左下方的数据处，编辑统计了1960年以来美国总统竞选胜者的身高情况，发现个高者比个矮者更有可能成为美国总统。	0
1306	1	这是艺术化的钢包，前面有两个人型机器人。	1
1307	1	北京有香山红叶，南京有栖霞山风景，栖霞山是南京看枫叶的地方，不同的时节，带给你不同颜色的世界。	1
1308	3	对我来说来南丫岛就是就是来看TVB拍摄地，码头附近转一下足矣	2
1309	6	（掌声）我会在今晚9：00整，非常突然的，突然的出现在这里！	0
1310	2	在沙漠里开了50公里也没看到其他的游客，太爽了，感觉沙漠就是我们俩人的。	1
1311	3	实际上就是从右边到左边绕了一大圈，然后再从中路往后这样子的一个顺序。	0
1312	2	我靠！我妹夫来上海，你做妹妹的咋不告诉我！	2
1313	5	\\@崔鹏科DM-DANCE ：我与你们同在。	1
1313	9	@邢惠子DM-DANCE @刘波DM_dance @波波1600 @蔡彧	0
1314	2	真的假的不知道我学校里的营业厅给不给查啊	2
1315	1	不是吧？。是逼皇帝放人吧。他和十四爷一条裤子	2
1316	2	是你叫我吃多点的那个我下个月去你公司报道啦	1
1317	1	一早我们从深圳出发，赶往双月湾开始了我们的出海捕鱼之旅。	0
1317	2	蓝天、白云、碧海、渔船……	0
1318	1	86岁的伊丽莎白女王，70岁的麦卡特尼爵士。。。	0
1319	2	丫丫什么时候给我们找个丫姐夫啊。。。嘿嘿	1
1320	4	在大四的时候有幸参加了蔡康永到我们学校坐新书演讲活动。	1
1321	8	12年今晚埃蒙斯最后一枪又射歪了，只拿到铜牌。	0
1322	3	2008年奥运会开幕式，当年申奥主席陈希同在高墙里；	0
1323	1	转发了曹山石的微博:上海高院关于贾跃亭金融借款纠纷的民事裁定书原件。??	0
1323	7	遥想当年创业板我貌似一开始就买了乐视吧[笑cry]成天的大忽悠停牌高位减持～	2
1324	8	昨晚，成龙站在春晚的舞台，高声宣布：最后的夜晚！。。。	0
1325	1	额。。。无是么反应过来已经没有里拉这个东西了	2
1326	2	我……我的人生已经跟古牧分不开了，我发现	2
1327	2	一个小主播丢了工作而已，是小事，但是反应本质	2
1328	2	从演员到制片人，30年他走过几千个日夜交叠的不眠之夜。	1
1329	8	替子公司做融资时，他说需要2亿，我大致测算了一下子公司的资金流，认为5亿比较可靠，按5亿替他融到了资金，资金一到位，他立即上报新资金计划，还需要再融8亿，于是我立即建议公司中止合作退出，未果，现在果然呵呵了	2
1330	1	你还会做菜？！你不是向来都是叫外卖的咯？	2
1331	6	”娜姐会在本周回到武汉，至于何时再返回赛场，目前还没有消息。	0
1332	1	和钟楼遥遥相望，是西安标志性建筑物之一。	1
1332	4	鼓楼的门票35元一人，和钟楼一起买联票的话是50元一人。	0
1333	1	2012春晚的@王力宏 和@李云迪YUNDI 这才叫做心有灵犀啊！！！	1
1334	2	來三亞最舒服的日程就是 在酒店的泳池裡撲騰下～ 因為真的太熱了	1
1335	5	所以，游虎丘，千万不能走马观花，我的建议是半天的时间（4小时左右）。	1
1336	1	对哦，我们还上过大榜呢，当时咋没拍张照片呢	1
1337	8	在书中，朱江洪表示，外界有声音说“没有朱江洪就没有董明珠”，这句话或许有一定道理。	1
1338	1	哈哈哈哈哈哈哈哈哈哈哈哈哈，如我所愿了！！！！！！	1
1339	6	【周俊参赛背后问号太多 城运会第4水平凭啥战奥运】	2
1340	5	中场：伊涅斯塔、卡卡、皮尔洛、贝克汉姆；	0
1340	6	后卫：卡瓦略、巴雷西、科斯塔库塔、阿尔维斯；	0
1341	2	你妹啊……你们女老总的相片是不是安吉丽娜茱利	2
1342	1	個人不是很喜歡這種歷史文化背景的建築或者景點，所以也覺得一般。	2
1343	1	去年冬天一个人去的，非假期非双休日，感觉人并不是很多，排队买票也没有花太多时间。	1
1344	2	我是首映第二天去看的.嘿嘿~不是今天哟亲	1
1345	1	【特朗普再掀推特风暴炮轰司法部长美元创13个月新低】	2
1346	1	问他你知道我是谁的人麽？！鱼吧的！震震他	2
1347	2	来自走起，看杭州的春、夏、秋、冬（上篇）,杭州自助游攻略 - 蚂蜂窝http://www.mafengwo.cn/i/3269904.html	0
1348	4	后卫：乔鲁、科斯切尔尼、默特萨克、维尔马伦；	0
1348	8	替补：阿穆尼亚、斯奎拉奇、阿尔沙文、贝纳永、米奎尔、延纳里斯。	0
1349	2	从东门进入，对面就是这个遗迹馆。	0
1349	3	所谓遗迹馆，就是说金沙遗址就是在这里发现的。	0
1349	5	这是太阳神鸟发现的地方。	0
1349	7	这两件文物是金沙遗址的象征，其中的太阳神鸟已经成为成都市的一个标志。	0
1349	9	鹿在古代被视为神兽，由此可见一二。	0
1349	11	从玻璃地板上走过，三千年前的遗迹就在脚下。	1
1350	1	防追尾的办法:在高铁尾部放一个'实习'字样标记	2
1351	4	货讯通电子通讯《Innovating》七月刊分析了该次	0
1352	1	灵山大佛是无锡的标志之一，坐落于无锡马山秦履峰南侧，1997年建造而成。	0
1353	3	可能是下午的原因，校园里很静，看不到多少学生。	0
1354	3	\\@DanielYe : 。  @英式没品笑话百科	0
1355	2	\\@爱优薇 :今年真是“吐”年春晚啊，吐着吐着就习惯了。	2
1356	3	\\@ATON-RoyEenIG : 春晚不就是个柜子吗  @沈夏天啊 今天的魔术为什么没有柜子！！	0
1357	7	记得直播过程中扫描电视屏幕下方微博二维码！	0
1358	4	走了一圈发现是消费不起的橱窗购物倍觉无趣便往回走。	2
1359	2	融历史、人文和自然景观于一体，为国家级风景名胜区，福建“十佳”风景区之首。	1
1360	2	那怎么行？！不过我们现在两个人当两组人用，短小精焊	1
1361	1	南京总统府共分三个参观区域。	0
1361	7	厅内有租讲解机的，20元2.5h，押金200元。	0
1362	1	我一早就猜到你看完的反应了，我太了解你了！	1
1363	1	昨天万象城看到一辆磨砂紫的，就是没拍下来	2
1364	1	很多布达拉宫的照片不是在药王山就是在广场拍的。	0
1365	1	从侧面看是挺帅的，下次安装冰箱的时候通知我声~	1
1366	2	看了15分钟，也不知道这节目时干嘛的……	2
1367	5	This is for everyone&quot;	0
1368	1	这防线完全看不懂呀，是不是有人收钱了……	2
1369	3	但是西边的云比较多，太阳有可能被云层遮住，就要碰运气了。	0
1370	2	因为那天是周末，所以看到很多当地人带着孩子去那儿。	0
1370	9	秋天到了，落叶归根，冬天来临之际，银杏满地 仿佛预示一个新世纪的到来，跳舞，唱歌。	1
1371	4	离开的时候，我们打了一辆摩托车去港口镇的车站，其实走路的话就10来分钟的事情，2.5元/人。	0
1372	2	老早就知道了，但是老板也没依照法律制裁他们。	2
1373	2	啊？弄不来，怎么搞哇？我很奥特曼的你又不是不知道	2
1374	1	怎么这篇博文前面写的是刘庆柱，后面就变成了刘卫东？	0
1374	2	\\@考古人许宏 :回复@Tarazed :玉釜灶，到良渚也真的看不到！	0
1375	1	一个人的话，对面是谁在给你拍照？店里的服务员？	2
1376	2	那就给我完整版吧，我想要他所有的完整版。	1
1377	6	\\@孙布尔MCjoker :自个儿写的……	0
1378	3	不过晚上降旗之后人少了，散散步，风景还是很美的。	1
1379	1	\\@人们XXXX : 转发微博  @加多宝凉茶	0
1380	1	钟山风景区是一大片景点的合称。	0
1380	7	囊六朝文化、明朝文化、民国文化、山水城林文化、生态休闲文化、佛教文化系列于一山之中。	1
1381	3	【奥运首日赛况：中国军团勇夺四枚金牌表现超预期】	1
1382	2	\\@sophy_苏菲 :呀，周洋，就是那天的摄影师。	0
1383	2	没办法…我不会告诉别人你照爆了四楼多少块镜子的…	2
1384	1	唉，当时看这书看着真虐人，至今不敢看第二遍~	2
1385	2	这两只债券将分别于今年8月3日、9月23日面临回售。	2
1386	1	超像你啊，不知道眼睛真开像谁？是小美女吗？	1
1387	1	你又跑啦。跟着阿郭么。该带上我的。555	2
1388	1	转发了安卓论坛的微博:【贾跃亭在美开建法拉第新总部：PPT极度科幻】近期，贾跃亭投资的法拉第未来宣布搁置内华达州工厂的建设，转而打算在加州北部投资一家新的代工厂，推进FF91在明年实现量产。	1
1388	2	今天官方又宣布计划建造新总部大楼，顶部设置展览厅，俯瞰像飞碟，通体玻璃自然采光。	1
1389	2	\\@王宝泉微博 : 北京不知道有市场吗？	0
1390	2	@阿里爱爱 一万多亿建个伤民的三峡水库；	0
1390	3	4000多亿的奥运会，3000亿的世博，4000亿的亚运会，还有大运会，还有园博会……	0
1391	2	哎！表达那个年纪已过去，没有那么多的闲情拉！	2
1392	2	又是一年春晚时，一起来回顾下去年春晚中的3D效果吧！	0
1393	2	\\@法图麦的妈妈 :2013又会有谁？	0
1394	1	很多年前的一个冬天去过一次，人少，海水更蓝。	1
1395	1	走你  @评述员詹俊 在国内译作“世界时装之苑”的“ELLE”杂志宣布，贝克汉姆将被选为该杂志英国版首位独占封面的男星。	0
1396	5	几千人抢一个职位就为了那2000块工资吗？	2
1397	1	人若能尝尽人生百态，那也是一种幸，你们觉着呢？	1
1398	3	您还想要面子就别雷我了.........	2
1399	1	如果从北京站下车去天安门广场，那么前门大街是你必经之路。	0
1400	1	这张挺有代表性，比这老点就是现在的样子。	1
1401	1	陆家嘴的摩天大楼相映生辉，而东方明珠塔就在这其中。	1
1401	3	球球相连，有没有种大珠小珠落玉盘的感觉？	0
1402	2	是啊这世界总得有人站出来做不被待见的异类吧	2
1403	1	靓姐，我在机场候机啦。下次再来，就请你吃饭撒	1
1404	10	@杨洋yy68 @鲁泽宇 @Nine_9爷 @化妆师伊辰	0
1405	2	其中海象山、极地探险、海豚湾和横琴海是有表演show的。	0
1406	2	\\@雪翼娃娃 :我们一家三口终于在电视上看见你啦！	1
1407	3	图为：@鱼儿blanda-孙敬媛 春光映画CEO@楚戈ChuGe 当晚共走红毯	0
1408	1	南京总统府位于南京长江路292号，从南京火车站乘坐 游1、游2、3、29、44、51、65、95、163、304路公交车均可到达总统府。	0
1409	2	因为那似哭不是哭的表情啊!他是找不着灿成了吧。。	2
1410	2	\\@_OneKissOneHeart_ :哇唔	1
1411	2	\\@张博1226 ：  @门正 曾经的三冠王！	1
1412	2	我妹的狗狗带穿上不敢反抗，只能岔的腿走路	2
1413	5	有的时候我也会爬到青旅的楼顶，吹海风，等天亮......鼓浪屿的夜其实太安静了。	1
1414	2	昨晚一群疯子陪着呢，还有个苦逼的今天还要上班	2
1415	2	随着2014年留学申请季的到来，不少学生已经踏上出国考试培训的道路，或者正在准备报班。	0
1416	1	\\@陆兆聪-sysu : 回复@賈氏寶妍_Trespassing :太搞了！！	1
1416	2	\\@賈氏寶妍_Trespassing :@陆兆聪-sysu 笑死我啦！！！！！	1
1416	3	\\@賈氏寶妍_Trespassing :哈哈哈哈	0
1417	2	有群众反映你天天跟水水搞你们3个我统统休掉！	2
1418	1	过年初一的时候人很多，停车停了很远50元钱停车费。	2
1418	2	进去电瓶车人更多，排队最少1个小时。	0
1419	2	奇峰、鸣沙、湖泊、神泉、寺庙堪称巴丹吉林“五绝”	1
1420	2	这貌似我又上错号了我是憨小妃啊我帮我老公收菜来着的	2
1421	6	向东步行约15分钟，就是东直门大街，也称为“簋街”，这里是北京餐饮一条街。	0
1422	1	在骑行了将近2小时后，我们终于到达了挖色镇。	0
1423	7	\\@从人_青声 : 口味和郑元畅有的一拼。。。。。。。。。。	0
1424	1	叉腰笑，我回到家洗好澡开始看啦，那娃超萌的吧	1
1425	5	\\@溅客_不知啥是脱团的Aimy : 一个人	0
1426	2	那我们也不去了，哎，不知道去华山的路上怎么样啊？	2
1427	3	因为时间原因，我选择了一日游，早上从自己城市跟团出发，晚上看完烟花回来。	0
1427	4	跟团费用为389一人，包含了保险费用。	0
1428	2	全程4个半小时，但实际上可能就开了4个小时左右吧……	0
1429	4	原文评论[241]转发理由:@谢谢谢花痴:难道不是一小撮聪明人跟着他热炒债券，然后抬高价格，找接盘侠卖掉，最后主人公嫌赚的钱太少，最后发现老乡最好忽悠，只不过被戳破了而已。	2
1429	5	乐视了从5亿资本到千亿资本，到最后接盘的都是傻子，中间撤出去的不赚到爆。	2
1430	3	【杨益民等：《绛县倗国墓地铜簋的残留物分析》，华夏考古, 2012, (03)】	0
1431	4	一系列展馆和史料陈列，则分布在这三个区域中。	0
1432	1	我们从大落水骑到里格半岛来回化了两个小时14公里。	0
1432	3	但是周围的风景简直觉了。。	0
1433	6	@张秉君 《熊出没》主创在怡景动漫基地活动。	0
1434	1	同感.....  @杜海涛Hito 快男的总决赛就要开始了，怎么有种过年等着看春晚的感觉呢。。	1
1435	2	女人听说你男人在你评论呢时候就睡着的啦哈哈哈	1
1436	1	不是。本来是发短信的，没想到当成围脖发出去了	2
1437	1	啊你也有这个人啊我也有哎不过被我删了。小燕儿是谁？	2
1438	2	\\@潘雪Victoria : 端午节！	0
1439	1	没有进去里面，就在外围参观了，特别的建筑风格。	0
1440	1	\\@qwindy : @祁le就是个小屁孩  @李开复	0
1441	5	\\@愛在weibo蔓延時 : 转发微博	0
1442	8	第二名：处女座，10月开始整个就顺了，做任何事眼光也开了。	1
1443	1	#乐视12亿资产被冻结#我错过了12个亿，发生什么事了[允悲][允悲]福州·瀛洲街区??	2
1444	1	27号去广州，是不是没有口福去白天鹅喝早茶了啊	2
1445	1	起早到布达拉宫广场拍日出。	0
1445	2	由于拉萨日出晚，到8点多拍完，没有吃早饭就去排队进布达拉宫。	0
1446	2	本以为是中场，结果是终场。只好搞第二场。	2
1447	1	转发了蓝鲸财经记者工作平台的微博:【鲸快讯：乐视债权行不止招商银行平安银行或涉数十亿敞口】7月4日讯，乐视的债权行不止招行一家，同时还对平安银行有若干亿级规模贷款也未偿还。	2
1448	1	7月3日消息，根据上海市高级人民法院的一份民事裁定书显示，招商银行股份有限公司上海川北支行于2017年6月26日向上海市高级人民法院申请财产保全，请求“冻结被申请人乐风移动香港有限公司、乐视移动智能信息技术（北京）有限公司、乐视控股（北京）有限公司、贾跃亭、甘薇名下银行存款共计人民币12365??	2
1449	1	贾跃亭夫妇及乐视系公司12.37亿资产被司法冻结http://t.cn/Rogpxce	2
1450	1	这个世界上谁不想当主席或总理，你不想乎？	2
1451	1	这里有很多故事，虎丘山，吴王墓，也是昆曲的集会地。	1
1452	2	在中国最贫困村一年的接待费用也不止这些吧	2
1453	2	开车缓行在道边，看着风出国草面，旋转的大风车。	1
1454	6	，大家在运动员入场时有木有听到ADELE的《Rolling in the deep》?	0
1455	1	对呀，晚上妹妹带我去吃花蛤一品鲜，我的减肥计划…	1
1456	1	所以就是对于不讲究卫生的人来说，这没什么。	2
1457	2	赛后，朴泰桓表示1500米金牌非孙杨莫属。	1
1458	2	\\@ttt忐忐忑忑t :嘿嘿，拼了，被@拒绝核战  @小米手机	0
1459	1	等啥，哥哥，我早上喝了一大碗绿豆汤，要死	2
1460	3	3、灵山大佛铸铜约700吨，铜板面积达九千多平方米，约一个半足球场大小。	0
1461	10	京剧—中国社会的象征：角色固化，从分工到举止 4。	0
1462	1	嘿，下回咱们两组团，以及叫上司机小北一块吧	1
1463	1	在哪哦，我这两天回北京~准备组织去趟你的馆子~	1
1464	4	\\@余久久 :回复@susie李舒 :王珞丹……	0
1465	2	尤其是钟楼，地处长安之央，有一种世界围绕我转的感觉。	1
1466	1	北京动物园，一般孩子爱去那个地方，里面就是有很多动物啦还有海洋馆。	1
1467	1	重庆朝天门位于重庆渝中区渝中半岛的嘉陵江与长江交汇处，是重庆以前的十七座古城门之一，南宋时期宋朝定都临安，即今天的杭州，那时有圣旨传来是经长江到达朝天门，所以才有了朝天门这个名字。	0
1467	2	朝天门左侧嘉陵江纳细流汇小川，纵流1119千米，于此注入长江。	0
1468	1	【河南宁泽涛李昀琦入围国家游泳队集训大名单】	0
1469	3	我会告诉你们这机器顶部耳机孔的位置还有点胶黏糊糊的么。。。	2
1470	3	一江春水带过尘封的历史，高低分布的院落隐藏着多少盛衰兴亡的往事。	1
1471	3	\\ @DIDI630 :董卿是林志玲的！！！	0
1472	1	这里，曾经拍婚纱照的地方，当时的来去匆匆，并没有让我好好的去感受它的气息。	2
1473	1	我看张浩远以后不是吃男人的醋，吃的醋就行了！	2
1474	4	Beckham: 'It's the right time to finish my career' [via ITV]	0
1475	1	一起看了世博园区上海梅赛德斯~奔弛文化中心的场地，外观已是激动人心。	1
1476	9	夏秋之际去看芦花特备有感觉，一眼望去，很漂亮的，很多拍婚纱摄影的去那里取景	1
1477	1	有一座大桥，大家从桥上步行过桥后下桥时往右捌就到镇上的街道了。	0
1477	4	街道两边是餐馆，水果档，菜市场。	0
1478	5	乾隆九年(1744年)，雍和宫改为喇嘛庙，特派总理事务王大臣管理本宫事务，无定员。	0
1479	2	除了身高可能会差点，我是过了空军体检的，我不慌	1
1480	2	没办法，我也只才看了一点，于是今天上午又去了一次。	2
1480	5	如果就是走马观花的话，我建议，中轴线看完，一直到子超楼。	0
1480	6	然后西边看看孙中山起居室和办公楼。	0
1480	10	传了张景区的游览路线图，以做参考。	0
1481	1	入了北京台春晚的安利，果真一晚上笑疯了。	1
1482	2	别走，就这样吧，在鲁能养老。那是孙国宇他姥爷	2
1483	2	人少的鼓浪屿，安静，优雅，小资，果然是一座海上花园。	1
1484	5	8个涉莞单位拿出岗位37个，招考92人。	1
1485	1	\\@JudyMISA貅貅耐韓庚 :@韓庚 ～	0
1486	4	在节目上，他宣布自己将退出小品表演舞台。	0
1486	5	从明年开始，不但不会上央视春晚，也不会参与地方卫视春晚的演出。	0
1487	5	\\ @仔仔動力聯盟 :这个瞬间已经深深的刻在大家的心里	0
1488	1	西湖十景之一，就在西湖的西北角，位于杨公堤和苏堤之间。	0
1489	4	金黄的油菜花一片片相连，后面是一条狭长的徽派建筑群。	1
1489	5	金黄与灰白形成鲜明对比。	0
1490	7	众里寻他千百度，蓦然回首，那人竟在南京湖南路！	1
1491	1	蔡赟\傅海峰的羽毛球男双之冠是中国羽毛球队本次奥运会包揽5金的收山之作，成为中国军团的奥运第二十八金。	0
1492	2	短线1日游650元，如果进去住一晚上，2000块，吃住另外算。	0
1493	1	请问这是这一季移动和电信合伙打的广告么？	2
1494	3	” 跑出去一百多米发现左手握着手机，但司机师傅也停下车，问我怎么了…	0
1495	2	建议还是到网上看清楚现时情况，再继续前往喔。	0
1496	6	”http:\\t.cn\zTFUSRf	0
1497	1	觉得既然选择西安，就会去看看的景点之一。	1
1497	2	在楼上俯瞰这座老城的感觉因人而异吧。	0
1498	2	我刚看见你的围脖照片，这是你么？搞什么呢？	2
1499	1	经历了一个多小时的等待，又是风又是雨，终于一睹天池的尊容！！	1
1500	8	第1现场 《第1现场》老百姓的夜饭 话题详情 47	0
1501	3	支队立即派出二中队、曲江中队、六中队赶赴。	0
1501	5	经了解，此次火灾是楼盘施工工地工人燃烧泡沫所致！	0
1502	2	@Miss_Marijuana 《加百列.德特勒与其妹》与春晚。	0
1503	2	春娇你来了啊？寻晚做乜吾翻我度训？你去左边度训？	1
1504	4	2B裁判啊，你们才是奥运会的主角啊～～～	2
1505	1	转发了证券日报之声的微博:【200多家上市公司停牌证监会称将完善停复牌制度】7月28日，就上市公司停复牌问题，证监会新闻发言人常德鹏回应，下一步，证监会将不断完善上市公司停复牌制度，强化证券交易所对上市公司停复牌的一线监管，在保障停复牌功能顺畅发挥的同时，引导上市公司审慎行使停牌权利，维护市场交易的连续性和流??	1
1506	1	看了北京奥运会男篮比赛，中国VS西班牙（纪实版），我哭了。	1
1507	1	总统府所在的熙园迄今已有600多年的历史。	0
1507	2	不仅是国民政府中央所在地，而在之前也见证着太平天国与两江总督衙门的兴衰。	0
1507	5	中轴线上是层递而进的建筑群，而两边则是花园。	0
1507	10	一系列展馆和史料陈列，分布在这三个区域中。	0
1508	2	乐视非上市公司部分将面临更多的不确定性。	2
1508	3	即使是上市公司部分，富士康退股和仁宝电脑暂停投资投资可能引发更多效应同样会给乐视上市公司部分带来巨大的影响。	2
1509	4	车不让买，出租拒载，能逃离北京的只能逃了。	2
1510	7	原文评论[75]转发理由:我记得这车是开放过现金预定的。	1
1511	2	你就像黑夜里的萤火虫咧，水别啊，找你分分钟	1
1512	1	我在这里:#北京市,东城区,西长安街#我可真服了这个三星手机的定位了离着八丈远耶我现在在新光耶我在:http://t.cn/zjx4QIL。	2
1513	1	我现在也瞌睡的很~快点过来~还给你留有蛋糕~	1
1514	1	嗯，明天还有苏有朋主题日哦，你休息在家不？	1
1515	3	\\@多拉阿德_野孩子 :这脚法果然是巴西队啊！！！！！	0
1516	2	\\@情定爱卿海 :转发微博  @秋小笨	0
1517	2	里面点缀着陈逸飞老先生等有名画家所画得油画。	0
1517	3	餐馆当时蒋介石以及各位领导人的办公室~真的是让我大开眼界~	1
1518	1	你眼力太好了吧介人绝对是扎人堆里摘不太出来的主儿	1
1519	3	其余四次分别为1981年世界杯、1982年世锦赛、1984年23届奥运会、1985年世界杯。	0
1520	2	难道原创在微博界无生存之地？我准备关帐号了	2
1521	2	同大栅栏、鲜鱼口胡同形成了一个综合性景点。	0
1522	3	力宏独唱，云迪和刘谦表演，李咏和朱军牵手了、经理是爷们儿、两男的在窗帘后！！！！	0
1523	1	珠海长隆海洋王国位于珠海市横琴自贸区，毗邻新建的澳门大学。	0
1523	2	这里是由横琴湾酒店、长隆马戏酒店、企鹅酒店、珠海长隆马戏团以及长隆海洋王国五部分组成。	0
1524	2	操！原来如此！明天找我儿子和那未知的儿子他爸去！	1
1525	1	\\@邓苗1997 : @请输入用户名  @李敏镐	0
1526	2	加油@法图麦的妈妈 明年春晚还是你来导。	0
1526	4	@央视综艺 此刻，央视蛇年春晚总导演哈文正在接受中央电视台新闻频道《面对面》记者董倩专访。	0
1527	5	2、6月23日胖熊比基尼泳装秀火辣开场。	0
1528	3	\\@李茂CaeSaR :hoho...年前的最后一high！	0
1529	2	王子平就在你集团附近！下次叫你帮阿巴挂号！	1
1530	2	看台第一排正中的位置我觉得堪比内场了有木有？	1
1531	2	这个倒不会!我是在炒白银!股票已经不好玩了.	2
1532	2	别我回去你又不在，如你来我回在北京打电话！	2
1533	1	香港一处富人区，TVB剧里面也经常有场景在这里拍。	0
1534	2	反正不是彩琳就是敏智了这还要拖一拖 &amp;gt;&amp;lt;	2
1535	1	后山没什么特别的传说，跟前山算是一体吧！	2
1536	1	或许我该快递封情书，陪你走完这千年的平江路。	1
1537	1	木有的，因为我们是在高处拍，不下海，哈哈哈	1
1538	1	最近咋个回事，一变以前的风格，经常子喝酒哦！	2
1539	5	总统府展出当时的公文，衣着服饰。	0
1539	6	还有关于国父孙中山一些照片，以及关于太平天国的展品。	0
1540	4	看见了好几只猫，其中一只在我蹲下的时候，噌的一下就跳上了我的腿，我还抱着拍了几张照片。	1
1541	2	咱来打个酱油先，省得有人老说我是没博文的家伙，嘻	2
1542	1	不要这样嘛。人家今天和妈妈去培养感情嘛。	2
1543	2	昨夜又梦到。这是为什么呢，难道有什么事要发生…	2
1544	4	整个山区的植被以竹子为主，偶尔也有一些其他热带植物。	1
1545	7	@摄影师卓鹏_卓玛 昨天看@幻影骑士苏杭 发@孙杨 的片子。	0
1546	2	@情侣365个语录 冯小刚点将2014春晚,携手	0
1546	4	备战春晚,看这对Baby组合的表演,实在是被萌翻了,一起瞅瞅少儿版的Lady Gaga,是怎么炼成的吧!	0
1546	7	"新浪微博：@Twins-麒麟baby 播放 83 """	0
1547	1	回到拉萨，回到布达拉，回到阔别已经很久的家。	0
1548	2	哦哈哈哈，你最近在家干嘛啊，来上海找我呗	1
1549	2	吓死我了，你换了头像换了名字。我还以为谁呢	2
1550	1	恩施大峡谷分为云龙地缝和七星寨两个景区，景区车会把游客送到两个景区的门口。	0
1551	2	才发现毛衣只能干洗不能水洗，我没有那么多钱去干洗啊	2
1552	1	西祠胡同，记忆中的南京城和版聚，好怀念！	1
1553	5	一路走走停停，我们经过了沙漠绿洲、徒手攀爬沙丘并滑沙、寻找骆驼的踪迹、追逐远处的山羊、拍摄沙漠的动植物。。。。。。。	1
1554	2	我也不知道投什么票怎么投投票方式谁知道？请告知。	2
1555	1	也难怪二货很少穿这种裤的、、是有点不习惯哈哈哈	2
1556	4	“2014辽视春晚”将于今日19:30开播。	0
1557	1	自学成才的灯光助理，居然是会按快门的水泥女壮汉。	1
1558	1	媒体称北京雾霾天可溯至元代网友称读书少不要骗我10月17日，近日，北京雾霾天逐渐增多，有媒体援引古代气象志为雾霾寻找历史依据，认为自古有之，最早可以追溯到元代，而到了明代每隔几年便会光临京城次有网友调侃，这跟今天的雾霾真是回事吗？	2
1559	3	@唐岩 、@BROOWN 、@hitay 、@段宇宏	0
1560	5	乐视大厦里的讨债者：贾跃亭蒙眼狂奔为啥捎上我们???	2
1561	2	2016年5月，“朝天门”当选为“重庆十大文化符号”之一。	0
1562	1	【鸟叔加盟东方春晚，和谁跳骑马舞成谜？】	0
1563	5	6月表情合集@looper囧瑟夫 总有一张戳中笑点 今天的你是哪种表情呢？	0
1564	2	真的假的？但至于人家信不信，我反正信你了！	2
1565	4	昨天爆出的乐视创始人资产被冻结的事，可能会给那些只讲故事，而不注重公司主营业务的业绩增长的个股带来警示。	2
1566	1	人生若只如初见，让我中个大奖可否？	0
1567	1	而且我觉得那个桑切斯很有水货的潜质啊--	2
1568	1	紫外线啊！不然回来绝对的变成茶叶蛋色系！	2
1569	1	拍照片的必去之处，晚上布达拉宫打上灯光以后，也很漂亮。	1
1570	1	【视频：2012端午节王栎鑫南京暴走签售会出场部分】	0
1571	1	一年四季季季景不同，不同的景不同的心情！！！	1
1572	2	\\@电子竞技杂志皮杰 : nice 加8性情中人……	0
1573	1	安妮，声音传记不是以国语经典歌曲为主吗？	1
1574	1	江面上泛薄雾，偶有零星小雨使得寒冷的天气越发如霜，冻得我二人在竹筏上坐立不得，下面便是漓江寒水，空中飘着的似是冰。	0
1575	2	\\@Lemon_lyang : 呃(⊙o⊙)…	0
1576	4	也有从丽江出发的户外团，根据不同的目的地天数不同。	0
1577	1	色拉寺与哲蚌寺、甘丹寺合称拉萨三大寺，是三大寺中建成最晚的一座。	0
1578	2	第二次是从后山翻进去，不同的路不同的风景。	1
1579	5	这也许给自己留点念想，下次有过来的理由…	1
1580	3	坐上了船，看到了一只“蝙蝠”其实这是一座山叫蝙蝠山。	0
1581	5	\\@ee伊伊_工作充 :淦wwwwww	0
1582	1	上了船，一直站在甲板上。	0
1582	5	无谓就是赌场，90%以上的财政收入来源的一个国度。	0
1583	2	没什么了我还曾经在常中门口的公路中间向人对泼酒呢	2
1584	2	挺大的府邸，走走停停两小时左右，建筑偏西式，花园是中式的亭台。	0
1585	2	这次，在平江街找到了，这平江的夜夜夜夜，真的美的像一片画画画画。	1
1586	2	英国女王伊丽莎白二世的孙女扎拉·菲利普斯（Zara Phillips）将参加伦敦奥运会的马术比赛。	0
1587	1	转发微博  @Holy-Sexy-Girl	0
1588	7	钟表馆，这次没去，却记得央视拍过一个相关的纪录片，很火。	1
1589	2	明我打几个电话，拉拉中石油，让这帮孙子不要乱搞了	2
1590	2	\\@谢婉怡 : 等下载  @Tacitee	0
1590	4	我了个大槽眉毛绝壁是萌物萌物啊啊啊啊BBCGJ！！！	0
1590	5	没事儿做就弄了个开幕式BBC的吐槽小合集， ◇后是po主ID名儿。	0
1591	1	坦白说，江南六大水乡中，景点算是一般吧！	2
1592	4	Let's Enjoy Tha Laid Back Flow N Chillin'In The Beatz~	0
1593	2	嘿嘿，还有一双魔术贴的彩绘厚底，穿的时候再拍。	1
1594	5	从明年开始不但不会上央视春晚，也不会参与地方卫视春晚的演出。	2
1595	1	你家弟弟吖？嘿嘿。孩子结婚是不是跟办家家酒似的	1
1596	2	但是偶尔也是有扑街的时候----陷进沙子里去的时候。	2
1597	1	[太阳]32金服午盘点评[太阳]（请关注微信公众号“32V钱市金生”）两市早盘跳水，创业板率先翻红带领小盘股反弹，午盘上证报收3237.04点，跌0.33%。	2
1598	2	没办法，你们四栋住了一堆机电男跟计算机男	2
1599	6	:英格兰足总杯范佩西91分钟扳平曼联2-2；	0
1599	8	特维斯破门巴洛特利间接助攻 曼城3-0；	0
1600	2	\\@LSTV_乐山乐水 :矮油，你好就没上了吧！	0
1600	3	\\@陈旻翔 :回复@沙雁南飞 :  @LSTV_乐山乐水 分享图片	0
1600	5	乐山女子曲棍球运动员彭杨，将出征2012伦敦奥运会；	0
1601	1	布达拉宫前面的广场，站在广场上，布宫全景映入眼帘。	0
1602	1	乐视网的事情仅仅是股市一个代表性事件，还有其它大量更加隐蔽的忽悠型公司，利用流动性溢价、天真的股民、和监管套利空间，持续地收割一波又一波的韭菜。?	2
1603	1	澳门环岛游，这是珠海最有代表性的旅游项目。	0
1604	3	\\@涉水有三 :下半年靠这段子乐呵了@中国之声会玲 @动漫音乐电影 @话天下 @苏桂锋  @斯台普咨询	1
1605	1	中国应该放的不是爵士乐，而是中国的古典音乐。	1
1606	1	其实我也看了好几遍才能看懂  @楚天都市报	2
1607	3	》 - 现在拼命报考公务员的人，还记得当年下岗工人的前车之鉴否？	2
1608	1	陆家嘴在外滩的对面，隔着黄浦江，是浦东的与上海市区的接点，上海电视塔就坐落在那里。	0
1609	1	台大医院捷运下来，直奔总统府，走路不到10分钟就到了。	0
1609	2	总统府真的就让俺们进去了。	0
1610	1	\\@织羽如斯 :转发微博  @织羽如斯	0
1611	1	转发了财新周刊的微博:【独家|买酷派乐视内保外贷逾期招行申请冻结资产12.37亿元】（记者吴红毓然）招行称，此次向法院申请资产保全，系乐视旗下的乐风移动贷款发生欠息、招行上海分行多次催收无果后所采取的法律手段。	2
1611	6	原文评论[35]转发理由:孙显然不会为这事担保啊//@老曾阿牛:喔，会不会接着起诉孙宏斌和融创中国？	2
1612	2	在英国举办的奥运会，英国首相戴维?卡梅伦不仅为奥运会忙前忙后，还在百忙之中抽空到赛场为本国运动员加油。	0
1613	3	岸边一位老人带着孙子放着蜈蚣风筝，测着风，放，收，看着这些，漫步其中，也算体验了一回武汉人的生活。	1
1614	2	纯属巧合…我和约了一起，一到外婆家门口看到哈巧	1
1615	1	\\@钱泳辰 :  @北京稻草熊影视 长春晚报讯 @钱泳辰 &quot;	0
1616	1	【2014年国考“开战” 沈阳考区3.45万考生赴考】	0
1616	2	2014年度中央国家机关及其直属机构考试录用公务员公共科目笔试24日举行。	0
1616	4	辽宁考区4.81万考生中，有3.45万人选择在沈阳参考。	0
1617	1	养老院是哪里的？对院长是否能来个个人简历？	2
1618	1	去的时候大雾啊，地缝50+七星寨150+索道110+90+步梯.20.....12月份才是淡季。	0
1618	2	从恩施到大峡谷公共交通25+25，交通车还购物，吃的哪？	0
1619	3	\\@keivocal :請問許老師有無發表過蘇埠屯墓地或與&quot;	0
1620	2	春节：1.22至28日放假，1.21和1.29（周六、日）上班。	0
1620	3	清明节：4.2至4放假，3.31和4.1（周六、日）上班。	0
1620	4	劳动节：4.29至5.1放假，4.28（周六）上班。	0
1620	6	中秋节、国庆节：9.30至10.7放假，9.29（周六）上班。	0
1621	4	虎跳峡有一节一节长长的台阶，下来的时候并没觉得多难，等到观完景返回的时候真是颇感有心无力	2
1622	10	例句： 1. I really hate cockroaches , and every time I see one I freak out. 2. We are going to freak out if you don't show up!	0
1623	1	我明明是去一个古镇，怎么这个地方那么眼熟，就像某个县城嘛。	2
1624	2	\\@粽粽粽粽粽粽粽 :………\\ @眉毛神 :。。	0
1625	2	阿姨童心未泯，嚷嚷着想要做游船，反正接下来也没有什么安排，就一起陪她做了一回游船。	1
1625	11	院内也有供游客憩息饮茶用餐的地方。	0
1626	2	我娘亲前几天刚刚给的，让我买衣服~我哪里存得了钱~	2
1627	3	\\@花雨圣芳 : 回复@玛富莉直言2012 :	0
1627	4	\\@玛富莉直言2012 :  @花雨圣芳	0
1628	1	感觉一般的景区，当然，我没有去到山顶住，听说上面清晨有金顶看，如果只是看山腰的话，的确一般般吧。	2
1629	7	不过要能exercise的话，乐视肯定要扩大股本，摊薄现有股东权益。	1
1630	1	慢慢步行到布达拉宫广场。	0
1630	2	七点多，天还大亮着，我架起三角架，以布宫为背景，拍下了全家在西藏的第一张合影。	0
1630	3	20：30，广场上的音乐喷泉开始了。	0
1631	2	"@--same-- ,@栋Nicola """	0
1632	5	呵呵早上八点半，在江门育德街集合。	0
1632	7	从江门到珠海历经一个半小时左右，两个收费站。	0
1632	8	到达入场是差不多十点半。	0
1632	12	看完海狮表演，又折到右边看海豚表演。	0
1632	15	看过海豚表演刚好临近12点，就在海豚馆的外面吃了碗38元的牛丸面。	0
1632	30	在广场上和巡游后的角色扮演演员们拍了照片。	0
1633	1	\\@中国电信内蒙古客服 : 中国又创世界纪录 。  @伦敦在线2012	0
1633	3	伦敦奥运会男子举重77公斤级决赛，中国选手吕小军摘金，这是中国男举本届奥运会的第二枚金牌，也是中国军团的第16枚金牌！	1
1634	1	@简单网 春晚如果找华少做主持人的话两个小时就结束了。	0
1635	1	井水没有给口渴的人喝，好饭没有给肚子饿的人吃。	2
1636	2	下次喝龙虎豹哈哈哈咱几个陪你喝，你喝咱们陪你看着	1
1637	2	嘿嘿！我反正未来两周有的是时间。看谁约我。	1
1638	1	中午的曼听公园很安静，有一种说不清的闲情逸致。	1
1639	2	乐视网已于4月17日停牌至今，最新收盘价为30.68元，较定增价浮亏逾15亿元，浮亏幅度32%。	2
1640	2	你为什么不去阻止！你还是不是传媒界的人士！	2
1641	1	噢哟侬哪能啦qq上也写这里也写的受刺激啦。。	1
1642	4	龙年春晚@赵本山 将携爱徒宋小宝@宋小宝纯行货 赵海燕、杨冰上演小品。	0
1643	1	哈哈哈真的假的啊？搞不好是他失散多年的姐姐~	1
1644	4	【奥运会再曝奇闻 开幕式中途日本被带离现场】	0
1645	3	在沙丘的背风处、底部、湖岸边、泉水旁，生长着乔木、灌木和草本植物。	0
1646	3	高管离职、供应商讨债、资产冻结等无时不在考验着乐视#李海明专栏#	2
1647	1	周日考试啊，祝过啊，记住，这几天别吃面条	1
1648	2	我们8点就到了（的确有点早哈~），显然是今天的第一批参观者。	1
1648	7	展馆分为两个：遗迹馆和陈列馆。	0
1649	1	平均每个月去一次，简直快迷上这个地方了。	1
1650	1	算是西安的标志性建筑，和钟楼距离也近，个人觉得没什么看头。。	2
1651	1	浅水湾是免门票的，来的时候是七八月份，大晒的天这里人还是很多。	0
1651	2	来之前记得穿防晒衣和涂防晒霜哦。	0
1651	3	浅水湾的右边听说就是这里的富人区，据说在半山腰那里有一栋是成龙大哥的哇！	1
1651	4	那天靓靓的微博，发现她和张智霖带儿子在这里玩耍。	0
1652	2	酷耶，你竟然知道我是云林县人，我的故乡叫麦寮	1
1653	5	\\@夏目银时走自己的路 :这曲子是谁写的？	0
1654	1	海面的夕阳 窗外的烟花 山顶的全景 海边的礁石 沙滩上的贝壳 还有…	0
1655	3	华晨宇加油 直通春晚华晨宇你看着办 华晨宇直通春晚10进6，进不进你看着办→_→。	0
1656	1	【湛江海上龙舟邀请赛39条“猛龙”激战金沙湾海域】	0
1657	2	只是拍照电线煞风景，但路边有一棵树，忘记叫什么名字，3-4月底花开的很艳。	1
1658	1	我们在煤市街南口站下，抵达的是前门大街的街尾，所以我们是从尾巴逛回去。	0
1658	3	大街中间就有有轨电车「铛铛车」，面向故宫的方向，前门大街中段的左手边有大栅栏街，右手边有鲜鱼口美食街。	0
1659	5	该男子冻得直哆嗦，妻问：在车内，何故冻成这样？	0
1660	1	财新：乐视7500万美元可转债违约拟债转股据财新，上海奇成资产管理有限公司一只规模为8000万美元、投资于乐视可转债的私募基金，第一期7500万美元已于7月7日到期，乐视方面至今没有按照协议约定赎回可转债，已经构成违约。	2
1661	1	收拾收拾，撤退了。啥时候了?回家看钱钱才是正经事儿	2
1662	1	回去睡觉了，5个小时后起来奔赴北京杭州再见，充满雾霾的北京，我又来了	2
1663	3	\\@春野体诗书法 : 你们请书，我请粽子。	0
1664	1	所以在经历这样两次以后电池就再也没下来过	2
1665	1	粽子节这三天要是还这么暴雨的下怎么办！！！	2
1666	2	重發舊文：1938年希特勒推行純淨血統政策，華人被逼與德國太太離婚。	0
1667	6	@陈志武 今晚是Halloween，在家发糖。	1
1668	2	我们从额济纳前往阿拉善左旗，经过了巴丹吉林沙漠。	0
1669	1	富一代以前也不是富二代撒关系还不是经营出来的	1
1670	5	\\@银河战舰皇马 ：他又来了......  @指阅体育	0
1671	1	【澎湃：贾跃亭旗下价值160亿乐视网(300104-CN)股票被冻结】据澎湃报道，记者近日获悉，上海奇成资产管理有限公司旗下的奇成悦名，已对乐视控股及贾跃亭提起仲裁，并向北京市第三中级人民法院申请对乐视控股及贾跃亭名下财产进行财产保全。	2
1672	15	虽然已经吃得很饱，路过甜品店时还是忍不住踱了进去。	1
1673	2	哈哈哈灬对呀，你在中国就过的美国时间，怎么会灬偷笑	1
1674	2	我很纯的拉，实在是不懂得拉，指点指点得拉！	1
1675	2	驴友饮用水知识分享：http://www.njcjs.cn/news_cont.asp?	0
1676	2	位于京城中轴线，北起前门月亮湾，南至天桥路口，与天桥南大街相连。	0
1676	6	明、清至民国时皆称正阳门大街。	0
1677	2	相比于在广州去过的大岭村，沙湾古镇，那里注入的城市新元素太过于多。	2
1678	2	我的资料啊，我的新书没备份，我的照片啊！	2
1679	2	@Bonyzhong 北京时间7月28日18:23，中国选手易思玲在射击女子10米气步枪项目上夺得伦敦奥运会首枚金牌。	1
1680	1	我怕穿越了之后发现4爷不是我心里的四爷啊	2
1681	1	周一综合症，每周必犯，一犯一整天。。。（via：@瞬间笑疯了 ）	2
1682	2	难道你们也是那这个鸟来砸猪啊？哈哈哈！！	1
1683	1	我买了个史迪仔得拖鞋，去我微博看哦，好好养病	1
1684	2	时至今日，建筑历史三百一十九年（1694年——2013年）。	0
1685	1	正对布达拉宫，广场挺大的，有拍照的，每天晚上有喷泉表演。	0
1686	1	【乐视手机线下体验店大批关停】7月31日消息，由于乐视资金链吃紧，对手机业务相关供应商形成长期欠款，手机和配件缺货，乐视线下体验店也大规模撤店和转型，而昔日与乐视合作成立生态体验店的LePar合伙人，也深陷其中，在大量投入之后盈利下滑甚至出现亏损。	2
1687	1	\\@Diary懿萌 :转发微博  @李小默_Laney	0
1688	2	很多年不看了，咋了？二姨夫是经济日报的吗	2
1689	2	有波力没吃过美好时光的哈哈哈你又是脐橙吧	1
1690	2	以上这些，还不包括之前被赵本山毙掉的两三个本子。	0
1691	1	今天江苏春晚看了赵本山挥别小品舞台的《有钱了》，内心颇有感慨……	0
1692	1	一路上司机会停靠两个休息区，一个是梅子梦工厂一个是海拔2478公尺的夫妻树。	0
1692	3	我超爱里边的乌梅汤。	0
1692	4	第二处休息区夫妻树。	0
1693	1	【大友克洋漫画《AKIRA》预言东京2020奥运会】	0
1694	2	不会的，你晒哥公司这一群爷们，几只猫咪还跑不了吧	2
1695	2	\\@Yeewan一萬-ShowlionroaR :別人主場優勢沒辦法	0
1695	7	@羅志祥 @罗志祥微吧 @林采欣貝貝 @羅志祥粉丝吧 @CJ罗熙杰	0
1696	1	欧洲产品啊，俺没搬爱荷华土豆价钱出来比呢:)	2
1697	2	这个还得坐飞机去收，谁把来回的机票钱给报了？	2
1698	2	你坐火车竟然不随身携带锤子？太没常识了！	2
1699	1	收拾完行李就开始继续出门抓紧时间开始我们的第一站——总统府。	0
1700	1	那您到告诉我她叫啥啊？我现在特向知道他叫什么	2
1701	10	乌云密布下的布达拉宫，显得更加神秘莫测了。	1
1702	2	我在:|Soi Haddsurin 6 Soi Haddsurin 6 泰国ThalangChoeng ThaleSoi Haddsurin 6 地点详情	0
1703	4	请大家记得观看今天晚上湖南卫视的春晚直播哦！	0
1704	1	小时候家长常带去的地方，后来基本变成外地人游览购物的必去之地。	0
1705	4	\\@啪啪啪_Pia_pia_pia :我只知道乔巴	0
1706	1	总统府就在台北车站附近沿怀宁街到底右手边就是总统府，非假日参观时间是周一至周五9：00-12：00，要求11：30前入府。	0
1707	2	怎么就不是比利时呢？你觉着因该是什么？(	2
1708	5	一团团白气在周身漂游，甚至让我觉得自己在云彩中间。	1
1708	6	现在回想起来倒让我想起了在香港飞蛾山看夜景的场景，那天也是在团团水汽包裹中，有身在云中之感。	1
1709	1	求证这真是海参吗？俺这个渔民也没有见过！海参蛋？	2
1710	3	\\@張學友雲南歌迷會 :  @张学友全球粉丝联盟	0
1711	1	我们是从双廊骑行至挖色，挖色美的不是目的而是过程。。。	1
1712	1	3年前来重庆的时候就想到朝天门看看，结果在修。	2
1712	3	我们从较场口坐公交440去的朝天门，虽然有点绕路，但是不堵车，乘到终点站下来之后继续往前走个15分钟左右。	0
1713	1	@-我的每一天 @暖暖小鱼鱼yly @Angel_MrsL @阿三牛肉锅贴 @啊鑫cx @虞xixi  @和米堂无锡八佰伴店 和米堂无锡八佰伴店推出端午节期间特价，1，德式香肠章鱼丸原价18，优惠价15元。	0
1714	1	算我凹凸了，这是a股还是h股上市的公司呀？	1
1715	2	此外，2008年北京奥运会有700万张门票提供给了中国民众，占总票数的50%。	0
1716	1	油菜花开的季节最舒服了，就是人非常的多。	1
1717	1	\\@V人证 :学习了  @明伦书院魏东林	0
1717	9	改回去如何：“ 他个子比我射，奥运会有矮箭比赛。	0
1718	14	“鱼缸”里现有鱼类200多种、20000多条。	0
1718	29	一天半时间玩得很充分，还有时间休息，不会太紧张。	0
1719	2	灵山大佛通高88米，佛体79米，莲花瓣9米。	0
1720	1	转发微博  @何之为欢 关于@湖南卫视春晚2013 的投票	0
1721	1	女神弯是泸沽湖景区中另一个风景特好的地方。	1
1722	1	转发微博  @周笔畅资讯台 正在直播的《2013城市春晚》中，	0
1723	1	在南京求学四年，二次去过总统府。	0
1724	2	“This is an amazing city,&quot;	0
1724	3	says lead singer Tim Lies, talking about Beijing. &quot;	0
1724	4	There are so many things going on here.I think this town is great, so many worlds collide in Beijing.&quot;	0
1725	2	"从新的股权结构看，乐视网有非常明显的""融创中国概念""。"	1
1726	5	这里是2012年第30届奥运会主办地英国伦敦～	0
1727	1	从额济纳到沙漠口，有五六百公里的距离，我们凌晨四点就出发了，终于在十点多的时候，到达了巴丹吉林沙漠口，在这里换乘越野车，进入沙漠。	0
1727	2	巴丹吉林沙漠地跨甘肃、宁夏、内蒙古三省区，面积4．	0
1727	3	7万平方公里，是我国面积第三、世界面积第四的沙漠。	0
1727	8	也不要问我景点的名字，因为满眼满眼的全是沙。	0
1728	2	\\@五莲县义工联合会 :转发微博  @人民日报	0
1729	1	这小日子还挺资、等下次我去我们一起喝哈、	1
1730	7	原文评论[930]转发理由:谁能斗的过人家银行，哪个银行不精明，看你公司强，随便贷吧，额度尽量大，利息跟着大，看你公司不行，该封锁的都封锁了，就怕你墙倒猢狲撒	2
1731	3	A. 20% B. 30% C. 40% D. 50%	0
1732	2	当然系尾指啦。真笨，难道你想罗脚公勾嘛…	2
1733	1	发表了博文《魏则西事件后莆田系现象会否再出现？	0
1734	8	ttp:\\hzrb.hangzhou.com.cn\	0
1735	2	\\@MMM梅 : PUUUUUUUUUU	0
1736	1	转发了金融八卦女的微博:【贾跃亭旗下价值160亿乐视网股票被冻结私募申请财产保全】7月23日讯，近日获悉，上海奇成资产管理有限公司旗下的奇成悦名，已对乐视控股及贾跃亭提起仲裁，并向北京市第三中级人民法院申请对乐视控股及贾跃亭名下财产进行财产保全。	2
1736	2	法院裁定，冻结贾跃亭名下5.1亿股乐视网股票，以及乐视控股1194万股??	2
1737	4	然后网上很火的那个两种颜色的江水的照片就是在5号码头拍的。	0
1737	6	我没有坐两江夜游的船，我知道是在这坐的。	0
1737	9	然后还有那种去洋人街的轮渡，一次15，来回25。	0
1737	11	就是在码头吹吹风，拍拍照，就原路回去了。	0
1737	12	现在这里在修什么来福士广场。	0
1738	2	@可TMDUAJ890 @副乡长36 @单身就我这样I29  @央视综艺	0
1739	2	\\@花儿朵朵官方微博 :看直播，请猛戳!	0
1740	3	乐视内部工作环境非常嘈杂浮躁，到处都是吹牛的人。	2
1741	1	上海天气哈好呀。。。估计东航觉得阳光太大怕飞机融化	1
1742	1	被他这么一说便觉很有道理似的，但却仍不能苟同。	2
1743	4	2013年国家140多个中央机关及其直属机构招录20839人。	0
1744	2	吃完火锅，去看了解放碑和朝天门，开着个车，晚上把车靠在路边就睡了。	0
1745	1	今晚7点半，东方卫视春晚，鸟叔和我们会带给大家一个特别特别的开场！	1
1746	8	进入厅堂，迎面是苏东坡手书的千古名篇《滕王阁序》。	0
1747	4	另外建国大业里面有部分戏是在这里拍的哦。	1
1748	7	位于昆明市区，市民公园无门票，冬季的必游景点。	1
1749	4	前门大街云集了中外品牌，当然也少不了北京的老字号。	1
1750	1	裤子那边至少撞了,你应该还要蒙个面啦,戴个墨镜啥的	2
1751	1	连续两天都在写策划案，望向窗外，妈呀，我看不见了，看不见了，完了，瞎了啊，原来是雾霾[哼][哼][哼]	2
1752	1	买的联票（明孝陵+中山陵景区+灵谷景区）什么音乐台和美龄宫也全部包括。	0
1752	2	原价100元，学生票半价50元。	0
1752	4	10元1次，只能做一次。	0
1752	6	可能是来的不是季节，这里什么花都没有。	0
1752	8	据说本来有一大片梅花，但是现在这个季节也没了，梅花林成树林了。	2
1752	10	就在这边逛了逛，照了一些照片。	0
1752	14	沿着地图准备出去坐地铁去夫子庙。	0
1753	8	到了大足客运站换成105路公交车40分钟即可到宝顶。	0
1754	4	如果你从苏堤过来，那么沿着苏堤一直走到头就到了曲院风荷；	0
1755	10	这首歌的舞蹈把前面三首歌曲的pointdance全部融合进去了！	0
1756	2	姐姐祢是不是这次可唯来兴正元签售的主办方吖、	1
1757	3	记者梳理了一下理由虽多，但相当多的情况却是股价面临下跌，公司为避免这种情况，干脆一停了之。	2
1758	5	\\@何兵 : 存图  @北京人不知道的北京事儿	0
1759	2	目前招行上海分行与乐视发生的业务风险处于可控状态。	1
1760	8	原文评论[298]转发理由:人建行做的是对的啊。。。	1
1760	9	因为你单位的原因觉得你未来履约能力有风险了调低额度难道不应该么。。。。。	1
1761	5	@Rainbow_喬_ 史上金融届首部style~	0
1762	3	\\@Moshantulang :家大业大，不造白不造。	0
1763	1	到苏博刚好九点，开始放人，苏博胜在建筑，藏品嘛个人感觉就一般啦。	2
1764	2	一位是上海的曹凤璐同学的身份证，厦门大学王立信同学的学生证。	0
1765	4	欧洲杯刚结束，奥运会又来了，身体怎么背得住？	0
1766	2	我，依然远远的，有一天会不会一不小心走进你梦里....	1
1767	3	我，对啊，不过他一辈子就只能待在家里，不能出去。	2
1768	2	刚才在处于没睡醒的状态，下次见到记得打招呼啦姐姐	1
1769	2	\\@southpark的kenny守身如玉 : 哈哈哈哈	0
1769	3	\\@黑鸠_Kurotsugumi :23333	0
1769	4	\\@KUMAYO-KUMANE-KUMAKUMA :	0
1770	1	额?也认识洪茂?学校真小真小敢问你是边个?	1
1771	4	@恋上丶电影台词 忽然听说今年有奥运会，才感觉四年时间，一眨眼过去了。	0
1772	6	原文评论[17]转发理由:创业板的雷----大乐视，什么时候这个雷解除了，创业板可以炒的就能炒了	1
1773	1	等你好了咱出来聚啊。最近千万别在喝酒了。	2
1774	2	2015年 第二次去了，这次是带着爸爸妈妈过去。	0
1775	1	来人啊，赶紧把这个装萌拖出去砍了，实在看不下去了	2
1776	1	鲜鱼口西口的尽头就是和北京城有着历史年龄的前门大街，从元朝建都北京开始。	0
1777	5	这次抽出的是晚会的二等奖和三等奖：人数为268+660=？	0
1778	2	在兴坪码头看了20元人民币背景图，匆忙的照了张相就上竹筏了。	0
1779	2	没时间啊，我应该早点醒悟啊，就不是现在这个样子了！	2
1780	1	北京时间7月28日也就是周六凌晨4点 2012伦敦奥运会开幕式 有人看吗？	0
1780	3	YY频道31960101等你.....频道无电视自带电视机OK... 标签： 自带天线	0
1781	2	那我是跟鬼住在一层哦?还是他们跟鬼住在一层?	2
1782	2	\\@SH无轨电车 :\\ @阿達ET :\\ @KDS-农民伯伯 ：转发微博。	0
1783	2	你没有看我今天早上发的微博啊~气死人了这个天气	2
1784	1	转发微博  @VictoriaBeckham中国粉丝会 [old pix] 1997年5月	0
1785	1	转发了观察者网的微博:【招行回应冻结乐视12亿资产：多次催收无果后采取的法律手段】7月3日晚间，招商银行回应称，招商银行上海分行此次向法院申请资产保全，系乐视旗下的乐风移动贷款发生欠息、招行上海分行多次催收无果后所采取的法律手段。	2
1786	8	目前95%的人已恢复，另尚有5%的客户还在进一步甄别之中。	1
1787	3	竹筏是电动的，师傅走走停停，还会在漂流的过程中带着吃一顿农家乐。	0
1788	1	转发微博  @GEM鄧紫棋後援 [视频]	0
1789	2	\\@GIGA循绿 :Interesting.	0
1789	3	\\@AppJamm : Global Good！	0
1789	8	时间：2012年6月22、23日端午节；	0
1790	4	@乐活上海滩 2012伦敦奥运会澳大利亚国家男子游泳队：这支国家游泳队真的是去参加奥运比赛的吗？	0
1791	17	过年了，回家吧，年老的爸爸妈妈一直在等你。	1
1792	1	西坡相比北坡景点不是太多，但是比较安静。	1
1793	1	我睡了十来个小时呢实在睡不着了才爬起来的	2
1794	6	@ABLE_JEANS @Foey-F @mesn @六神官方微博  @六神官方微博	0
1795	4	滕王阁屡毁屡建，先后共重建29次之多。	0
1795	5	“落霞与孤鹜齐飞，秋水共长天一色”。	0
1795	6	王勃这么美的诗句，在现今世不可能再看到了。	1
1795	8	现在滕王阁的位置已经不是历史初建的位置的，据说现在的入口处就是当年初建滕王阁的位置。	0
1796	2	8月7日下午5：45，伦敦奥运会110米栏预赛，刘翔首栏摔倒。	0
1797	5	#Brooklyn Joseph Beckham happy 14th birthday#	0
1798	1	尼玛，我是去你家做客还要自己买菜，那还去做什么客啊	2
1799	2	所以台湾，日本常常会拳脚相加，那还是政治家。	2
1800	1	换一双丝袜也没有什么啊我觉得挺好意思的啊	1
1801	1	你们还不是好耍，一个桌子，微博交流，石化了哥	2
1802	2	给孩子买的糖人，我去吴裕泰买的茶叶和抹茶冰淇淋	0
1803	2	你看或者不看，剧透就在那里，亮瞎你的双眼	2
1804	1	南京城连续下了9天雨，从广州飞来的第一天开始。	0
1804	4	一直拖啊拖啊，拖到了第九天。	0
1805	2	我们的制作团队9号到，10号进场，多多关照啦	1
1806	2	我才刚冲完凉！头发还没干呢！晚安咯！00	1
1807	2	早上八点就到灵山，停车场就停满了大半了，游客也有挺多。	1
1807	3	十点多出来的时候门外的车不知道排了多长的队了。	0
1808	2	你的厅还得好好做灯光，新浪安排的公司太不靠谱了。	2
1809	2	是全国二十个黄金周预报景点及江南六大古镇之一。	1
1810	2	画框的插曲我永远记得，好好放家里，艺术品！	1
1811	1	人不是挺多的，交通在大研有公交到，还要走一段路。	0
1812	1	转发微博  @Mr_Acid 中國移動南方基地有這麽窮嗎,春晚在公司開..	0
1813	1	原本有网络直播的最近也不知道怎么回事儿！！	2
1814	1	14年前的今天在大学宿舍过生日，没想到半瓶二锅头下肚的时候，邓已经驾鹤西游了	0
1815	2	我也是很饿啊哎同桌回来的时候，我帮你接风！	2
1816	7	@魏学珍 @李邈7号 @王艺霖Karen @YAHOO欧阳卉 @在水一方_Mae刘红梅 你们信不？	0
1817	2	现在的滕王阁是1989年10月8日第二十九次重建落成的。	0
1818	2	那我鸡到啊……我鸡到就我对了你不鸡到我就鸡到了	2
1819	1	我注册了，填了收货地址，没让手机短信验证啊？	2
1820	2	啦啦啦啦啦啦啦啦啦啦啦啦啦你以后你是蓝精灵啊	1
1821	1	记得高二看的时候哭得稀里哗啦…同桌你还记得吗？	2
1822	7	4，为什么前两个月还能跑出状态到奥运会就这样？	2
1823	2	败了电饭煲，水果，各种小米，煮粥的米，早餐包子等…	0
1823	5	@黯非黯 @菁宝1022 @焱霧 @2種顏銫 @依拉罐	0
1824	5	@聊聊心理学 得此女者得天下，45秒G点到达！……	1
1825	3	对太鲁阁的印象只剩下山山山山山，和不停地走走走走走。	2
1826	2	哪里！这只是发我前几天没发的！今晚补一下而已嘛！	2
1827	2	普达措国家森林公园是一般游客去游览的景点。	0
1828	2	昨天去了南锣鼓巷，这是在一间首饰店。下次一起去！	1
1829	2	\\@另一只眼 : 回复@Fightingwolf : 准备明天动	0
1830	1	哈哈哈！这个头像还是我拍的这要付版权费啊	1
1831	1	耐着性子，我看春晚，看到晚上10点半，终于我眼悃了。	2
1832	2	不要毁我名声更不要拿我喝酒跟深圳哥比！！！	2
1833	8	央视新闻微博书，这里是365篇中国日记。	0
1834	4	2008年免除46个国家400多亿债务。	0
1835	3	\\@親愛精誠CBI : 回复@乔布斯党 :我在青藏高原，日光城雪域拉萨为乔大哥祈福！	0
1836	14	（图片左起：乔治·贝斯特、布莱恩·罗布森、坎通纳、贝克汉姆、罗纳尔多、欧文、鹿晗）	0
1837	2	后来发现是洗头皂连盒掉进下水道给堵住了，太悲摧了！	2
1838	1	凌晨3点打车上阿里山。	0
1838	3	只好坐小巴去另外的地方看日出，每人300。	0
1839	2	哈哈哈！知道了韩国的东西真系靓到爆呀！快来吖！	1
1840	1	总统府还是蛮多人的，门票好像是40还是多少。	0
1840	6	当时是在国际青旅出发坐车到的总统府。	0
1841	2	浙江卫视永远不会放弃记歌词，那是它的糟糠之妻呀~	1
1842	6	原文评论[21]转发理由:乐视的烂账规模，肯定大大出乎孙宏斌的预料。	2
1843	1	朝天门位于重庆城东北长江、嘉陵江交汇处，襟带两江，壁垒三面。	0
1843	4	朝天门是重庆向世界展示自己的一张“名片”，是重庆对外开放的象征。	1
1844	2	\\@Michelle遙 : 女人，你們的真愛還沒出生呢  @东南快报	0
1844	5	据悉，雷萨切克上个月已经搬进了王薇薇在比弗利山庄的豪宅。	0
1845	1	明天13日下午17点35分新疆电视台四套播出！	0
1846	1	我当时在喝酒，给我看微博的时候，我差点喷了！	2
1847	1	明天休息阿逛阿在，天气太热了!买双凉鞋穿穿	2
1848	2	使劲给那女的抛媚眼，让他俩电影没完，就闹分手！	2
1849	1	从上海自己坐火车到车站。	0
1849	3	然后吃了25元一碗的素面，材料比较多，可能是鸡精放的多，鲜。	0
1849	4	接着招手坐车到出口。	0
1850	1	\\@浙江卫视中国蓝 :蓝莓们，你怎么看？！	0
1851	9	我在这里:|章丘银座 章丘银座 济南章丘银座佳悦大酒店 地点详情 494	0
1852	4	跟电梯似的，但人家升上和降下来的可是坐了一百多号人的船。	0
1853	1	#乐视12亿资产被冻结#活该[嘻嘻]谁叫你当年举报快播呢。	2
1854	8	黎黄陂路尽头有一处写着黎黄陂路街头博物馆的石碑，守望着过去那段别样时光。	1
1855	2	\\@琪琪liu776 : happy day，go on！	0
1856	8	11月4日，周日晚20:20首场直播，锁定CCTV3综艺频道！	0
1857	1	看吧，偶不是最能花钱地，终于找到了科学依据！	1
1858	1	是啊，听说现在不给予办事处，我们这边也一团乱	2
1859	4	原文评论[121]转发理由:把股民和证监会玩的，，，，，//@侯宁:留恋待证！	2
1860	2	刘翔今天将参加17点10分举行的男子110米栏预赛。	0
1861	1	赵本山赠给刘翔对联一副:上联：赚了八年广告费 ;下联：骗了两届奥运会。	2
1861	2	横批：残奧再见 。刘翔回赠赵本山:上联: 大款演农民上了二十年春晚台；	2
1862	5	\\@KDS_beachboy_cn ：	0
1863	2	就是很久没吃的东西才不能一次吃很多，基本的养生之道	1
1864	1	台北总在下雨，冬天更是，停了下，下了停，伞总不离手。	2
1864	2	从住的地方走到总统府的，红砖日式建筑，曾经是日据时的总督府。	0
1865	1	这也算必去的一个点吧，好大啊，逛了一下午，还很赶。	1
1866	1	清晨的古镇很安静，其实相较于浙江的些许古镇，这里实在算不上景点，更像是老人们的居住处。	1
1867	2	"@山东电视综艺频道 @山东电视影视频道 @山东电视生活频道 @王亚飞官方后援会 """	0
1868	1	【青岛国企白领月入5000仍辞职奔公考】	0
1868	2	27岁的小顾学的是建筑设计，已经在一家国企工作了3年，月收入有5000元左右。	0
1869	3	@张泉 Baidu是个智障，Google则被打残，中国别申办奥运会了，申办个网络残奥会吧！	2
1870	2	\\@赵朗懿SKY :@Woody_切糕	0
1871	3	李云迪：力宏唱完那首歌一百三十分二十五秒之后，我也上了他站的舞台。	0
1871	6	——@黄薄码 没品春晚 不吐槽的春晚能叫春晚么？！	0
1872	3	今天我们需在沙漠中行驶85公里，往返170公里。	0
1873	4	2012年7月28日北京时间凌晨4点，伦敦奥运会开幕。。。	0
1874	3	此外，两家私募已向乐视明确表达退出意愿??	2
1875	1	去动物园咯、[脚印][脚印][脚印]去看[猴子]、清早出发咯。	1
1875	4	@往生-余年 @照照照照镜子 墨镜党、出发！[小汽车][小汽车][小汽车]	1
1876	1	【招行回应冻结乐视资产：乐风移动贷款发生欠息】7月3日,招商银行在回应时表示，招商银行上海分行此次向法院申请资产保全，系乐视旗下的乐风移动贷款发生欠息、招行上海分行多次催收无果后所采取的法律手段。	2
1877	1	乐视风波不断，这48家股权私募基金要被套牢了！	2
1878	1	去了故宫，我充分地了解了古代的建筑风格。	1
1879	2	宝峰峙其北，海螺峰居其中，长老峰倚其南，三峰之中又以海螺峰最为雄峻。	0
1879	3	丹霞山名胜古迹甚多，除了别传寺，锦石岩，海天门，一线天等景外，还有历代文人骚客留下的诗文题刻。	1
1880	2	KangTa（安七炫）、BoA、东方神起、Super Junior （Super Junior-M）、少女时代、SHINee、f（x）、EXO、张力尹、Tasty共10组团队参加。	0
1881	2	那得设置多少个领导岗位啊？还不是花咱们的钱吗？	2
1882	1	哦。我知道第一个叫什么了。。怪不得那么眼熟	2
1883	6	http:\\t.cn\zWO7v8H 伦敦奥运会误判错判现象层出不穷，申诉频发。	2
1884	2	拿着保安的工资，干着副总的活，不走干嘛啊？	2
1885	1	夜景虽说不能和上海外滩比，但是各有特点，还是很漂亮的。	1
1886	2	这个教堂已经有一百多年的历史了，是德国建筑群。	0
1887	1	?? ?? ? ?? ???? ?  @李敏镐	0
1888	3	横批：残奧再见 刘翔回本山 上联: 大款演农民上了二十年春晚台；	2
1889	1	这里是当年长江水路的枢纽，江爷爷之前还到此题词。	0
1890	2	\\@北京运通兴恩一汽大众汽车4s店 :	0
1891	1	一句等通知就把我们晾一边了，发个领奖私信会累死啊	2
1892	2	你没看见今天是我们的告别会啊，明天开始去乡下种田了	2
1893	1	向@王珞丹 提问：丹丹請問你上春晚有唱歌嗎?	0
1894	6	《月令七十二侯集解》：“五月节，谓有芒之种谷可稼种矣。	0
1895	1	离足球之星还相差甚远啊！他是校足球队的守门员！！	2
1896	1	桃子妈妈不是刚刚上过什么旅行记…非常了解！	1
1897	7	「HarperSevenFansClub」	0
1898	2	【童鞋们收图：2012年伦敦奥运会赛程表】	0
1898	3	北京时间7月28日04时，2012年伦敦奥运会就将开幕了。	0
1899	6	2008年的今天，第29届北京奥运会开幕；	0
1899	9	@阿保 @仟吉陆伟 @DJ麦太摩妈绘粢王 @DJTONNY	0
1900	4	【视频：《琴筝和鸣》雅尼 常静 - 2013央视春晚】	0
1901	1	他们脑壳原本就是相当于猴子级的，现在又进雨水了。	2
1902	5	腊月二十八那一夜(下周六)，我们一起看过的每台春晚。	0
1903	8	当年北京奥运会开幕式那天地铁通宵运转的哦！	0
1904	2	没证据啊，我如何证明是从我嘴里捏出来的？	2
1905	3	【国际奥委会宣布六城市申办2020年夏季奥运会】	0
1906	2	是啊，不过估计那种情节，有点像中国足球？	2
1907	2	//@温朋达: 嘎嘎的自拍神器太给力了！！！	1
1908	2	不孝子，你妈那事你自己上猫扑看看吧，评论已经上千了	2
1909	5	@汆A汆_ 翻译的东西发出来之后掉了个粉！！！！！！	2
1910	1	总统府让人百感交集，也是让南京人百感交集的一个地方。	0
1911	2	从来没去过河南以南我北方人觉得仿佛进入了画中。	1
1912	1	那我连不会多想勒,哈哈哈!她给你邮过去的?	1
1913	1	\\@五道口奥萨玛 : 转发微博  @今日	0
1914	1	"""罗玉凤，凤姐居然来哥伦比亚大学校门口发传单找男朋友了！"	1
1914	3	她站在校门口向每个不像中国人的外国人，say &quot;	0
1915	2	吃麻辣烫带回家去吃，半夜一个人又不能吃什么东西咯	2
1916	1	宝顶山，距大足县城东北15千米。	0
1917	3	乐视控股中的手机和体育申请破产保护，汽车从乐视控股独立出来，贾跃亭专注去做汽车。??	2
1918	1	咽喉部和鼻腔各种难受是因为最近几天太放肆了吃了好多辣味美食还是真的跟雾霾空气有关系??	2
1919	2	富力入手的时机与成本点很聪明但如果几年以后发生金融危机谁又去得起五星宾馆呢各家企业都该忙于压缩成本还债了吧这是很简单的逻辑。	1
1920	2	2013年国家公务员考试报名24日18:00结束。	0
1921	5	乾隆九年，雍和宫改为喇嘛庙，特派总理事务王大臣管理本宫事务，无定员。	0
1922	1	@Yogi太婆  @窦含章 李菁何云伟这个相声是怎么被选上春晚滴捏？	2
1923	1	家属发迹线越来越靠后了啊。。。你得管管啦	2
1924	2	肯定没有你怂！敢不敢把你今天穿的发微博！	2
1925	2	【浙江6万多人昨参加2014年国家公务员考试】	0
1925	3	昨天，152万人走进“国考”笔试考场，角逐11729个“国家公务员”职位。	2
1925	5	26个考点，分布在杭州、宁波、金华和温州四个城市。	0
1926	2	新版人民币20元背面图案，正是漓江山水的一段。	0
1926	5	第二景区：黄牛峡至水落村；	0
1926	6	第三景区：水落村至阳	0
1927	1	他已不再是你三年前的亮哥了，你老大还是你老大。	1
1928	2	来新疆看了再说话是不是机票太贵买不起啊。	2
1929	1	从湖广会馆出来，沿着江边一直走，就到了朝天门码头。	0
1930	2	开始的时间应该是9点不到，结束是在9点半左右。	0
1931	1	从香格里拉出发，开车不远就上山了，在一个拐弯处就看到了纳帕海露出了全貌。	1
1932	2	沙山沙丘、风蚀洼地、剥蚀山丘、湖泊盆地交错分布，并以流动沙丘为主。	0
1933	6	以职业选手对职业选手，三战三输的情况很多；	0
1934	3	@黄健翔 奥运会接近尾声，关于举国体制金牌战略的争论在所难免。	0
1935	2	双月湾位于惠东平海镇。	0
1936	4	明日天气大雨转中雨，气温22-24度，东南风3-4级。	0
1937	2	把我妈得名字打错了！打了一个估计中国没得的姓！	2
1938	2	他妈的你信不信我开学去你们班教室门口喊李扬飞!	2
1939	3	【白羊座】4 :回复@挑剔小姐yuki :别这样！	0
1940	2	就是因为老咯，所以以后穿西装打领带，领带歪歪带	2
1941	2	三名航天员在太空停留15天，每人津贴达90万元。	0
1942	2	大栅栏位于天安门广场以南，从东口至西口全长275米。	0
1942	6	西边北京坊修葺一新的欧式老建筑洋气十足。	1
1943	1	你赶紧换把，跟桃子一起，她也打算换手机啦。	1
1944	5	当时正在升国旗、奏国歌，可是来了一阵风，美国国旗被刮跑了，只剩下了俄罗斯国旗和白俄罗斯国旗！	0
1945	1	春晚那折腾什么呢= =鼓声那么密 闹心啊~~~~~	2
1946	2	不能够一个人绝不吃火锅这是我关于吃的绝对底线之一！	2
1947	2	这看起来辣吗？那明明就是酱油放多了的颜色嘛。	2
1948	2	江南小桥流水人家，夕阳西下，相当有感觉。	1
1949	2	此外，目前贾跃亭仍持有乐视网5.12亿股，这部分股权有99%均被质押，以行业惯例估测，假设其质押价格均价为45元、质押率为45%，其通过质押获得的资金金额也极可能达到100亿元左右。	2
1950	1	陆家嘴已成为上海的代名词，在外滩对面，金融中心。	1
1951	1	23日是端午节，别忘了吃粽子、插艾蒿吆。	1
1952	3	\\@小米公司 : 20分钟后送出最后40台小米手机2！	0
1953	1	北京市怀柔区喇叭沟门满族乡，有首都北大门之称。	1
1953	2	与河北省的丰宁县、滦平县接壤，距市区150公里，有帽山村、胡营村、四道穴村、西府营村、中榆店村、下河北村、孙栅子村、北辛店村、苗	0
1954	1	+ffffnafhasnghdmmhddgkhkhldrulfuflhflhdludykdykdyldyldylryldylryldylduldulduldh+hdhdulduldulduldlurlurlurulrrlrurlurulrurldl)+7/+udlulddluyldulddululdhzrwzwjg'sfftjfjfcmcbhlkgvkgc	0
1954	2	#yckvvyccjkgcyfythtluyvkycchh+dxthjcgfyhhzscz+vdbzdzbdzbzdbzs+bnfmxfjjrtjj4yddr4#	0
1954	4	#dtJMmtfmxilyfldildoylsyJtKsmsummhtsUmsjHmay/YashJaymyajny#	0
1954	5	suresytskMtss	0
1954	6	#K'snMananAnanb?ofoneEMENOfOfNDONFordoofForN!N-tfjj(gcj!nDo!onoften!nfw ?feV bbrg ~yhdndydd h HSBCmuscleud.mud dud unU.Dundasunderstandnnndy.dun.umudmujeMUdU#	0
1954	7	eJmu~dueneveru nudging underunemploymentnumeroussentU!	0
1954	8	hmchh+fhdhxcgjmymgcghmcjcmnfjfj-jNForn?	0
1955	3	有人总说看到了天安门却没找到故宫，其实过了天安门的门就看到故宫了	1
1956	1	今天这雾霾，出门办事真是冒了极大生命危险，能见度三米多，开啥灯都没用，回家都是溜着边的，我喝了酒，还是机油开的车，技术是不太行，胆子却大，路不到800米，流了至少九身汗	2
1957	1	宝顶的千手观音石刻是中国观音手最多的石刻造像。	0
1958	2	如今的时代，他们早已巅峰不再，足坛已是另一帮年轻人的天下。	0
1959	1	虎丘在苏州跟拙政园并称，有种不到虎丘就算没来过苏州的感觉。	1
1960	1	据说乐视开始被冻结资产了，吓的我得趁倒闭前把我的视频会员看完…	2
1961	2	北极村离漠河县城还有一段距离，建议包车前往，这里有中国最北点，有乌苏里浅滩。	1
1962	7	|周周巍言20140124预告 周周巍言20140124预告 周周巍言20140124预告 播放	0
1963	6	清末，前门大街已有夜市。	0
1964	2	我们看到了老祖母屋，祖母屋的原料均取自百年大树，由圆木或方木垒成墙，这个祖母房已有百年的历史。	1
1964	8	到里格还有11公里。	0
1965	1	我接到水游城的短信的，可是上面只写林依晨要来啊	1
1966	3	我们知道，你多想像吉格斯、斯科尔斯、内维尔那样终老曼联。	0
1967	5	在未来的十天中，将产生503枚金牌，比奥运会多201项；	0
1968	6	七点半，他和女友坐500万的宾利去考场。	0
1969	1	你个少妇,我和雅之春霞一众未婚少女在小聚,气死你	2
1970	1	有媒体目击郭德纲 亮相央视春晚语言类节目终审现场。	1
1971	11	周日晚19:30，锁定CCTV3综艺频道 @董卿卿国卿城官方微博 @Bauta趙春鵬	0
1972	2	我先上就我先上，离我们家忒近，肯定我先上啊	1
1973	2	什么叫慢画版海贼？海赋本来就是慢画先出的	2
1974	4	故宫被誉为世界五大宫之首（北京故宫、法国凡尔赛宫、英国白金汉宫、美国白宫和俄罗斯克里姆林宫）。	1
1975	4	\\@李楠的游戏江湖 :我加100  @刘进 今天咱们先学下面一个汉字：官！	0
1976	2	哎呦，我吃得起！跑那么远去要饭不是我的风格	2
1977	1	就应该到你的旅馆里，不宰客，你比别人宰的还很。	2
1978	2	没有到汉口的，风雪交加滴，我怕我下火车冷死！	2
1979	3	07年、09年再到12年才算见了光，把这个官员免了职。	1
1980	1	这张还算有点日白嘛终于发了一张和你年龄相符的照片了	1
1981	1	转发了蓝鲸财经记者工作平台的微博:【鲸快讯：贾跃亭夫妇及乐视系3家公司的12.37亿资产于上周被司法冻结】7月3日讯，乐视风波仍未平息。	2
1981	2	就在贾跃亭刚刚在股东大会上承认乐视资金链比想象中的更严重后，腾讯财经获悉，贾跃亭夫妇及乐视系3家公司的12.37亿资产于上周被司法冻结。	2
1982	1	门票40，学生半价，民国和太平天国当时办公的场地，充分了解当时的历史！	0
1983	1	【首张衍生品执照出炉，比特币上看3,691美元】	0
1984	4	③虽然易到资金问题解了，但很可能结果是乐视失去了控股权，也??	2
1985	1	不晓得宣传部和集团编委会此次的导向是啥子。	2
1986	1	你从棺材里爬出来啦？还知道有微博这个东西？	2
1987	2	这里的水流比较湍急，但没有高低落差，竹筏只能开电动的，船工是划不动的。	0
1988	1	哎~我就混到这个地步了~你听了给你传的文件了没？	2
1989	1	滕王阁门票50元，学生证25元。	0
1989	5	（南昌（南昌故郡，洪都新府）http://www.mafengwo.cn/i/3464223.html）	0
1990	1	我看成卢沟桥了，还以为你飞机半途改航线了==	2
1991	3	【前央视春晚导演：一台春晚收到43张条子】	0
1992	1	从悬空寺下来之后，坐上车集齐了人，就向恒山出发，还有一段的距离。	0
1992	3	到了恒山，买了门票之后还要坐车走一段路，才到停车场。	0
1992	4	下车之后，我们就开始往上爬了，我天，我可是穿着拖鞋的啊。	2
1993	1	俺也觉得是，锋队真不愧是谍战之王，保密功夫了得！	1
1994	5	他在麻花塑造的每一个角色：公子艾、Alen警官、艾路威、傻春…	0
1995	1	滴水丹屏，名字取得很富有诗意，来自这层层叠叠的岩石，和岩缝间不停滴落的水滴。	1
1996	4	【郭德纲遭BTV呼吁封杀 从春晚下课成定局】	0
1997	6	\\@林中涛声 : 哇靠，那秀波咋还忘词！	2
1998	1	\\@near目目杰二SDSPN基神墙头多 :	0
1999	3	而且，这些广告的受众绝大部分不在这个校园，做给谁看，又因此多了多少听众呢？@东南大学BBS	2
2000	8	互联网金融发展如此之快，科技变革如此之快。	1
2001	1	帝都雾霾好严重啊[感冒][感冒][感冒]	2
2002	2	有饭团配豆浆吗?那肯定美容又瘦身~哈哈哈	1
2003	1	伦敦奥运会8月8日将产生16枚金牌，分别是：田径4金，皮划艇4金，马术1金，帆船1金，乒乓球1金，跆拳道2金，沙滩排球1金，摔跤2金。	0
2004	2	沙漠腹地，就是有几个海子，还有骑骆驼滑沙。	0
2005	3	伦敦奥运会第7比赛日，将产生12枚金牌。	0
2006	1	离开天安门，我们回酒店小憩了一会儿就拿上移动电源出发去了前门大街。	0
2007	1	苏东坡曾经来过的地方，这苏堤还真是挺有历史的了。	1
2008	1	转发了Wind资讯的微博:所有乐视员工建行信用卡额度被清零，主要是因为该行新上线了“新一代”核心系统。	2
2008	6	原文评论[13]转发理由:目前过河拆桥乘人之危的有:平安、招行和建行，哎，银行系统就是这个样子，深化改革第二步就轮到他们了，现在是第一步，但银行似乎用不着别人改，自己先自杀了。	2
2009	2	哎。不知道是世界抛开了我，还是我丢失了世界。	2
2010	2	你们不参加我的队啊，那我参加你们的队算了。	2
2011	1	国庆期间去的南昌，整个城市“吹面不寒杨柳风”，坐2路车一路滴滴答答来到滕王阁，旁边全是拆迁工地。	0
2011	2	雾雨沉沉，滕王阁在雨中时隐时现。	0
2012	1	今年春晚倒底看了个啥啊....此处略去78个字	2
2013	2	距唔俾训啊、上节课因为训教呢样也、同俄班条佬闹交。	2
2014	1	咱哪天吃啊我也离职了不过得先在家养伤。。。	2
2015	3	详情请见：http://www.mafengwo.cn/i/7475009.html	0
2016	4	\\@Cecilia-smile :好久没回家。。	2
2017	1	\\@蘑菇昊X我家蝌蚪有翘臀 :看一眼自己的灯牌转一个	1
2018	1	【“国考”16日开始报名 海南招152人[附岗位表]】	0
2019	3	作為一個兩天一夜的旅遊景區，這裡做得很適當，有24小時的園區內交通。	1
2020	2	是你这个孕妇睡太早啦，年轻人干嘛那么早睡啊	2
2021	5	码头的作用1.两江游轮起点 2.重庆到宜昌的三峡游轮靠泊	0
2022	5	参赛的东大二年级生布川一夫表示，体育进校园是日本成为竞技强国的秘诀。	0
2022	6	据透露，2020年东京奥运会上，扔枕头将成为奥运表演项目。	0
2023	1	\\@十万个冷笑话官网 : 最后一发哈哈哈哈	0
2024	4	迪翁与宋祖英混搭带来《茉莉花》之后，法国女星苏菲&amp;	0
2025	3	只要它的面貌不改，就是我以后无数次去的理由。	1
2026	1	这个博物馆的建筑本身就是珍贵文物，其余无需多言。	1
2027	6	时间:6月10-12日，费用:4800元，含香材香具、教材和价值1980元的香篆套装。	0
2028	2	我从来没把你当正常人看，更没把你当个女人看！	2
2029	1	早上七点出门，然后从恩施到大峡谷中途修路，不放行，等了两个小时！！！	2
2030	2	整晚无睡去看完这出电影，我泪了……也许好久没有泪	2
2031	2	她哪有这么有种啊!!听到片头就在被窝后发微博了!	1
2032	7	[小万陪你看春晚] 春晚还在继续，汪峰正在唱歌——但是，你应该去准备炮仗烟花了！！！！	0
2033	1	看着这雾霾天也没有出门的欲望，但是还是想打球	2
2034	1	转发了宋延庆的微博:贾跃亭和王健林的最大区别是，面对债务，贾跃亭先是说谎继续借，暴露后又躲，不敢面对，缺乏担当，而王健林就很爷们：我负债率不高，还有这么多资产，你们不是逼债吗，好，我还，卖了资产还你们，全还清，今后看你们怎么再求我贷款，还想不想拉我每年几百亿的房租收入存款。。	2
2035	9	（只限江浙户）现为预定，6月7日起发货哦！	0
2035	12	（只限江浙户） 卖家：Style Glitter ￥25.00 去购买	0
2036	6	【刘翔井冈山宣誓 备战2016巴西奥运会】	0
2037	2	76家影院通用北京市内包邮仅189元抢购价值400元的看片会电影通卡，赶紧抢啊！	0
2038	1	到了中转站，我要开始登山了，2000多的台阶，我来了，天池我来了。	1
2039	2	这事让我想起毛主席和他老人家的各任媳妇儿……	0
2040	2	我艹，你不是退出微博界了么，怎么换个马甲又来了哦	2
2041	6	【2013年国家公务员考试近112万人参加】	2
2042	1	咋回事呢没想通应该是肉毒杆菌过效了再切打一针	2
2043	2	@芮成钢 一醉汉不慎从三楼掉下，引来路人围观，一警察过来：发生什么事了？	0
2043	3	醉汉：不清楚，我也是刚到。?	0
2044	2	@张传良boxing ：伦敦奥运会比赛还有二十多天。	0
2045	1	你是谁，不做事么？最近那个半价活动取消了是么？	2
2046	1	35分钟后，CCTV5直播刘翔110米跨栏预赛。	0
2047	2	公众有博客，有微博啊，您发这条不也是监督媒体嘛。	2
2048	3	\\@江南-USA : 姜昆和老郭不是铁哥妹吗?	1
2049	2	那你昨晚去吃傣妹怎么不打包送来给我吃啊哼	2
2050	9	\\@牡丹再不改名就老了 : 葫芦娃！！！	0
2051	1	哈哈哈  @安徽商报 2012湖南春晚奥尼尔采访中，奥尼尔跟吴昕贴了一下脸，奥尼尔脸白了半边！！！	2
2052	2	等位一小时，旁边商家消费500后终于得以进场	1
2053	1	[蜷]哎呀，今天的食物有些囤积过量了啊！	2
2054	2	人生是多么的苦短阿。我们这么一睡一辈子就这么过去了	2
2055	2	先去的地缝，然后回来坐索道上山，开始8.5公里的山路。	0
2055	4	老年人的话进去之前建议买登山杖，或者租用。	0
2056	5	不过只是在外面看了一圈不能进到屋子里体验，很没感觉！	2
2057	1	他走了 感觉自己也老了 今晚 又到加力查了  @新民晚报新民网	0
2058	2	"献给大家端午节的礼物，今天有瑶洁的节目，记得收看哦 """	0
2059	2	然而就苏博来看，无论内涵如何，苏博的外在建筑是绝对不亚于任何一个博物馆。	1
2060	2	不是叫粽子节么O.O  @上海电机学院团委	1
2061	11	还有还有，扩散此消息并@ 5位好友，号召他们参与征集，就有联想手机送给你！	0
2061	12	每天25部手机，每晚20时公布当天获奖名单！	0
2062	1	\\@锐意网官方微博 : 索尼因该发力了！	1
2063	1	买了那么多越野车，报道的比湖南卫视差多了嘛…	2
2064	3	，将在今天 19:30-23:30播出。	0
2065	2	呵呵哈嘻，不上班怎么上网呢？不上网怎么上班呢？	1
2066	1	我去的时候，重庆在下大雨，雾茫茫的一片，嘉陵江与长江交汇处一点也看不清楚。	2
2067	2	虽然已经离开部队，但是我这一生永远是祖国的卫士	1
2068	2	\\@Yan的C家花园 ：哦哟，这个人不是艾米尔么	0
2068	5	\\@Dlee1206 ：why why why why ........... why	0
2068	6	\\@农民大王 ：册那，他们赚了多少钞票啊！！！	0
2069	2	当时正值春游的季节，当天园林里有很多学生。	1
2070	1	真想翘个两天的课，找个没有雾霾的地方，架起望远镜支起帐篷，拉着心爱的人起共度春宵可是最关键的环断掉了我等了你那么久，现在不着急了，只求见到你那天不要让我太失望都说最好的在后边我就好好期待吧	1
2071	2	她出身戏曲世家，五岁守在侧幕看戏，六岁登台演“童儿”。	1
2072	1	前天我在读者上看到了，刘写的一篇文章，竟然看哭了~	1
2073	2	老娘的纤纤玉手被你看成男人手！你瞎了么？	2
2074	4	2、台风“海葵”于7日后半夜到8日上午在浙中北沿海登陆。	2
2075	5	每天还有数班往返宜昌的航班，还可由此前往洋人街。	0
2076	1	\\@賈琳J :lucky girl~~	0
2077	1	去的时候还没有网 晚上停电咯 感觉像一夜回到解放前。。。	2
2078	2	啊哈哈哈，我们岂不是惩恶除贱二人组来，喊句口号	2
2079	6	【微调查:中国男足10年内没有任何目标，你咋看？】	0
2080	6	刚刚结束的伦敦奥运会女子200米蝶泳决赛，中国选手焦刘洋夺取金牌！！！！	1
2081	2	被我搜身。搜出来后竟然还要我给他十块钱路费。	2
2082	1	分享网易图集:「2014年国考开考 152万人抢&quot;	2
2083	1	那天经过三亚湾的时候刚好看到太阳正在下山，就驻足了。	1
2084	2	5555555~肿么这个样子嘛！丹丹和学坏了	2
2085	5	运营时间09:00-21:00，票价20元。	0
2085	6	路线为前门 - 鲜鱼口 - 珠市口（前门步行街南口）， 一共三站。	0
2086	3	\\@太纸终于等到蒸鸡月亮lunew卡普 :	0
2087	4	之吐峪沟石窟 西区中心柱窟甬道内的壁画局部之一。	0
2088	2	\\@蒂姆锅TimGor : 你能强过子弹么？	2
2089	1	嘉陵江和长江的尖角处，整体看上去就是一个弯弯的触角尖指向北方。	0
2090	4	这里的沙子是金黄色的，绸缎般丝滑的，敦煌的沙不能比。	1
2091	1	\\@wangyiling123 :回复@超级马导 :马导牛!	0
2092	2	就掉了几点泪，然后抓紧时间改签去了，总算到上海了	2
2093	2	所以不知道里面是啥样的，只能在外面看看建筑。。。	2
2094	2	\\@艾伦Rainbow : 集体亮相  @文化主题之夜 今天	0
2095	1	要不是百合突然发烧，多半这会儿我也坐在这店里	2
2096	9	【今天是2014年2月4日，距离2014索契冬奥会开幕还有4天】	0
2097	2	每天除了吃海鲜就是拍拍照片，忙里偷闲地过了一个假期	1
2098	2	@八卦_我实在是太CJ了 张靓颖和杨坤的合唱歌里面有一句歌词很贴合今年春晚主题	0
2099	2	找广州信息报要照片区，报纸的版面舍得发照片吗	2
2100	1	奥迪a6l50tfsi性能秒杀奔驰e300l不具备可比性!	2
2101	1	转发了证券时报网的微博:【证监会：完善上市公司停复牌制度】针对市场对任性停牌、长期停牌的质疑，证监会新闻发言人常德鹏昨日表示，证监会将坚持依法全面从严监管理念，不断完善上市公司停复牌制度，强化证券交易所对上市公司停复牌的一线监管，维护市场的流动性和连续性。	1
2101	5	原文评论[16]转发理由:管管乐视这样的停牌股吧	2
2102	4	\\@Mobius妞lisa : 熊熊hold住	0
2102	5	\\@Joanne-lei_北極熊 :你。。。	0
2103	1	当年如果我报了特警。现在估计我也在牧马山窝起了。	2
2104	3	园中面积340多公顷，建筑面积达20万平方米，一百五十余景，有“万园之园”之称。	1
2105	1	what a mice place to go!	0
2106	1	你围脖改的字体颜色是为了测试我们显示器的么~~	2
2107	1	到过两次，一次是丽江去，一次是德钦回，两次感受很不同，感觉人更多了。	1
2108	1	莫非你又独自去看了蓝精灵？怎么不上自己的美照？	1
2109	2	什么啊！我党不让放！票房怎么也不能差太远啊	2
2110	3	她曾是奥运会体操选手，她是Elena，是Katherine…	0
2111	1	@BIG_BOSS宋28号 加油啊，考上了带哥去吃喝嫖赌  @热门微博资讯榜 国家公务员考试152万人角逐1.9万职位——2014年度中央机关及其直属机构考试录用公务员笔试今日举行。	0
2112	3	如果有一天，我老无所依，请把我埋在新闻联播里。	2
2113	2	嘿嘿，我是因为小说才看的，所以感触比较多吧	1
2114	1	迪庆藏族自治州香格里拉县青藏高原南缘，横断山脉腹地，是滇、川、藏三省区交汇处。	0
2114	2	香格里拉这个名字来自英国小说家詹姆斯·希尔顿的长篇小说《消失的地平线》。	0
2115	7	2、白日依山尽，黄河入海流，欲穷千里目——有霾！	0
2115	8	3、日照香炉生紫烟，遥看瀑布挂前川，飞流直下三千尺——A股！	0
2115	10	5、一去二三里，烟村四五家，亭台六七座——豆腐渣！	0
2116	8	6月18日-21日 毕业生办理离校手续；	0
2117	1	按照布达拉宫的建筑风格来建筑的，从远处看就是一个小号的布达拉宫，内部还有学习的僧人。	0
2118	1	\\@亓元开 :这是开奥运会还是开床运会啊~~	2
2119	1	果然是传说中的奇女子，琴棋书画样样精通啊	1
2120	6	原文评论[64]转发理由:这也不能全怪建行啊！	1
2120	9	//@iam沐兔：很正常啊，银行本来就是下雨收伞	1
2121	2	不对，好像只是现存的，删掉的没存相册里了	2
2122	1	舍友说，今天可以看到流星，好期待来着站在顶楼，看见整个城市沉睡也没等到流星，是不是这个城市的雾霾太大了！	2
2123	3	我们是一边看着驴友的游记，一边逛了宝顶山石刻，也算了吸收了不少佛教知识。	1
2124	1	咖啡馆里相聚你我~下午一点我在咖啡馆~亲们来吧	1
2125	1	听说是解了个小手，你信嘛？反正我信，你懂得	2
2126	4	而那缓缓流过的岁月，更是一首让人低徊不已的诗……	1
2127	2	9号应铭哥哥@NOVO先森 @XTETV胡琪芳 @Jian_0724 @Yuki琦琦琦	0
2127	4	@湘潭市广播电视台官方微博 @湘潭广电熊兴保 @湘潭马平 @湘潭同城会  @2013湘潭春晚	0
2128	2	我用打火机拍的、就是你上次借我点烟的那个	2
2129	2	地铁2号线/5号线雍和宫站下车即是，这里永远香客满园。	1
2130	1	西藏地标，必到之处。	0
2130	2	每早人潮如织，大部分当地藏民善信，其余游客。	1
2131	2	\\@EXOM吧福建分会 : 这姿势！！！	0
2132	2	我就不看电视剧，就不追，你不知道本故事纯属虚构啊。	2
2133	2	不睡觉的海？女人要是给劲，男人就找不着女人了	2
2134	2	很押韵嘛，你怎么知道画是他画的呢？你认识志平？	2
2135	2	第二圈自己品，慢慢游走其中，拍拍照，寻找一下当年的辉宏。	0
2136	2	\\@宝二二宝 :回复@柳巷商业街 :是呀	0
2137	2	很久没驱虫。有没有那种一年一次的。老老忘。	2
2138	4	手痒搜索了一下，还是上次那位，唤作乔·穆林斯（Joe Mullins）。	0
2139	3	明年跨年、春晚@Leiqing微博 @虹姐姐2012_囍囍 @凡的妈 @东方卫视番茄台 @有调调的闲人一枚 @尤莉Lily @嘟嘟猫猫猪 @刘嘉惟 @陆昱华 @往往日记 @猪尔博	0
2140	1	反璞归真，除非是他们自己也这么写，我就信！	2
2141	1	下次实会叫埋你啦，去四季喔，唔叫你点出到个门口啊	1
2142	3	但是，这里又历尽沧桑，已经成为中国近代历史的见证，孙中山、蒋介石等均在此进行过政治活动。	1
2143	2	昨日，记者从公安部获悉，对于“闯黄灯”条款，公安部将出台相关的实施细则，对“闯黄灯”进行更为细化的规定。	0
2143	3	同时，公安部方面表示，“闯黄灯”条款的目的是培养驾驶人在路口减速慢行的习惯。	0
2144	2	也看到好几个外国人穿着我们的僧人服饰在求学，真是无分国界的交流	1
2145	4	春晚如果找华少做主持人的话两个小时就结束了。	1
2146	3	\\@张凡Sara :@mayjane  @MostWanted欲望清单	0
2147	2	摄影\Doug Inglish 造型\Simon Robins 插画\Frank Stanley	0
2148	1	滕王阁，位于江西省南昌市西北部沿江路赣江东岸。	0
2149	2	呦呦呦，这是恩熙吗，还没睡这是其一，肿么还看上球了	1
2150	8	远远的，还未进入主景区，峡谷瀑声震震，声闻数里。	1
2151	1	如果去无锡旅游，只能选1个景点的话，就是灵山了！	1
2152	2	所以我觉得开始不大吃大喝的了，栗哥，你以后监督着。	2
2153	2	两市成交量大幅萎缩，部分市场资金对短期行情持币观望态度，市场短期内难改震荡格局。	2
2153	3	下周看，真正有业绩支撑和良好成长性的个股仍将获得市场重新发掘。	1
2154	3	@中国篮球 伦敦奥运会12人名单，在本赛季CBA中有怎样的表现呢？	0
2155	1	沙漠里看起来像下午两三点的时候，其实已经是下午六七点了。	0
2156	2	可是……我单身，买回来男的那件就只能当抹布了	2
2157	1	回复@huaallright :阿暴，你站哪边?	0
2158	2	如果没2015年那轮杠杆牛乐视当时就趴下起不来，贾在US待了半年，乐视大股东远遁US套现走人。	2
2159	2	捡便宜的基因总是深深扎根在国人的脑子里，挥之不去。	2
2160	1	罗宝还拿了几个硬币不给我，让我道个歉才给我！	2
2161	5	6月23日下午6点，@Theo_Croker 和@顾忠山LawrenceKu @王晨淮cHARlIe @alexmorrismusic 在三里屯SOHO夏日时光爵士派队现场	0
2162	1	心不动则不痛，心不痛则不伤，心不伤则万物不动。	2
2163	2	@超牛ande哥 赵本山赠给刘翔对联一副： 上联：赚了八年广告费；	0
2164	1	海上观音像还是非常值得一看的，三面不同造型，挺特别的。	1
2165	2	感受这句诗句，只是江水不再那么的满了，出现浅滩了。	2
2165	3	滕王阁经历了多次的修建，现在的滕王阁是梁思成所建，明三暗八。	0
2166	6	满怀希望去，一路上跟外婆描述的小岛，满目疮痍，外婆也表示去过一次就够了。	2
2167	3	@岳晓琳 @胡可 @沙溢BTV春晚录制中 @司君_东田造型 @icocu	0
2168	1	\\@Minoz_初 :转发微博  @minoz_peace	0
2169	1	你这是帮人不帮理啊，你是他的水军对不对？	2
2170	1	我可倒有时间见他啊…高三没时间…没时间家教	2
2171	2	在西湖银泰这边，这个车常常停这里，有空来看看呀~	1
2172	1	挖色镇大概骑了20公里就到了，一直环海路就行了。	0
2173	2	日前，乐视网公告称，贾跃亭所持乐视网的股权已全部被冻结，其直接持有乐视网股份被轮候冻结数量占乐视网总股本的193.92%。	2
2174	1	如果您还被雾霾困扰，那么我诚挚的邀请您来我家吸新鲜空气看九头胡杨～	1
2175	1	看你的小说一度让我联想到韩东，他的作品你如何看	0
2176	5	马克洛非报名了男子1500米和800米。	0
2177	2	\\@阿薇薇_虏松牢饭吃一生 :TBBT那个太押韵了！	0
2177	4	\\@AkariHiddleston_2月3日你们懂的 :哈哈哈哈哈哈	0
2177	5	\\@杨美晨在布宜诺斯艾利斯 : hhhhhhhhh@爱我苏蘇	0
2178	5	周边也有些大排档，不过想想就知道这是坑游客的地方，并没有进去吃。	2
2179	2	\\@妞爸妞妈和妞妞 :葫芦娃，葫芦娃...	0
2179	4	\\@松江台宋苏伟 :一早转一个提神贴  @玉观音蝴蝶公主 四川大学商学院2013总裁同学新春晚会	0
2180	2	就是你啊，你被人家抓拍的！！搞清楚状况好不好咧	2
2181	2	恶意中伤竞争对手就是你们电信人的素质吗？	2
2182	6	再提下，最最不能忍的是，涠洲岛海边的岩石上全是密密匝匝海蟑螂，吓死人，密恐请勿靠近！！！	2
2183	2	这才是有真本事的，令人尊敬的知识分子啊！	1
2184	5	5月25日，柯洁vsAlphaGo三番棋第二场；?	0
2184	6	5月26日，配对赛，团队赛（相谈棋）；?	0
2184	7	5月27日，柯洁vsAlphaGo三番棋第三场。	0
2185	4	^O^ @敏敏敏敏敏敏敏庚随 生日哈皮！！	1
2186	2	乐视于2015年6月28日以3.508元/股从郭德英手中购得7.8亿股酷派股份，2016年6月17日，乐视再度以1.9港元/股从郭德英手中受让酷派大约11%的股份，总代价为10.47亿港元，成为酷派第一大股东。	1
2187	4	乐视依然会把最好的产品奉献给大家，而乐视汽车更会按照既定??	1
2188	2	唔得,下次出街记得喊个猛男出街先得囖,俄怕。	2
2189	3	在刚刚结束的伦敦奥运会女子10米气步枪的决赛中，中国选手易思玲夺得首金！	1
2190	2	怎么看怎么像救生衣！这又是什么主题的活动呢？	2
2191	3	贾跃亭持乐视网全数股权遭冻结公司称其回国时间仍未确定；	2
2192	1	#李哥新观察#【万达“卖身”三国杀，楼市迎白银时代】曾经的王者万达，如今腹背受敌。	2
2192	3	而融创孙宏斌更是在备受质疑中接盘乐视“大包袱”。	2
2193	5	一般食用时，可带壳切为两半，拿筷子挖里面的蛋白、蛋黄。	0
2194	2	按此前公布行程，贝克汉姆今天下午将前往同济大学参与校园足球活动。	0
2195	2	你有啥事啊？昨天很早就睡了。没有看到你说话啊。	2
2196	1	博士什么时候去的时候替小弟办一个，请你吃100顿开封菜。	0
2197	2	目前的滕王阁是现代修复新建的，并非原建，滕王阁兴兴废废达二十多次。	2
2197	8	滕王阁的旁边有个华夏圣旨博物馆。	0
2198	2	2000年，斯坦福郡大学的教授Ellis Cashmore开设了一门研究贝克汉姆的课程，引起舆论一片哗然。	0
2199	3	\\@iGreensuen :@ElvisWinston  @直播君	0
2200	1	\\@MicheleK : No more ambush?	0
2201	1	听你打电话的声音觉得你今天挺累的……怎么啦？	1
2202	2	【YouTube如何为64个国家提供伦敦奥运会网上直播？】	0
2203	2	还有和大佛照相的时候，不要站在同一条线上。	0
2204	1	我？你疯了吧？这是我和李浩宇最先来吃的！	2
2205	9	北京奥运会把鸟巢建筑工人的名字刻在每一根钢筋上，你们从来不记得。	0
2206	2	\\@头条新闻 :转发微博  @新浪娱乐 央视春晚引发的微博吐槽大潮，到今天愈演愈烈。	2
2207	2	饭吃了出来，被罚了200妈比还扣我三分！火死了	2
2208	10	我在这里:|东四块玉南街4号院 东四块玉南街4号院 东四块玉南街4 地点详情 49	0
2209	1	送张学友海报我吧我在网上订票的到时怎么拿海报啊	1
2210	1	前门大街，聚集着一些老子号的店铺，比如瑞蚨祥、大观楼、全聚德等。	0
2211	1	转发微博  @mati888 发表了博文 《放“粽”端午节》 - 放“粽”端午节 上午吃粽子，中午还是吃粽子，晚上、、、 端午节似乎只剩下了粽子。	0
2212	1	转发微博  @太妃咖啡D 当伦敦奥运会标加上一个笑脸之后～	1
2213	3	高清晰屏幕，高速度运行，高分辨率摄像头，嘿嘿，全有了！	1
2214	2	是的呀你们有木有通知野猪啊通知了的话小命不保	2
2215	1	我现在在外国访问，等会喊我秘书和他联系。	2
2216	1	去的时候人不是很多，和丽江差不多的古城，但是比丽江要人少，安静。	0
2217	1	知道你喝的不是旺旺牛奶，而是旺旺音响，太高科技了！	1
2218	12	对于明清史，我还算有些了解，但如果懂的更多，应该对故宫的体会更深。	1
2219	2	同理，你证明一下上帝不存在？搞到宗教了，你找死啊	2
2220	2	\\@口袋英语 : 到了劳尔你还能忍住吗？	0
2220	3	@经典-电影-台词 贝斯特，贝克汉姆，C罗纳尔多，基冈，达格利什，舍瓦，劳尔……	0
2221	1	#彭宇承认撞了南京老太#就四个字——庸官误国	2
2222	2	当然了，这才是原创，网站不差钱何必与别人争首播权。	2
2223	5	\\@总司家的猪 :我 30号播到12点？！	0
2224	1	每每一看到王祖蓝的名字我就已经笑抽了呢。。	1
2225	2	@土家野夫 与我内心很多吻合，或者是我想要自己变成的样子。	1
2226	1	你们定好哪天觅食，那天我就不带饭了，娃哈哈	1
2227	3	\\@莲开千叶-QING : 我觉得同看春晚的你也应该懂了。。。	0
2228	1	【乐视悲剧：贾跃亭的信守与撤离】乐视生态的失败和瓦解，表面来看是贾跃亭扩张过快、资金链断裂危机所导致，深层次原因，则是其精心设计的一套商业模式难以维系，被迫撤退引发的连锁反应。	2
2229	3	《2013蛇年春晚资讯》：“林俊傑還沒出來吧？	0
2230	8	\\@营口交广 :营口交通文艺广播 FM95.1 2013年《我们的春晚》正在为您直播！	0
2230	12	@营口交广 营口交通文艺广播 FM95.1 2013年《我们的春晚》正在为您直播！	0
2231	2	【刘翔摔倒图片被用作男科广告 翔之队回应争议】	0
2231	4	广州某“男科医院”打出广告，旁边配发一幅刘翔照片。	0
2232	1	嘉陵江和长江交汇处，朝天门码头就像一艘大船扬帆起航。	1
2233	7	国家统计局合川调查队业务科室科员&quot;	0
2234	1	总统府明朝初年曾是归德侯府和汉王府，清朝为江宁织造署、江南总督署、两江总督府。	0
2234	2	康熙、乾隆皇帝下江南时均以此为行宫。	0
2235	1	2012伦敦奥运倒计时 距离2012伦敦奥运会开幕还有 1天16时09分57秒开幕时间：2012年7月28日04时（北京时间） 标签： 伦敦奥运会	0
2236	1	冬季平均气温6.4度。	0
2236	2	阿里山国家森林游乐区西靠嘉南平原,北界云林、南投县,南接高雄、台南县,阿里山国家森林游乐区全部属于国有林班地,总计面积高达1400公顷。	0
2237	2	人家那日子的质量真高,看来他也信，不但笑了还笑醒了	1
2238	2	\\@筱璃co饮却千杯求一醉 :b站回放ww	0
2238	3	\\@司墨呸呸呸_阡墨是我堂客er :马达求音频！！	0
2239	7	@球球CityBrothers-秦皇舞盟 海港区春晚 我们的荧光舞节目 ＜祈福之路＞	0
2240	6	While out and about got invited to some KTV by some friendly fans. Yeah！	0
2241	1	什么类型得书啊，上次，我让你上传得伴娘相片呢，哼	2
2242	2	@天声一队 @芒果V基金 @湖南公视帮女郎  @湖南卫视春晚2013	0
2242	4	今晚，高调队和低调队一共募集到1715733元！！	0
2243	1	我没到，那这证明是不是我要长到1.65？阿门	1
2244	1	应该是喊他一声，对方一应就会被装进去……	2
2245	1	分享自娥江影视器材 《“联盟TMA-09M”号载人飞船返回舱在杰兹卡兹甘东南... - 2013年11月11日，哈萨克斯坦中部，“联盟TMA-09M”号载人飞船返回舱在杰兹卡兹甘东南147公里处... (来自 @头条博客 ) - |“联盟TMA-09M”号载人飞船返回舱在杰兹卡兹甘东南147公里处安全着陆。	0
2245	2	“联盟TMA-09M”号载人飞船返回舱在杰兹卡兹甘东南147公里处安全着陆。	0
2245	3	2013年11月11日，哈萨克斯坦中部，“联盟TMA-09M”号载人飞船返回舱在杰兹卡兹甘东南147公里处安全着陆。	0
2245	4	2014年索契冬季奥运会火炬同时返回了地面，该火炬是在11月7日搭载俄罗斯“联盟 文章详情	0
2246	1	分享图片：伦敦奥运会，国羽第1金：张楠\赵芸蕾，同时也是国羽奥运会混双第3金。	0
2247	1	起这早不象你的风格咧？你遇到那个人了麽？	2
2248	2	我过年过生啊，老天怎么可能不给我好运？！	2
2249	1	文亲，俺刚买了那么多蜗牛霜，嫩家又降价了啊！	1
2250	4	伦敦奥运会女排1\4决赛 中国VS日本&gt;	0
2251	6	逛累了肚子也饿了，在上次来过的小店隔壁，每人点了一碗凉鸡米线。	0
2252	2	才一个月而已嘛！等我去韩国把他抢回来！！	2
2253	1	\\@张妮儿的朴灿妮儿 : 我这口鲜血给林丹的身材	1
2254	7	参与时间：2014年1月27日——2014年2月15日 点击开抢！	0
2255	3	我们是八月去的，野花遍地，风吹草低见牛羊！	1
2256	6	原文评论[24]转发理由:毫无创新的企业只会oem迟早玩完	2
2257	1	看了周董跟林志玲的合作，就一句话——春晚终于有AV了！	0
2258	9	这是一座距今4200年前的墓葬，墓主为一男一女。	0
2259	3	将参加SBS《Running Man》的录制。	0
2260	1	幸亏一大早来的（7点进来的），免票，而且人少。	1
2261	2	下车买票，新办的学生证也起了作用，50元的学生票和68元的环保车票。	1
2262	1	转发了财联社APP的微博:【招行回应冻结乐视资产：乐风移动贷款发生欠息】7月3日，招商银行在回应时表示，招商银行上海分行此次向法院申请资产保全，系乐视旗下的乐风移动贷款发生欠息、招行上海分行多次催收无果后所采取的法律手段。	2
2263	1	\\@王鳯麟1 :中国鸟加中国考，等于中国梦！	0
2263	2	\\@阿弋2009 : 该是一百分的作文。	0
2264	2	知道啦，早就被融化啦！我早就是小兔家族的一员啦！	1
2265	1	26号。昨晚他跟周可人，谭哲一起过的中秋。	1
2266	1	哇。是社里那个停车场吗？有没有砸到车啊？	2
2267	5	我眼中的2013江苏卫视春晚：可有，可无。	2
2268	1	没去过惺惺念念，去过的也不过如此，看的是万国建筑，游览的是心情。	2
2269	1	现在也是游人如织了吧，07年去的时候这里的游客还算少，从丽江过去面包车5块钱一个人。	0
2270	2	后续活动还会有音乐会的票哦，走，去听张学友的演唱会	1
2271	2	你可千万别有这种想法啊，我还要跟你混呢！	2
2272	8	我们是中午11点进去的，晚上8点看完烟火才出来的！	0
2273	1	分享自蓝羽快评 《蓝羽快评：“少年强则中国强”？	0
2274	2	数学是逃不过的啊…除非去学语言咯不是么……	2
2275	1	本来今晚我去找她过夜的,后来我妈叫我下次再去	2
2276	2	有冰糖葫芦呀，吹糖人呀。	0
2276	3	很多游客，不过我们算是淡季的了，3月份初。	0
2277	1	在钟楼附近，好大的鼓啊，有几千年的历史。	1
2278	1	雾霾散去，看到了我想看的球星很开心[嘻嘻][嘻嘻]	1
2279	1	我刚刚上传了一条视频：“相约国考”三步走——了解国家公务员考试：历年招录情况分析 ，快来看吧。	0
2280	1	陈总，好久不见了啊，啥时在北京有空，见面聊聊天啊	2
2281	3	\\@奥利唯特 : @Aoney_敖 恭喜！	0
2282	2	吓，你地十一去啊？衣家改左了，拒公司去新疆啊	2
2283	1	转发了深蓝财经记者社区的微博:钱被冻了【贾跃亭夫妇及乐视系12亿资产上周被司法冻结[并不简单]】从知情人士处获悉，上海市高级人民法院于2017年6月26日发出的一份文件显示，招商银行股份有限公司上海川北支行于2017年6月26日，向上海市高级人民法院申请财产保全，该申请被法院裁定为符合法律规定。	2
2283	6	原文评论[4]转发理由:【乐视控股：正在核实贾跃亭夫妇资产被冻结一事】今天下午，有媒体称，贾跃亭夫妇及乐视系3家公司的12.37亿资产于上周被司法冻结。	2
2284	1	233333333333333333  @英式没品笑话百科	0
2285	1	怎么了？为什么我听他唱歌没有任何感觉？哈哈哈	2
2286	8	1949年4月23日，解放军攻占总统府。	0
2286	9	后来，南京市政府对这里进行维修、重建和复原，辟为旅游景点，称为“总统府”，供游人参观。	0
2286	11	进入总统府，一块南京市人民政府1982年立的“天王府遗址”石碑赫然入目。	0
2286	13	碧瓦红柱的大堂当年曾饰金绘龙，是天朝的金龙殿。	0
2286	19	沿中轴线长廊继续往北前行，就到了南京总统府的主建筑——总统府办公大楼。	0
2286	20	这是一栋六层的楼房，人称“子超楼”。	0
2286	24	从子超楼往东，经过喷水池，有总统府车库、防空洞、职员宿舍、东湖、行政院、马厩等。	0
2287	2	贝克汉姆，你不是个靠脸蛋来证明自己的球星，你的球技对得起你的身价！	1
2288	2	只是看不清那些作秀的男女，我怎么就学不来呢	2
2289	2	【崔健经纪人：不上春晚 我们不会改歌词】	0
2290	2	电话10108888，你代定一下！气死我了！	2
2291	2	\\@Desmondx :笑死我啦！！！	0
2292	8	某些人非常惡 拉菲不拿出來，藏在房間自己喝！！！	2
2293	3	2013年1月17日，辽宁卫视春晚录制现场。	0
2294	2	"其他银行或效仿》招行冻结乐视资产""带了个坏头""?"	2
2295	1	所以你不趁此做一些平时在健身房不敢做的事情吗？	2
2296	1	南京国民政府总统府旧址，太平天国在南京的天王府，清朝的两江总督府，孙中山就任中华民国大总统的地方，乾隆爷下江南居住的地方。	0
2297	2	靠,你觉得可能吗可能吗可能吗,太伤我心了	2
2298	1	相傳於 250年以前，有一位名為阿巴里的鄒族酋長曾隻身來此打獵，滿載而歸後，常帶族人來此，族人為感念他，便以其名為此命名。	0
2298	3	阿里山森林遊樂區海拔高度 2,216公尺，四周高山環列，氣候涼爽，以日出、雲海、晚霞、森林、登山森林鐵路並列為阿里山五奇，聞名國際。	0
2299	2	\\@Francesco蔡蔡 : 贝克汉姆…	0
2300	3	2015年末酷派现金资产还有25亿港元，如今因8000万被催讨。	1
2300	7	原文评论[8]转发理由:乐视债务危机已蔓延至乐视系上市公司，27日酷派公司接到平安银行深圳分行民事起诉状，请求判令借款人立即向其偿还贷款本息共8000万。	2
2301	5	八强对阵分别是： 6月22号 捷克VS葡萄牙！	0
2302	4	@oqrbac2077086 @ndqcky133562 @ithgad66981  @小米手机	0
2303	1	\\@RTA左溢官方后援会 : 左宝儿你这是困了呢还是醒了呢？	0
2304	1	\\@老贫头陈绍华 :这，才是奥林匹克的未来。	1
2304	4	\\@潘_Victoria : 接上条。	0
2305	2	又下了几分钟的雨，什么情况啊，不能大哭一场么？	2
2306	1	1932年在美国洛杉矶举办的第十届奥运会。	0
2306	2	@阿胖达 @咕叽咕叽的  @泰达宏利基金	0
2307	1	我怎么知道…应该被认为属于恐怖主义事件一类的吧…	2
2308	2	到达方式地铁2、3号线的大行宫站，票价40元。	0
2309	3	\\@vanderbilt_SX :好像这首是paul写的，imagine是john的	0
2309	6	\\@提子小豆 :  @新浪体育 伦敦奥运会主火炬终于点燃了！	0
2310	1	\\@陈为陈某人 : 外观设计、营销传播、用户体验，奥巴马这款“总统”产品胜在前两环	1
2311	1	你有无翻黎啊？星期六去唔去兴表度食满月啊？	1
2312	1	86年去过一次，那时的票价5元/人，现在136元/人。	0
2313	3	财报显示，其前六个月的营业收入以及归属于母公司股东的净利润，均出现一定程度增长，??	1
2314	1	对呀，有我，我还和老门相识了，到现在相伴了4年	1
2315	5	3点20左右辩经的师傅们拿着自己的垫子排着队开始出来，各自分好组，有坐着的有站着的。	0
2316	2	你周围也没见什么人嘛，莫非官府为您老清场了？	2
2317	2	不愧为认识十多年的老同学，非常有道理，听到未阿？	1
2318	3	让我知道，这片土地的今天，因为有他和他们。	0
2319	5	江恩施大峡谷全长108公里，总面积达300多平方公里。	0
2320	2	可是和其他队相比还是很少啊当然我不是针对你啊	2
2321	1	笨笨丢这个美食城在咱家门口叫你去你没搭理我哼	2
2322	2	你怎么买？这东西不能快递，我是当面交易的。	2
2323	1	国际大都市的新宠，融合了闻名于世的多座建筑。	1
2324	1	估计现在也就剩下郑州富士康的厂区没扯网了……	2
2325	1	【乐视资金危机：平安银行要求酷派立即偿还8000万贷款】7月27日消息，酷派集团在港交所发布公告称，本公司于近日接到平安银行股份有限公司深圳分行诉本公司附属公司宇龙计算机通信科技（深圳）有限公司、本集团的两家附属公司及本公司单一最大股东之实益拥有人及其联系人的民事起诉状。??	2
2326	1	\\@Rebecca曹 :为了她的萌再转一次！	1
2327	2	\\@周师傅啊啊啊啊 :转，等待删除...	0
2327	3	\\@龙喵的蛤叫哥蜊 :我转转看会不会删除～	0
2328	3	购物：码头上有一些卖舰艇拼装模型的，他们看游客走路的方向定价。	0
2328	4	名词：所谓3号码头就相当于火车站的3号站台、机场的3号登机口。	0
2329	3	”记者近日从文化部艺术司演出管理处获悉，2014年文化部春节晚会目前已确定停办，1992年 文章详情 1	0
2330	12	【多次验证[ok]7.7[韩国]韩国[飞机]?青岛】	0
2331	2	步行街两侧全是老字号，大栅栏、鲜鱼口、杜莎夫人蜡像馆、全聚德等等。	0
2332	9	2012年7月30他坐了十几个小时的飞机，却只上场26分钟。	2
2333	2	Part 5 .小贝在拼北大校门的拼图~	0
2334	2	就是昨天坐公交的时候很悲催，手机掉上面的水桶里了~	2
2335	1	我们是跟团去的巽寮湾，本来以为他会带我们去像图片那样的地方but！	2
2336	1	为什么我总是不能把你和女人两个字联系在一起呢？	2
2337	5	\\@萧伯纳 :@北京发布 @北京王惠 请两位给个态度！	0
2338	2	不挖到第一手信息还怎么在漯河传媒界混啊！	1
2339	2	混合双打中，有一组成员是何流和 @邵森孟 ，这可是混合双打啊亲！	0
2340	5	【传@郭德纲 受春晚特别审查 姜昆郭冬临作品被毙】	0
2341	1	回复@小P奶奶2007 :我会加砖添瓦的，别急。	1
2342	2	我们单位办的特卖会呀最后一天我们内部员工扫货呀	2
2343	1	第二项跳马：出场选手邹凯、张成龙、冯喆！	0
2344	1	东京获2020年夏季奥运会主办权  @上海发布	0
2344	4	北京时间今天凌晨4时，土耳其伊斯坦布尔、西班牙马德里、日本东京三城竞逐2020年夏季奥运会主办地。	0
2344	8	戳附图，看历届夏季奥运会主办城市，你对其中几届有印象？	0
2345	2	\\@isunnysun :  @侬好旁友	0
2345	3	【模子！白岩松在奥运开幕式是这样介绍日本的】	0
2346	6	除了400米，他还将参加4*400米接力的比赛。	0
2347	5	栖霞山爬到山顶之后看到的长江，很雄伟壮观，还听得到货轮的鸣笛声。	1
2348	4	朝天门码头自古江面樯帆林立，舟楫穿梭，江边码头密布，人行如蚁。	0
2349	2	恩，丹丹我们在一起，陪着霄云一直走下去！	1
2350	9	今天是农历壬辰龙年十一月廿三，距离癸巳蛇年正月初一还有整37天。	0
2351	4	1. Dragon Boat Festival 端午节;	0
2351	6	3. Dragon Boat Race 赛龙舟;	0
2351	8	5. lunar calendar 农历;	0
2351	10	8. (sticky) rice dumplings 粽子;	0
2352	2	\\@伟大的安妮 :尼玛我的笑点！！！！	0
2353	2	细雨纷飞，凉风习习，我自己形容简直就是“情深深雨濛濛”嘛。	1
2354	1	走出大栅栏就是前门大街，大栅栏正对的是鲜鱼口。	0
2355	4	反正我买的是半价学生票，当然就买了通票，哈哈哈。	1
2356	4	魔鬼城所在的克拉玛依一直有处抹不去的伤痛，简而言之就五个字＂让领导先走！	2
2357	1	IMG_0680 赵二妞魔术技压春晚魔术！	1
2358	2	请问我是否又多个职业了，婚姻调查监督员!	2
2359	2	林宥嘉和张杰将组合翻唱老歌参加央视蛇年春晚，组合引热议。	0
2360	2	除了招行和平安，是否还有其他银行卷入目前还无法确定，但可以确定的是，如果其他银行跟进招行的动作，也同样申请保全，乐视方面可能会遭遇资金面上的“??	2
2361	1	\\@陈洁cjxl : 花花  @叶洁梅YM	0
2362	1	去了北京不进故宫，就好比不到长城非好汉。	1
2363	1	哈哈哈！昨天坐在车上一直想着会不会变金刚！中毒了！	1
2364	1	唉~再这样下去咱们就真要不食人间烟火了！	2
2365	1	转发微博  @神吐槽V 你没见过的机械舞！！	0
2366	1	那来三亚找我们玩吧~你哥让你给他打电话……	2
2367	3	@男装日志 2012伦敦奥运会澳大利亚国家男子游泳队：这支国家游泳队真的是去参加奥运比赛的吗？	0
2368	2	几乎没什么看头，就一个办公楼，一些家具啊啥的	2
2369	4	依旧是拍婚纱照的取景地之一，不少人在拍婚纱照。	1
2370	4	发改委等八部委：加强对分享经济平台企业垄断监管。	1
2371	2	：运动员在各项比赛中一赢，奥运会立刻为运动员“点炮”：升国旗，奏国歌！	1
2371	7	的四方分别是：运动员、奥运媒体、赞助商和奥运城市。	0
2372	2	在要求下，我表示您也是贤妻一枚！以示公允！	1
2373	1	我们现在去宾休了，没时间。你到机场了吗?	2
2374	1	沙滩是人工的，据说是三亚运来的。	0
2374	2	tvb剧集里经常会出现的场景。	0
2374	3	浅水湾的正前方是大海，浩瀚无垠的海水湛蓝湛蓝的。	1
2375	3	做企业最最重要的就是资金链，步子太大整崩了就完了呗。	2
2375	4	不过乐视也死不了，最多就是砸锅卖铁，变卖资产，收缩战线。	1
2376	1	这个就是他们公司的项目啊。。。绝对的豪宅啊	1
2377	2	至今已有600多年的历史。	0
2377	3	其历史可追溯到明初的归德侯府和汉王府，清代被辟为江宁织造署、两江总督署等。	0
2377	5	总统府（中国近代史博物馆）占地面积9万平方米，共分三个参观区域。	0
2378	2	前提是中文的不带的，英文流行音乐不带的，靠谱哇？	1
2379	1	大忙人,知道来微博望我一眼了啊?中秋咋过呀	1
2380	1	老爸老妈在看北京春晚，我在看微博，腾讯微博终于在北京春晚上露脸了。	1
2381	1	北京的交通啊，客人开了3个小时才到了公司	2
2382	4	\\@_Holly_ : 这个八得太细了。	0
2383	3	，01-17 20:00-01-18 01:00，已经播放了220分25秒，一起来看吧~	0
2384	1	你又跑新疆去拉？我们这也天池了，不过下雨下的！	2
2385	2	其实只是导游车路过，导游把我们放下来走了走…………	0
2386	2	我指给他们看他们说长沙雾霾比较重，好久没有看到过星星	2
2387	1	现在没的去耍的欲望的了呀……昨天碰到他们的所	2
2388	1	那你就不是敏感性皮肤。。红酒敏感性皮肤禁用的~	2
2389	2	据悉，该餐厅选址在泰晤士河南岸的Union Street，并由此取名Union Street Café。	0
2390	2	@微博新鲜事 2012年部分节假日放假通知出来了！	0
2390	3	春节1月22日至28日放假调休，1月21日和29日上班；	0
2390	5	中秋、国庆节9月30日至10月7日放假调休，共8天。。。。	0
2391	2	嘿嘿！今天兔爹来接，车上备足干粮饮料，准备持久战	1
2392	8	创业板的估值现在还是太高，不知到时如何光景。	2
2393	6	Miss u like hell~~~~	0
2394	1	转发微博  @核心海峰 伦敦伯爵体育馆，奥运会排球比赛举办地。	0
2394	4	@新疆949交通广播 @新疆新闻广播赵刚 @潘登008 @张翼949 @直播新疆 @新疆电台史林杰 @新疆电台姚兰	0
2395	1	转发微博  @王子强WANGZIQIANG	0
2396	3	赶紧让同事帮着网上订电子票，经过一番折腾终于订到票了。	1
2397	1	对于重庆，我最早并不知道解放碑，但很早就知道朝天门，知道是长江和嘉陵江的交汇处。	0
2397	2	两江交汇处，左半边为嘉陵江，右半边为长江。	0
2398	7	据悉央视春晚中，@平安anson 与许艺娜、阿普萨萨不会合唱一首歌，而是联唱。	0
2399	2	大半夜我个小男孩出去接你个已婚妇女我。。以后怎么办	2
2400	1	今年这样看春晚：左手刷微博，右手微信群吐槽。。	2
2401	8	除了窨制桂花茶，腌做糖桂花，酿成桂花酒，还可入馔。	0
2402	1	哦，你有多少戏份呀？不会演个临时演员吧对外公演吗？	2
2403	2	哈哈哈、我唱给我的、让我不要放弃攻打棒子的念头！	1
2404	1	一会会让你买消防的东西，灭火器嘛的，别搭理他们啊。	2
2405	1	最近在施工，从小什字地铁出来，以为走一会儿就到了，结果翻山越岭啊～上上下下，下楼梯上楼梯，走河堤。	2
2405	2	终于走到了朝天门的尖角处。	0
2406	2	不带这样的啊！？太过分啦，让我们情何以堪啊	2
2407	1	【乐视网：贾跃亭所持股份被冻结与公司本身无关对公司控制权影响暂无法判断】证券之星27日讯，乐视网晚间公告，控股股东贾跃亭直接持有公司5.12亿股，占公司总股本25.67%，上述股份全部被冻结，被轮候冻结数量占公司总股本193.92%；	2
2408	1	那肿么切打听打听一哈哦，我们还是去看看嘛	1
2409	13	雍和门之后是一个四体碑亭，再往北就是雍和宫了。	0
2409	14	在两侧分别是讲经殿，密宗殿，时轮殿和药师殿。	0
2409	15	雍和宫之后是永佑殿，永佑殿之后是一个庭院，北面是法轮殿及戒台楼和班禅楼，庭院的左右两面是两个配殿。	0
2409	16	再往北的庭院里还有万福格，延绥阁，永康阁，雅曼达噶楼，昭佛殿和绥成殿等。	0
2409	18	其中有紫檀木雕刻的五百罗汉山，金丝楠木佛龛。	0
2410	4	\\@张_杰守护团_投票组_佳佳 : 张杰张杰	0
2410	5	\\@___爱某俩人的二货一枚 : 肯定是杰啊！	0
2410	8	\\@把杰装星里 :张杰  @HTC官方微博 选谁呢？	0
2411	2	很可能就是追尾啊，结果扭扭捏捏的写个碰擦。	2
2412	3	【我是番茄控：2012@东方春晚 抢票啦！】	0
2413	1	我哥刚巧在成渝动车上，遂宁暴雨电闪雷鸣，现在停了。	2
2414	6	我在释迦摩尼大殿虔诚地点燃一盏酥油灯，在佛主面前磕上三个头，双手合十静静许愿。	1
2415	1	早上在火车站坐88路直达景点。	0
2415	10	出来后，坐88路在梅园总站下车，站牌前行后路口右拐，换乘87路去的鼋头渚。	0
2416	1	人生与事业的四个结局：1、人在，事业在；	0
2417	1	淡水的渔人码头和那里的日落给我留下很深的印象。	1
2418	1	\\@涩论 :春晚状态汇总  @智言趣语 春晚状态汇总。	0
2419	1	前几天出差去西安想见你，咋不回我短信呢？	2
2420	1	\\@Libra_提拉米蘇 :转发微博  @央视新闻	0
2421	1	在马尾混了二十几年了，竟然不知道它是生产什么的	2
2422	1	从其砍刀的次数和造成的结果来看也应该是防卫过当吧！	2
2423	2	这他妈就是距离，真不上进！！efforts！！！	2
2424	2	\\@Email口w口 :56怎么会没有	2
2425	2	今天没白来啊！才发完围脖就进来三个小美女，哈哈哈！	1
2426	1	\\@内蒙古电信VIP客户经理刘志伟 :	0
2426	3	\\@翼支付 : 北京时间明日凌晨，伦敦奥运会即将拉开帷幕！	1
2427	1	Metro15號江蘇春晚錄製@江苏卫视 化妝室準備中～	0
2428	2	木有事了啦，我又没怎么哭过。感慨别的人。	2
2429	3	\\@何佳北边11 : 这个真的太亮了~	0
2429	6	非在比赛过程中提04年雅典林丹输球后和谢杏芳通宵发短信…	0
2430	2	感受下老北京紫禁城的生活，看看皇帝皇后住过的地儿。	1
2431	2	还有那两届奥运会的同一个1356号，13亿人56个民族！	1
2432	1	前门大栅栏商业街，以前是老北京的中心地带。	0
2433	4	\\@生活日报 :可能是经纪公司的运作？	0
2434	5	2012，又到一个奥运年，来看看这届的奥运场馆先~~~	0
2434	7	哦对了，你知道这届奥运会是在哪个国家的哪座城市举办吗？	0
2435	1	我还记得那年你唱童话。我以为是原声。记不记得?	1
2436	5	赵本山对外宣布退出小品界，从此封山小品舞台。	2
2437	1	转发了砺石刘学辉的微博:我从10年投资乐视，13年加入乐视，16年离开乐视，我自信对乐视是最有感情，也最为真诚的，因为我知道乐视与老贾的所有不易，我也被老贾的勤奋、冒险与坚韧折服。	1
2438	1	当然不是。把此前的一切幻化成一个臭屁用力的放出去	2
2439	2	当年是日本人建的，所以处处有殖民建筑的痕迹啊。	0
2440	1	回复@eochenfeng :在做围脖直播，春晚剧组给我安排了任务	0
2440	2	\\@eochenfeng :乔姐今年在现场直播？	0
2441	4	\\@Kelly卡卡喵 :！！！！@Sugabee丹丹	0
2441	10	陈雨黎是作曲家陈其钢的儿子，生前曾与谭盾、朗朗、林忆莲、莫文蔚、张亚东等音乐人合作，曾任北京奥运会开幕式录音师，《金陵十三钗》《山楂树之恋》等电影原声带制作人。	0
2442	4	万众瞩目的刘翔，是否会如约出现在110米栏决赛的起跑线上？	0
2443	2	你们店又不给工资，俺是出来打工滴，不给钱不来	2
2444	3	\\@张树荣 :7月27日伦敦奥运会开幕式！	0
2445	1	以后没事就要给我咬口哦。还要没事做饭给我吃。嘿嘿…	1
2446	2	但从进入扎尕那的那一刻起，手中的相机就一刻不曾停歇。	1
2447	1	现在的前门大街已经不是以前的前门大街了。。。	2
2448	2	我吃了：半只西瓜+1个猪手+皮蛋豆腐+1瓶啤酒；	0
2449	2	哈哈哈！我这个名字不是浪得虚名的！是我自己起的呀	1
2450	5	必看：木雕三绝：五百罗汉山（在法轮殿）、檀木大佛（万福阁）和楠木佛龛（万福阁东厢昭佛楼内）。	0
2450	6	铜铸须弥山：雍和宫大殿前的庭院里，椭圆形汉白玉石座上的石池中。	0
2451	3	房子里多是民清时期的科普，服饰啊，人们的生活啊……	0
2452	2	我昨天晚上才看电视剧，不过书我已经看过很多遍了	1
2453	3	该寺又称归化寺距中甸县城5公里，是一座古镇规模的古堡群建筑。	0
2454	13	U r INCREDIBLE, u r Jessie J!	0
2455	2	那是国外，国内除了关系，其他一切都是浮云	2
2456	3	滴滴和优步也不接单，幸好往前走了一段后有公交440线路，直通小米市站。	0
2457	6	深圳公安局交警支队最近表示，暂未对闯黄灯的行为进行处罚。	0
2458	2	》十三五规划教材就是国家列入第十三个五年计划里的教材。	0
2459	4	\\@Panda蔻蔻 :其实这个我没看懂~	0
2460	2	我到现在也搞不清你们部门到底在做啥...	2
2461	3	6月26日，因为乐视手机贷款尚未偿还，贾跃亭夫妇及乐视的12亿资产被司法冻结了，人们还惊奇的发现，乐视的法人代表已经变更了，不再是贾跃亭，但乐视控股大股东还是贾跃亭..老板联播的秒拍视频?	2
2462	2	@米娜 今天会熬夜看2012伦敦奥运会开幕式の童鞋举个手~	0
2463	2	一楼介绍了总统府的历史故事，二楼这是蒋介石的住所	0
2464	3	北京时间2月28日，巴黎圣日耳曼在法国杯1\8决赛中迎战马赛。	0
2465	1	只去了普达措国家公园，虎跳峡，松赞林寺 好像没什么发言权。	2
2466	7	现在的总统府已修缮过，保留了很多以前的东西。	0
2467	3	据说那里是风水宝地，有很多豪宅，不过看着倒是不太像豪宅就是了	0
2468	4	日前,央视4套《中国文艺》栏目分三集播出了1987年《西游记》剧组打造的&quot;	0
2469	2	我往你那干嘛去啊回来您老第一个拿我开刀可咋整啊！	2
2470	2	以前别人送给我我不要，现在我想要了没得人送了	2
2471	1	我走了就没人做后援了啦~在这等你们回来开年会呗！	1
2472	2	看他抱着的样子应该是影迷或者什么艺人吧。	2
2473	1	去过泸沽湖回来的人再去翠湖公园，肯定感觉很一般啦。	2
2474	2	真的呀，弄不好是我失散多年的姐妹啊，有照片不？	1
2475	1	接下来是生不如死的装修阶段...祝你好运	2
2476	1	\\@满满是个暖妹纸girl_on_fire :大蜜！！！	0
2477	1	校长？我们不跟学校有这个关系的、与道馆安排有关	2
2478	1	曾经是雍正当皇帝之前的王府。	0
2478	2	后来成为一个藏传佛教的寺庙。	0
2478	3	坐落在大殿里的弥勒佛有一棵23米的白檀香木雕刻而成，列入了世界吉尼斯记录。	1
2479	2	那你以为我是什么哦。我上头有人。我上头有很多人罩着	2
2480	3	对于上市公司的销售方面，一方面，电视现在还没有到旺季??	2
2481	1	怎么跟当年炮打金门似的，单号打，双号不打。	2
2482	1	"最早修建于明朝初期，为德侯府，清朝在旧址基础上改建为江宁织造署、江南总督署、两江总督署，清康熙、乾隆下江南时均以此为""行宫""。"	0
2483	3	@明晓溪 再过几个小时，奥运会就开幕了，四年一届，终于又等到了！	1
2484	4	Can you feel the music?	0
2484	5	\\@J_Fortenberry :Yea my dude!!	0
2485	4	龙年春晚，王珞丹带着爸爸妈妈姐姐亮相镜头前。	0
2486	1	[南京大屠杀刚解禁照片](不转的给爷滚出中国)。	2
2487	1	就是这个娘们，我去年国庆节的时候就遇到过！！	2
2488	2	找到了就给他两嘴巴，他怎么这么久才出现，害你何苦啊	2
2489	1	当然周末咯，平时上班。礼拜五去礼拜天回来。	1
2490	4	北京时间7月29日消息，2012年第30届伦敦奥运会首日落幕。	0
2491	2	与此同时，贝克汉姆夫妇还卖掉了若干豪车。	0
2492	2	\\@尹香武_半求 :转发微博  @中国企业家杂志	0
2493	3	孙杨，男，生于1991年，浙江杭州人，中国游泳运动员。	0
2494	2	今天距离2012伦敦奥运会开幕，还有2天！	0
2495	1	杭州西湖景点不收门票的，6-8月去曲院风荷，真是当时呀。	0
2496	3	滨海路全段很长，最早是军事专用道，根据邓小平的提议现在成为了一条旅游风景线。	1
2497	1	王健林在商业经营上肯定是遇到了难题，就是很多事情不是设想的那么回事。	2
2498	6	\\@H__bomb : 该来的还是来了！！！	0
2499	2	看看委员长的办公室，看看这个曾经的权力中心	0
2500	2	你是不是一时之间无语凝噎了？！我错了啊！	2
2501	1	韶关丹霞以赤壁丹崖为主，色如渥丹，灿若明霞。	1
2502	1	山东这里还没有开始呢！唉！已经冷得打寒战了。	2
2503	1	木有哦，你有木有给我的写了签名和留言啊？	1
2504	1	【投资者举报“踩雷”乐视私募违规销售要求提前退出】据财新报道，旗下私募基金产品在“踩雷”乐视可转债遭遇兑付危机后，北京恒宇天泽投资管理有限公司近日又被多名投资者举报至中国证券投资基金业协会。	2
2505	4	建议避开节假日慢慢游玩。	0
2505	6	是了解历史的一个基地，门票40。	0
2505	7	建议游玩时间半天左右，旁边也有一个禁毒基地。	0
2506	2	据说是傻逼领导的车，我有素质，惹不起领导啊	2
2507	2	1000人，就有1000条法脉，传承啊。	1
2508	3	若想继续烧钱乐视汽车，贾跃亭只可能转让乐视网股权。	2
2509	2	如果我30岁都还没嫁掉，你散养我，好不好。	2
2510	1	也就是后来被广东人称为小霸王的轻型厢式车。	2
2511	2	哇哈…竟然住在我家那个小区…立马叫妈妈打探！	1
2512	4	\\@CHICHAHOUSE :比你入左又点，你能入决赛圈吗？	0
2513	3	今天是2013年7月25日，农历六月十八。	0
2514	2	据我所知：这位观众不是别人，正是台上李小冉展示的兔年漫画的作者，漫画家夏达。	0
2515	1	现在学的哪行啊！你还真能跟教授起名字啊哈哈哈	1
2516	2	"@Simbason ,@BANG_RT_Happiness """	0
2517	1	保罗.麦卡特尼的歌声中，伦敦奥运会开幕式结束。	1
2518	1	不过时刻看有不同的风景，我住这旁边，白天有很多藏民在祈祷，晚上很多游客在拍照，很美的地方。	1
2519	1	\\@赵丽华 : 几年前我博客评春晚的一句话。	0
2520	3	其中两座位于一炷香石柱旁的的山峰于2012年4月22日命名为迪恩波特双子峰。	0
2521	2	打工，没工资领的，只能请你吃龙仙街的薯面类	2
2522	4	遇到一班特地来滑雪的，那装备特炫，让人忍不住偷拍。	1
2523	4	18日早8：00-10：30，19日早9：00-11：30，CCTV2播出，敬请收看！	0
2524	1	压18块redeem code 山形姥爷	0
2524	3	\\@谷大白话 : 有多少人等着一会儿看山形姥爷	0
2525	2	\\@千逸 : @权志龙的小小痣 你感受一下！	0
2525	3	\\@佳能乃朴有天正室xi :京剧那词当时我也燃了一下～	0
2526	1	不论你年纪多大，去看看动物总能找到回到童年的感觉。	1
2527	1	\\@Baidu贝克汉姆吧 : 转发微博  @CCTV5	0
2528	8	企业面临大概率破产风险，员工的收入大概率直线下降，银行控制风险很正常啊。	1
2529	2	啊？！今天8号了啊！那岂不是过两天咱就上学了啊	2
2530	2	是啊，那个杀千刀的，让我看到就砍了喂狗！	2
2531	2	\\@百毒不侵_ : 让其他队伍怎么打？	0
2532	1	漓江，是桂林山水的灵魂，没有百里漓江，就没有桂林山水。	1
2533	1	房子没有产权证还要交这么多钱，交的是哪门子的钱呀？	2
2534	2	你怎么回市里啊我截了辆摩托车现在等轮渡了	2
2535	1	一进总统府感觉自己已经回到了民国年间，旧中国的风风雨雨就在眼前。	0
2536	3	@BEYONDMUSIC 祝願大家新年快樂！	0
2537	1	\\@秋秋527-ACCA求PASS :	0
2537	3	\\@新闻直播间吧 : @柴璐的微博 @去V存静 @央视王梁 @欧阳夏丹吧官博 @郎永淳 李雨霏 @季小军 @王小骞 @陈伟鸿 康辉 @徐俐 李梓萌 @张泽群 孙晓梅 白燕升 @任鲁豫 @主播梦桐 高博 @张泉灵 @张羽 @胡蝶 @杨柳  @新闻直播间吧	0
2538	4	学生票50，没有进去，反而是围着寺庙转了一圈。	0
2539	2	我可是到了30岁才知道逆光这个词的。我不活了我。	2
2540	2	显然，“没问题”这句安抚投资人的话语还言之过早。	2
2541	1	哪里是帮她征婚，是十年来我的真情流露……	1
2542	1	小小的怪表情还真的是多哎！！哈哈哈表情帝	1
2543	6	最终经过激战，中国男篮81比97不敌对手。	0
2543	9	2007年第六顺位被密尔沃基雄鹿队选中。	0
2544	4	这座1950年为世界杯而建的体育馆，将继续见证2016年里约奥运会男子与女子足球的决赛！	1
2545	2	难道在你的印象里，我是一个粗人么?不会吧？	2
2546	1	如果发现你了，估计他就不敢干这么有才的事情了	2
2547	1	阿里山，遊客匆匆的來，匆匆的走，只為一圓夢中的缺。	1
2548	3	北京时间8月5日，伦敦奥运会羽毛球男子单打决赛。	0
2549	2	你素得了病撒，我尼玛跟你比？我又冒得病。	2
2550	2	是的。况且穿这个里面是不穿内裤的，功能上很苏菲	1
2551	1	之前还有一个厦门的叫做猫墅咖啡馆的，不过那人已经把那条微博删了。	0
2552	2	昨日夜间，内地一家基金公司发布估值调整公告称，自2017年7月14日起，对旗下证券投资基金(ETF除外)持有的“酷派集团”按照0.11港元进行估值，停牌中的酷派集团估值大幅度下跌，下调幅度高达85%。	2
2553	2	哈哈哈,是啊,五点就起床了,现在眼睛还睁不开	1
2554	1	去跟前看了看，也没有什么特别之处。	0
2554	2	只是来了台湾不到这看一眼觉得少点啥，看了也就到此一游了。	2
2555	2	\\@尖嘴钳子关亮 :  @华舞制作 江苏卫视蛇年春晚设计图由华舞制作设计	0
2556	1	谁家的妈啊，不仅让娃自个在车里，还让他开车	1
2557	1	前门大街是北京的地标之一，这里仿佛是老北京的缩影。	0
2557	3	一到节日这里人头攒动、熙熙攘攘。	0
2558	7	其中北京司机开的吉普车可能没把骆驼刺放在眼里，结果轮胎就被扎穿了，到了沙漠边缘停下来时才发现轮胎渐渐扁了下去。	2
2559	4	姐姐我表示很不待见这两个团啊…[挖鼻屎]	2
2560	8	【揭秘YouTube和NBC如何转播奥运会】	0
2561	4	12:40开始爬，从飞泉沟上山（飞泉沟的入口就在泰安古镇），悠哉悠哉到了白云古镇，大概2:20这样。	1
2561	11	走了15分钟这样，5:20在泰安古镇外面，坐上了去都江堰的车。	0
2561	12	师傅是先把大家送到青城山火车站，13块，然后再起去江堰客运站，再加5块。	0
2562	1	#ITU Telecom World 2013第14届泰国（曼谷）国际IT与通讯展#	0
2563	6	伦敦奥运会，刘翔除了自己，已经没有对手。	1
2564	2	@魔鬼咨询师阮琦 在上海的商场能看到很多老少配。	0
2564	3	我猜其他城市也不是没有，只是不会经常这样一起逛街吧。	0
2565	4	伦敦奥运会击剑女子重剑团体半决赛，孙玉洁加赛一剑绝杀！	1
2566	1	从魅族Pro7发布后的网友评价来看，国内目前对待创新是差别对待的，比如，①这“画屏”要是苹果做出来，肯定一帮人跪舔，就像当年的3Dpress;	2
2567	4	沙漠的中央没有了手机信号，QQ、微信、短信等所有信都无信可发。	2
2568	2	是啊,就是十楼的.气死我哒!这个店名可是	2
2569	1	回复@手机用户2833134623 :？？？	0
2570	3	是Paul McCartney为5岁的Julian写的, Julian是约翰.列农与前妻Cynthia的儿子。	0
2571	5	随着船的缓缓行驶，天空逐渐向前延伸，天空的尽头还是天空，源源没有尽头。	1
2572	2	哎！我正要！怎么这夜游神怎么没动静了呢！	2
2573	2	吧爸上次给你买的车呢？？你又拿去吸白药啊	2
2574	1	奉劝一句,枫叶没有紅的时候,还是不要去了,没有啥感觉....	2
2575	2	是吗？老公，哈哈哈，为了你这句话我也得加把劲	1
2576	1	惠东双月湾位于惠东平海港口镇，从地图上看是跟深圳南澳半岛对应的半岛。	0
2577	1	很想脱掉高跟鞋，赤脚走在被落日染成金黄色的西湖边…	1
2578	2	同时据公告，乐视网法人代表由贾跃亭变更为梁军，正式宣布乐视网“改朝换代”。	2
2579	1	\\@超前9801 :回复@龟兹仙子 :嗯！	0
2580	1	我也没敢。谁让我身边是李大仁，不是王小贱	2
2581	1	巴丹吉林这边租越野车是1天2600，一个车四个人。	0
2582	2	你妈怎么没把你煮来吃了啊，难道你有多种病菌	2
2583	1	没办法…英语老师没点…接下来就不知道了…	2
2584	2	如果从重庆出发一天的时间的话，只来得及去宝顶石刻。	0
2585	10	【独家消息：贝克汉姆已与山东鲁能草签合同】	0
2585	12	但日前PPTV记者从相关渠道了解到，此事已有了转机！	0
2586	1	我有染啊，只是没有在太阳底下拍呀，我是黄毛	2
2587	4	\\@反受为攻的阿下 :老妖也是我男神！！！！！！！	1
2588	1	\\@曾辉1965 :Thomas Heatherwick	0
2588	2	\\@飞哥王粤飞 :这哥们设计上海世博会伦敦馆。	0
2589	1	\\@吳世勛 :轉發微博  @CHU_EXO-M中国后援会	0
2590	1	我划反眉不过关，天冷了不学了，开春再学。	2
2591	1	看了看今晚吐槽北京雾霾的帖子，生化危机啊......Iamsolucky.	2
2592	2	我们是为了你们的安全，尾随你们保付你们的呢	1
2593	4	\\@朝酒晚舞君 :1天一个IP10票，不用注册！	0
2594	10	远观青城山虽然没有奇峰峻岭，但却清幽无比，加上淡季，游客不多。	1
2595	2	【2012年伦敦奥运会的火炬“Barberosgerby”】	0
2596	2	回去把他发我的那些个理由我发给你就知道了	2
2597	2	就去过一次，但是去晚了点，没看到诵经的开头。	0
2598	2	\\@Henecia莫璐婷0606 : 哈哈哈哈\\	0
2598	5	\\@血影飞仙 : 噗为什么金贤重会出镜？	0
2598	7	\\@Henecia_曹小宝 : 他娃肯定得瑟。	1
2598	8	\\@雪舞天涯-  @K熙颜 噗，日本一个柔道运动员是	0
2598	10	的粉丝 此次奥运会夺得了柔道63公斤级铜牌 金贤重 话题详情 9459	0
2599	1	中华人民共和国，云南省，丽江市，束河古镇的束河四方街………………	0
2600	1	对上一次去有10年的时间了吧，估计现在已经变了很多。	0
2601	2	册那，讨骂你白银穷赚了嘛，明天来帮我开户	2
2602	1	转发了深圳特区报的微博:【贾跃亭夫妇及旗下三公司12亿存款被冻结】贾跃亭刚在上周在股东大会上承认乐视资金链问题要比想象中更严重。	2
2602	9	招商银行冻结乐视旗下三家公司、贾跃亭本人及太太名下：存款、股份、查封个人资产提供的信用担保。	2
2603	1	2015年阳历年和藏历年完全重合，我在大年三十到达拉萨。	0
2604	5	过去这里有廊坊头条的灯笼街、大栅栏商业街、珠宝市的珠宝和银炉、门框胡同的小吃街、施家胡同的银号街等	0
2605	2	他永远一本正经地说不正经的话~不亏不正经家族	2
2606	2	我怎么只记得做过土豆和芋头的~~难道老了失忆了~	2
2607	1	48支股权私募基金投资标的均为乐视血肉模糊...?	2
2608	1	我们谢谢你们观看才对，观众是我们的上帝啊！	1
2609	1	日式建筑的总统府，我们只能远观，不能入内。	0
2610	1	她唇膏的颜色是不是和我涂的那个很像哈哈哈	1
2611	1	一男同事和单位上的一女同事相邀开车出外郊游，车到一僻静处，两人相拥狂吻。	0
2612	2	这世界永远存在恶势力，不管怎样，法律终究是法律。	2
2613	2	家家有本难念的经啊，我现在独自在楼下喝酒。	2
2614	1	胜者为王，败者为寇吧，看一看，多了解些历史。	0
2615	1	哎呀，昨天2人跟我反应找不到你啦。哈哈哈	1
2616	3	清明节休7天，端午休9天，国庆加中秋休12天，春节刚过就有网友总结出了2012年拼假期攻略表。	0
2617	1	\\@程竹chengzhu :转发微博  @最体育 2001年，年仅9岁的内马尔偶遇贝克汉姆，留下了一张合影。	0
2618	2	在被告知无缘奥运会英国队名单后，小贝潸然泪下。	2
2619	3	\\@汤辉摄影师 :@刘璇  @汤辉摄影师 奥运 看我们的	0
2620	1	星期天晚上绿波廊哦苏苏开始养胃口了哈哈哈	1
2621	2	\\@创意工坊 :星巴克的粽子又出品啦~~	0
2621	5	星巴克从明日起，在全国所有的门店开售粽子了。	0
2622	2	\\@国米神蛋 : 1+1+1+1+1+1+1+1+1	0
2623	1	在玄武湖有在西湖的感觉，傍晚的足音、人影、音乐以及入夜的灯火。	1
2624	1	转发了财经天下周刊的微博:乐视上市近7年，@贾跃亭姐弟套现约140亿元网易财经做了个时间轴，值得读。??	2
2625	1	正巧，上海同学打电话来！我就看到你这条上海的微！	1
2626	7	北极村是中国大陆最北端的临江小镇。	0
2626	8	位于大兴安岭山脉北麓的七星山脚下，纬度高达53°33′30″，与俄罗斯阿穆尔州的伊格娜恩依诺村隔江相望。	1
2627	1	小江播报，我用臭脚丫踩踩你，你也记得回踩哦。	1
2628	3	\\@lovelife李天宇 :不搞贝克汉姆中间的那些人怎么捞钱啊~	2
2628	6	@刘雅东 让我写评论，贝克汉姆代言中超联赛。	0
2629	1	因为出行总有早起的习惯，所以当天八点半就到总统府门口了。	0
2629	3	也许是因为下雨的关系吧。	0
2630	2	总统府已经有好几百年的历史，经过了很多的风雨，重建，到现在的样子。	0
2630	3	被称为中国近代史博物馆，共分三个参观区域。	0
2631	2	老大不能乱叫哟！我没你老耶。你来我村我包食包住！	2
2632	2	球连接啊球连接。。。罚你娃今晚不许吃饭饭	2
2633	3	@晴朗李寒 马上端午节了，这是诗人的节日。	0
2634	2	哈哈哈，变瘦这个词是不会在他身上出现的'	1
2635	5	@处女星座Virgo 昨天哪些处处看了芒果台的春晚啦？	0
2636	1	可是后勤的人说明年是搬到萧山的湘湖老校区啊。。。	2
2637	2	啦啦啦!小帅哥你来嘛，来了我连续请你吃一个月哦!	1
2638	1	一个早上，最令人恼火的就是电信手机的短信息闹个不停，房地产、培训课、秋装打折.......	2
2639	1	全称“色拉大乘寺”，色拉寺依山而建，走在寺院里，一股宗教生活的气息扑面而来，和在大昭寺的感受不同，与之后去的扎什伦布寺也相差甚多。	0
2640	1	【豪掷600亿救乐视买万达，“稳健投资孙宏斌”这回终于火了】54岁的孙宏斌，早年被柳传志视为“联想接班人”，后因“挪用公款”进了监狱，在进入地产界后因资金链断裂再度跌倒…	2
2641	1	可是这和央视有什么关系。主播台又不是央视。	2
2642	3	我承认KOBE是人不是神 but I still believe KOBE.BRYANT24！	1
2643	5	[憧憬][憧憬]居然还有让员工的信用卡额度只剩1元的企业?	2
2644	1	@王皓全国后援会  @中国乒协会员网 《乒乓十年的记忆》2000 初见，这是我乒乓记忆中的元年。	0
2645	3	\\@郭德纲 :今晚，有票的上北展，德云社开箱。	0
2646	1	#创业者#【乐视控股回应贾跃亭夫妇资产被冻结】伟大企业的创始人，往往都会赋予企业及团队极强的创始基因；	2
2647	3	滕王阁座落于赣江与抚河故道的汇合处，占地4.3公顷，共九层，净高57.5米，南北配有回廊连接的两个辅亭，建筑面积13000多平方米。	0
2648	1	齐齐哈尔好像是内蒙古，红河是云南的。红河卷烟厂	1
2649	3	曾李青说，“对这么明显的庞氏骗局都看不出来的，不配在投??	2
2650	1	和我这个总抽抽的老电脑，该是怎样的一种状态呢？	2
2651	1	转发微博  @until_end-of-the-world 端午节后什么时候开学？？	0
2652	1	浅水湾，位于香港岛南部，风光明媚，水清沙幼，早已是闻名中外的海滩。	1
2652	2	浅水湾英文名为Repulse Bay，则是取名自1840年代曾于该湾停泊的英国海军军舰HMS Repulse。	0
2652	5	这里是访港游客必到的。	0
2653	2	已经有段时间没聚啦~什么时候你再加入呢？	1
2654	1	洱海周边的客栈有很多出租的小绵羊摩托，30~50一天。	0
2655	1	燕子，最近美西美哈。看到你就像看到了人民币啊	1
2656	2	洗啊，尊尊哥那张玉树临风的脸，被你弄成这样！	2
2657	2	大屏幕经常放重庆的旅游宣传片，还有人放风筝~	0
2658	3	天津一家烧烤店被盗，孙某翻窗进入店内，偷走2000元现金和一条烟，还有冰柜里的200多串烤串。	0
2659	3	\\@而立的北京男人 :没办法，该换届选举了！	0
2659	4	只做表面的事情，基础设施老百姓看不见，所以就不做了！	2
2660	2	现在是某贵的绿城，不是杭州的，更不是浙江的	2
2661	3	\\@Bunny闹闹MO茶酱 :哈哈哈转给你@Jj_在在陪郑允浩听海哭的声音	0
2661	6	\\@墨香十里YUSOOTIC : 转发微博  @生哥努力赚钱当饲养员	0
2662	2	你以为步行过红绿灯就安全吗？不守交规的大有车在	2
2663	2	在沙漠中行走几乎是进两步退一步，人的上身几乎是趴在沙上了，手脚并用才行，还是气喘吁吁。	2
2664	1	仿佛记得我在《百姓故事》节目中介绍过您。	1
2665	1	这里的沙子很细滑，非常适合游泳晒太阳，但夏天的时候人太多了，和下饺子似得！	2
2666	2	那高悬的十字架让我恍然觉得进入了教堂，但其实它是一座寺庙。	1
2667	2	\\@老湿_alwayswet :庞统是春晚导演……	0
2668	4	随着央视蛇年春晚语言类节目终审结束，语言类节目基本成型。	0
2669	1	贾跃亭应该是又得罪了谁，银行釜底抽薪，媒体落井下石，吃瓜群众看的非常热闹，按理说这么大的上市公司，银行不会这么对待啊。。。。。	2
2670	3	\\@何建晔 :回复@子非鱼 :您是皖北哪里的啊？	0
2671	8	原文评论[1043]转发理由:@锡文_xkc喜欢快船快船解体，买了个乐视，乐视要倒闭扎不扎心[微笑]	2
2672	1	环游洱海的时候路过，本来打算在挖色镇吃午饭的，结果还不饿，游览一圈就接着下一站了。	0
2673	2	乃妹，你不知道买裤子是每个胖纸心中永远的痛么？	2
2674	2	漫步其间，一忽儿睛天一忽儿小雨，“东边日出西边雨”。	0
2675	1	沒進去瞅瞅，就在外面留了個影，那天去的時候是週日吧，沒開放。	0
2676	2	本来就是，我基本上不吃西餐的！耍不来刀刀叉叉的！	2
2677	2	据悉，Skol能够拿到里约奥运会官方啤酒花费了Ambev集团9000万雷亚尔。	0
2678	2	柳树加蓝蓝的湖如画境般，我以为自己是海在在画中呢	1
2679	7	原文评论[79]转发理由:#建设银行sh601939[股票]#今天收盘怒涨近3个点，#乐视网sz300104[股票]#依然停牌中。	1
2680	5	\@我桃是美人儿 :@_卖煎蛋的吴亦凡 :	0
2681	1	成都也是下午三点开始么？当天还要回学校啊……	2
2682	1	我已经买了这本书，怎样把明信片寄给你们？	1
2683	6	\\@BenedictShimizuCumberbatch :hhhhh	0
2684	1	我已经泪奔了，有点他乡遇古人的感觉啊！！	2
2685	2	但有时又会把手脚放到床沿下,荡啊荡啊荡~	2
2686	2	\\@汪汪 : 看看 看看 各位 这可是专题就出来的时间呢！！！	1
2687	2	偶尔把脚伸进江中，看见群山在你眼前慢慢滑过，像是在放慢电影。	1
2688	4	@凤凰雪漫-北京编辑室 2011年6月5日，@饶雪漫 携新作	0
2689	2	嘿嘿~我要喝西瓜汁~姐姐咱们哪天吃饭饭去啊~	1
2690	11	【南苏丹男子将以无国籍身份参加奥运 誓为生命而跑】	0
2691	2	我总觉得，到大连旅游不走滨海路，等于没来过大连旅游。	1
2692	1	十点左右到达阿拉善右旗。	0
2692	2	到了之后，范师傅早已派车在等着我们了。	0
2692	5	沙漠入口，买票交包车费，门票80一人，学生票40，沙漠越野的包车费每部车2000元，这是国庆前的价格，国庆期间是2600,2800，甚至三千多的。	0
2692	6	大漠日落，我们回到住宿的小院。	0
2692	8	住在沙漠里没电，没信号。	0
2693	1	建议你把你5年前吹泡泡的照片发出来！那个更萌！	1
2694	1	曲院风荷那时好像5点的样子，保安不让我们进了。。	2
2695	3	新政后1个月165公司发356份减持公告；	2
2696	5	@英国驻华使馆 @英国旅游局 @英中贸易协会 @伦敦工商总会CBA	0
2697	3	\\@吾引以为傲的自制力 : 233333	0
2697	12	\\@吾引以为傲的自制力0 : 23333333333  @Sherlokid_腐男 这里的春晚十八弯，这里的基佬九连环。	0
2698	1	上个礼拜去常熟的高速公路上超速了，罚单寄到家里了	2
2699	2	我们是从右旗镇上超市买了一箱，放在车子后备箱中，3天全部喝完。	0
2699	6	我的袜子洗了两遍还全是沙。	0
2699	8	润唇膏，如果不带，一天嘴唇就会裂开。	0
2700	1	也只为今天，这一天2015年8月3日，我们7人骑行2000余公里到达拉萨。	0
2701	2	\\@CC陈晨 :。。。\\ @宫铃-胡同台妹 :轉發微博。	0
2702	3	九丈崖和月亮湾的门票是捆绑销售，120元。	0
2702	5	落日下的九丈崖是不是像一个头戴皇冠的小狮子。	1
2703	5	\\@梁冬的微博 : 回复@张奈儿_ :人家压根儿也不会去	0
2704	2	@道是无晴却有晴- 以后陪我多2一些哟！	0
2705	2	比如这次我就是特地去看香港长衫的～复古nice～	1
2706	1	adfwyreyuaaslff'ohGOQGOJPJPOjPJO;	0
2706	2	JKPOK[PK[P[PPKPL][][	0
2707	3	《千年等一回》卫士倾情巨献：你见过iPhone20吗？	0
2708	2	我不敢拉！我也是受害者！一早我就在起鸡皮疙瘩！	2
2709	2	天池的天气三分钟一变，一下雾来，一下雾去的，总归也是看到了天池……	1
2710	1	大木头，还一小时就是你的生日了~生日快乐	1
2711	1	啊啊啊啊啊啊啊啊啊啊啊啊啊啊啊啊啊啊啊啊啊啊啊啊啊啊啊啊啊啊啊啊啊美疯了了！！！！！！！！！！！！！！！！！！	1
2712	1	他星期五还来噢。一起去看嘛今天超多人围观	1
2713	1	哈哈哈哈哈哈哈哈哈哈哈哈哈哈哈哈哈哈哈哈哈哈哈哈！！！	1
2714	5	太阳神鸟金饰外径12.5厘米，内径5.29厘米，厚度0.02厘米，重量20克，整器呈圆形，整器呈圆形，器身极薄。	0
2714	11	门票价格：80元/人。	0
2714	12	学生，60岁以上老人半票。	0
2715	2	一步一景，从桦皮岭进去一路基本就是起步停车看风景了！！	1
2716	3	\\@memosue : 比起1月刊视频120万的点击量，@人物杂志 2月刊 @郭徳纲 视频上线仅1天就20多万的点击量啦~	1
2717	2	我刚才练摊儿去啦，我现在已经有四十多块啦~	1
2718	8	这八名选手中四人来自韩国，两人来自印度尼西亚，两名来自中国。	0
2719	4	@设计青年 2012年伦敦奥运会主题插画，切割面的视觉风格	0
2720	1	一直等到晚上九点，没有降旗，广场会循环播放红歌，租一身藏袍，在歌声中，以布宫和国旗为背景，拍张照片吧。	0
2721	1	马上就回去，赶去又一城帮你手表，好象下班了。	2
2722	5	\\@yuuko幽_YuutoFanClub : uuu【什么鬼	0
2723	1	去了三次翠湖公园，就为了拍摄红嘴鸥，今年去的时间不对，没拍到红嘴鸥，却拍到了白鹭。	2
2724	2	2008年贝壳参加jimmy kimmel show。	0
2725	1	我的越狱兔套装从日本带回来了，改天拍给你看。	1
2726	3	\\@寒枫堡主 : 此中国所以不能成为强国的原因!	2
2726	7	那年，他们不少人因为没有暂住证，而被驱逐出北京！	2
2727	1	如果走得无憾，我们也应该放下了，不是吗？	1
2728	1	为啥子不去了？我明天准备去打酱油，搞下，	2
2729	2	他现在这年纪就这素质啊！口水狂流的素质啊	2
2730	6	今晚21:30，新闻频道《面对面》将独家采访@华晨宇yu 等直通春晚的选手。	0
2731	1	\\@北关村头 : 转发微博  @独家网	0
2732	2	嘿嘿，要不是下午有课，真想下午跟着练了！	1
2733	5	伦敦奥运会将是这位国家队十年老臣的第三次奥运会，他的表现如何？	0
2734	3	M、Miss Sixty、Sephora、Calvin Klein、JESSICA、CHOU SANG SANG、OVS、mux、NOVO、Ochirly、依恋集团、Bestseller集团等零售类品牌，在开业之际，预计商铺入驻率将达80%以上。	1
2735	4	@赐骨-嗜死者 @苏丝儿 @sofiamm @双鱼O女 @5mg-戈 @狐狸小貓 @小白煤球儿	0
2736	2	对。对。我知道了部分猎人的结局，我桑心了	2
2737	1	那该去医院看看了女孩子身体抵抗力会比较差点	2
2738	4	东京曾于1964年举办了第18届夏季奥委会。	0
2739	1	伦敦奥运会今日女排比赛赛程，中国vs塞尔维亚第二场。	0
2740	2	老子在办公室自拍的噻~看不出来所~哈哈哈~	1
2741	1	【7月4日晚间公告精选】7月4日晚间，多家公司发布公告：乐视网控股股东贾跃亭及乐视控股所持公司部分股份被冻结；	2
2742	2	干，我要知道你没睡觉我肯定打电话让你来接我.	2
2743	7	原文评论[5]转发理由:借钱借着借着借成了股东，挺好的，完美地完成了间接融资和直接融资的统一[鄙视]//@但斌://@股道热肠也:钱没了！	2
2744	4	我把最殷红的鲜血涂在那里，你不懂我，我不怪你。	2
2745	7	2000/越野车，门票80/人，大本营蒙古包400/三人间我把这次穿越称为沙漠拉力之旅。	0
2746	2	我是坏孩子中的好孩子，好孩子中的坏孩子…	2
2747	2	路程是全程，票价216元。	0
2747	8	想起从前的课文，回忆着儿时的自己。	0
2747	10	漓江游船的终点是兴坪码头，兴坪码头就是二十元背景图的拍摄地。	0
2748	1	汉典你这次来北京是跟我妹儿一起上节目啊==	2
2749	6	”8月11日（周六）下午两点，杭州佐伊卡（南宋御街－惠民路）。	0
2750	1	中秋节和小伙伴一起约着去爬山，呼吸一下山里的新鲜空气，吸收一下山里的灵气。	1
2751	7	伦敦奥运会是一场由临时工组织的坑爹型奥运会。	0
2752	2	】知情人士透露，上海市高级人民法院于2017年6月26日发出的一份文件显示，招商银行股份有限公司上海川北支行于2017年6月26日，向上海市高级人民法院申请财产保全，该申请被法院裁定为符合法律规定。	1
2753	2	这书真值得一看，部分原稿和照片已先期看过	1
2754	1	哦，这样哇，那你最近有来北京的安排不捏？	1
2755	2	看来我也得组建后宫团了，哈哈哈。有加入的吗？	1
2756	4	招考公告已公布，共招录13565人，相比去年在招录人数上共多出397人。	0
2757	3	每台越野车两日游的价格是2000元，可乘4个人，每人景区门票80元。	0
2758	1	咋啦，有啥弄错的不？我从评论里一条一条拷的	2
2759	2	闲着也闲着。人闲脑不能闲，省得老年痴呆。	2
2760	2	我要的就是这种感觉，听着草原歌曲，车在路上走，人在画中。	1
2761	6	\\@狙击手-侯晓龙 :不是昨天就有人出2500了吗？？？	0
2762	2	哈哈哈，真的看一次笑一次。我也觉得像被电了。	1
2763	3	日前，公安部表示对于“闯黄灯”条款，将出台相关的实施细则，对“闯黄灯”进行更为细化的规定。	0
2764	1	黄鹤楼是中国四大名楼之一，位于蛇山之巅。	1
2764	2	楼前有揽虹亭，瞰川亭分居两侧镇守黄鹤楼前庭。	0
2765	2	嘿嘿十一来我这里不，我家有只一模一样的活的	1
2766	2	\\@微博iPhone客户端 :中国军团第8金诞生！	0
2766	6	这是中国代表团在伦敦奥运会上夺得的第8金！	0
2767	2	你太强了，居然看出是仓鼠有人问我是不是仓兔	1
2768	2	里面气吹啊电池啊啥的送了你啦，哈哈哈……	1
2769	2	我只能电邮了，留个电邮地址，我晚上回家电邮你吧	2
2770	1	哈哈哈娜姐，我儿子也会唱呢，啥时候唱给你听一下	1
2771	1	恩，定完了咯，我是定的国庆2号去5号回的	1
2772	1	赵哥，欢迎您带着您那无边的酒量再到西昌来！	1
2773	1	离天津站就一站地铁，在这里看海河的夜景很漂亮。	1
2774	1	难道是那款不好喝的芒果西番莲果茶星冰乐嚒	2
2775	2	嘿嘿。已经调了。回来咱俩一块去看变形金刚3啊！	1
2776	2	【视频：辽视春晚彩排super juniorM Break Down】	0
2777	10	下午3点的时候会举行辩经。	0
2777	13	每年的雪顿节期间，举行晒佛活动，与哲蚌寺一起的。	0
2777	14	色拉寺是有天葬台的。	0
2777	17	------这里我还是再提一下！！！	0
2778	5	烟袋斜街不远还有北海公园游玩，既有恭王府这样的大宅，也有额色的北京胡同任你逛。	1
2779	2	【老南京人的端午节，到底是怎么过的呢？】	0
2780	8	由台座之下的底层算起，这一层实为第九层，故大厅题匾“九重天”。	0
2781	2	是呀，看着他们，自己也会发自内的微笑起来。	1
2782	1	额。。但是昨天那个火焰效果做不了车贴的。	2
2783	1	看的啥子？？？昨天晚上我才梦到我的黄黄了的	2
2784	4	北京时间9月8日凌晨，在国际奥委会第125次全会上，罗格主席宣布2020年奥运会的东道主花落日本东京。	0
2785	2	人名！帅哥一枚，和另一个小帅哥气死所有女人！	2
2786	3	@吖头吖头 @贫尼光勤 @菲菲lucifer @Tiffany婷宝 @方影影 @贫僧智晨 @jessiehsing	0
2787	1	俺早上一来还在办公室唱了一唱~效果还是有的	1
2788	2	在辞去乐视网总经理、乐视网法人之后，贾跃亭夫妇及乐视旗下的公司被银行冻结。	2
2788	3	对于冻结原因，乐视控股方面称是因为一笔乐视手机业务融资贷款，针对此笔贷款的资产抵押足够覆盖债务。	1
2789	2	黄鹤楼有5层楼，人特别多排队上楼走得很慢。	2
2790	2	\\@洛兵 : 2003年，人民文学出版社推出我的演艺三部曲第一部《新欢》，后改编为舞台剧，与北剧场合作，请汤唯出演女一，和我联合执导。	0
2790	4	\\@萧云起 : 洛叔，还有汤唯的故事呢？	0
2791	1	你还有理了…怪叔叔！赶紧锻炼身体等着把我背回去吧！	2
2792	3	做到这一点，更多的资金进入行业，是一个充分且必要条件！	0
2793	2	棒棒哒 就是从长安街东走到长安街西 这一站路走的有点吐血 太远了	0
2794	1	到了南京不能不去总统府看看，不知道是不是因为周末的关系，人很多，特别是蒋介石的办公室，参观的人群完全就堵死在门口。	2
2795	2	哈哈哈，谁告诉你的？人家刘谦哥哥才19岁啦。	1
2796	3	\\@茕然_ :是啊 一米73的床除了体操队哪个国家的运动员能住啊？	0
2797	2	是啊，湖南卫视记者啊，你以为是哪里的记者啊	2
2798	2	未来国史不会提起伦敦奥运会上的中国队，但会有qidong一笔！	0
2799	1	粤语听着就有一股洋味让广东哥哥教你溜两句	2
2800	3	上半年，共有ofo、中绿食品集团、五阿哥、58到家等20余家“互联??	0
2801	1	上次和你们聚会是在56年前了吧！你还没结婚呢！	2
2802	1	住一晚，看日出，还要常常这里的烤猪肉和鱼！	1
2803	3	2014年网民版春晚节目《赵本山卖房 》，爆笑！	0
2804	2	古镇就座落在坝子南端台地上，由东到西顺势而建，镇前一条小河蜿蜒流过。	0
2805	1	\\@致天蝎座的999封信 :哈哈哈哈~	0
2806	2	一口老血喷屏了！！！！！！！！！！！！！	2
2807	1	弟弟。你几号去喔。每准我们会在那里遇见喔	1
2808	1	暂时还没找到地方，估计待到10月底才搬家。	2
2809	2	哈哈哈，我也发现了。。第一页基本上是我俩的内容了	1
2810	2	花港观鱼在苏堤中间，水里的锦鲤被游人喂得又肥又壮	1
2811	2	明摆着只赚不赔的买卖啊！只能两桶油他们赚?	2
2812	3	\\@Joshua_TTD_TTL :HHHHHH	0
2813	1	转发微博  @小华Aaron 我参与了@央视新闻 的投票	0
2814	6	第三景区：水落村至阳朔。	0
2815	1	我每天把晾衣棍放在床上做好准备打那个鼻鼾的	2
2816	1	换了三星的手机挺好用的，看来我的苹果手机要成历史了(^_-)	1
2817	1	我俩吃完没发票，老板娘送我两桶如梦，赚到了蛤蛤	1
2818	7	本届少儿春晚海选报名从即日起到11月30日截止，登陆秦皇岛传媒网（www.qhdcm.com）即可报名。	0
2819	1	国际金融中心，位于浦东新区的黄浦江畔，隔江对面是外滩，地铁二号线可到！	0
2820	9	\\@帽仔寒假求图力 : 多亏了微博XD	0
2821	1	胖纸去佛山了什么时候你妈回老家，代替我去看看他	2
2822	8	@张国华sax 《BTV北京青年电视台现场版2012BTV环球春晚	0
2822	10	张国华原创音乐》 BTV北京青年电视台现场版2012BTV环球春晚	0
2823	1	那天本想去看“秋水共长天一色”，奈何天空多云，看不到落日。	2
2824	2	哈哈哈，在这苦逼的时刻我也忍不住仰天大笑了三声！	2
2825	1	\\@赵波ZHAOBO : @秋光哥  @Rainy若萱 伦敦奥运会标志加个笑脸之后。。。。。。	0
2826	4	北京时间2012年8月3日凌晨，在第三十届伦敦奥运会羽毛球男子单打四分之一决赛中，中国选手林丹面对日本选手佐佐木翔，最终以2:1的总比分进入半决赛。	1
2827	2	窃以为刘子子歌和孙扬在穿上这件番茄炒蛋的时候心情也多苦逼的	2
2828	2	争取自己所在选区的选票。微博，不是拉票场所。	2
2829	12	9.巴丹吉林沙漠公园门票 80元/人，60岁以上半票，70岁以上免票。	0
2829	15	景点先后由沙漠司机而定，有时也会和你们商量一下。	0
2830	2	是啊！这也是我为何经常写民生报道的一个理由吧！	2
2831	5	看看开幕式上英国女王伊丽莎白二世的表情连连看！	0
2832	1	中国航天科技集团公司网站消息，6月12日下午1点过后，三位航天员端坐于神十返回舱内。	1
2833	4	\\@锋几 : 哇哇哇哇。。。。。。。。。。。	1
2834	4	再去香港的话，南丫岛是必去的三个景点之一。	1
2835	2	【层层封条贴上贾跃亭持股轮候冻结望眼欲穿】（记者张榆）截至2017年7月27日，贾跃亭新增被北京市第三中级人民法院等轮候冻结35.85亿股，轮候期限为36个月，占公司总股本179.72%。	2
2836	6	端午节放假安排：6月10日至12日放假调休，共3天。	0
2836	7	6月8日(星期六)、6月9日(星期日)上班。	0
2837	1	是不是那个后来叫咱们小声点儿的那个傻逼？	2
2838	6	\\@buffy徐静 :我还记得那时她边比赛边喊日语。	0
2839	3	但有高原反应哦，我要做好前期工作，和家人一起去！	0
2840	1	北京故宫，旧称为紫禁城，是历代皇帝居住的地方，来北京怎么能不来故宫看看呢。	1
2841	2	进入巴丹吉林方法：1.金昌打车：大概一百七八公里，金昌黑车很多，国庆期间400元，平时据说300也有人拉。	0
2841	9	平时包车的价格是2000，国庆期间是2700到3000。	0
2841	10	门票是80，学生票40。	0
2842	1	人很多，这里是一个很有历史的码头，朝天门码头！	1
2843	2	姐你这张照片充分诠释了什么叫“食色性也”	2
2844	1	搞忘了。等上牌了再！我跟老五明天结婚了！	2
2845	1	\\@HJU_soul四次元寧寧 : 咸棕梗走起	0
2845	2	\\@猫儿angelface : 噗。。。	0
2846	3	\\@缪斯-Yo : 啊哈哈哈  @taotaogo 奥运会就这样结束了，不过这股英伦风还是席卷了大江南北......	1
2847	6	坐着小船顺江而行，最先进入视野的是“鲫鱼挂壁”，半山腰处有一幅似鲫鱼跃江的画面，其实我看着更像是一条龙。	0
2848	5	时间：2012年11月24日 19:00——21：00，有我陪着您。	0
2849	1	青城山位于成都市都江堰市西南，东距成都市区68公里。	1
2850	1	哈哈哈！！么么么我才看到我前两天又去我姐姐那了！	1
2851	2	中国历史上不是曾经有过两亿人的时代吗？又如何？	2
2852	4	关于灵山大佛的门票：灵山大佛的门票是210元，建议网络预订，票价在170元左右，身高1.4米（含1.4米）以下儿童或者6周岁（含6周岁）以下儿童免票；	0
2852	6	另一个演出是：九龙灌浴演出场次：四场（10:00,11:30,14:45，16:45）。	0
2853	2	是单位的爬山比赛，怎么可能是50米嘛，真是的	2
2854	2	有道理哦！所以姐你也经常这样做的是不是？！	1
2855	1	\\@李敏镐江苏后援会 : @李敏镐全球粉丝团  @喜到福到好运到春节特别节目	0
2856	2	真是好招！而且应该坐在奥巴马演讲台的后面。	1
2857	13	以前觉得网球王子之类的作品是科幻片，看完这个以后……	0
2858	3	布达拉宫广场四周建有图书馆、儿童乐园、歌舞厅和露天市场，是拉萨市旅游和文化娱乐活动中心。	0
2859	2	这样的话岂不是和张亚东的经历差不多？？？	2
2860	2	机缘巧合，在来的飞机上翻看南航杂志介绍到昆明老机场。	0
2860	5	1937年7月，陈纳德抵达中国考察空军。	0
2861	2	纽约邮报报道，据知情人士披露，美国总统奥巴马通常在下午4点就结束了一天的工作，随后便会返回家中与妻女共进晚餐。	0
2862	1	啊啊啊啊啊~~~风景真的是美惨了！！！！！！！！！	1
2863	2	一回来就被轰了哈哈哈你们又在伦家不在滴时候讲伦家~	1
2864	2	@陈细路 Everything is ready！	0
2864	3	@ivanzhuo 什么时候陪我再去一次？	0
2865	2	1912年孙中山在此处宣誓就任中华民国临时大总统。	0
2865	3	1948年蒋介石的总统就职典礼也在这里举行的。	0
2866	1	换个浏览器试试就知道了。我的就不会这样。	2
2867	2	阳朔县为广西壮族自治区桂林市辖县，始建于隋开皇十年（公元590年），整个阳朔，山拥江城。	0
2868	2	@麥玲玲 除了上一個微博提及的TVB節目外，今年還有：廣州廣播電台年廿九晩上19：00＜春節晩會＞；	0
2868	4	鳳凰衞視中文台，1月22日中午11：00及1月28日晚11：00&lt;	0
2869	6	台湾男子团体F4睽违4年多，这次将在北京合体录制江苏卫视蛇年春晚节目。	1
2870	12	然而，这家美国车企近来的日子也不好过：北拉斯维加斯市的工厂从今年年初起便处于停工状态。	2
2871	1	\\@宇候娇阳_初告白 : 矮油萌的我~	0
2871	2	\\@雪狸说一不二 : ................	0
2872	1	来到景区大门，购门票80元/人，交包张师傅的车费两天二千元。	0
2872	3	沙山高低起伏，有的坡度达80℃。	0
2873	2	不仅是南京近代史的写照，更是中国近现代史的缩影。	0
2874	1	老爷爷你们这么萌，总政歌剧团知道吗  @新浪娱乐 北京卫视	1
2875	3	不过这里收藏的不仅是过去的文物，而是中国历史！	1
2876	2	那魏晨是谁啊~谁认识啊~你们这群九零后啊~	2
2877	2	去屎吧，胡斌我分享了最后的下跌，中国股市将诞生一个最好的股票！??	2
2878	10	哦），百度将每天随机揪出60名幸运儿送出600元话费大奖，获奖名单隔日公布。	0
2879	2	张爱玲的《倾城之恋》里，它是范柳原和白流苏拉锯的战场；	0
2880	1	好像有一年国庆放烟花，N多人去，挤死了...........	2
2881	4	今年郑州正月十五烟火晚会取消了，你怎么看？	0
2881	9	微博：汽车912，微信：100769912	0
2882	2	听着春晚，打着四川麻将，就这样跨年了。。。	2
2883	2	我们家这位。。看心情。有时候和我有时候和我爸妈	2
2884	1	2014.4.25-2014.5.1在丽江带了一个星期，去束河不踩踩束河四方街不算去过束河，你踩了吗？	0
2885	1	巴丹吉林沙漠公园的入口就在巴丹吉林镇，离阿右旗80公里，这条路是到阿拉善左旗，520公里。	0
2886	3	穿穿小巷，吃吃饭，体验一下快节奏以外的生活。	1
2887	2	漓江和桂林山水既不是世界遗产也不是什么地质公园。	0
2888	2	可能正是因为我是个武汉人，反而我对黄鹤楼没有什么特别的印象，只是记得小时候去过一次。	2
2889	3	\\@微博音乐盒 :除夕不放假....  @头条新闻	2
2890	1	“司马光砸缸” “司马缸砸缸” “司马光砸缸！	0
2891	5	除了缺席本赛季剩余季后赛之外，罗斯基本确定无缘年夏的奥运会。	2
2892	5	@欣欣宋 国际标准舞大赛亚军摩尔多瓦队表演，中国代表团和中国大使全部吐血身亡！！！！！！！！！	2
2893	1	$中国铝业sh601600$$南山铝业sh600219$	0
2894	3	滕王阁位于赣江边，是一座后建建筑，依旧仿古造型，位置相对于最早的滕王阁有几百米的平移。	0
2895	2	沿江而行，眼前景象雖不算變化萬千，但丘陵四起，形態各異，奇山妙石，重巒疊嶂，叫人嘖嘖稱奇。	1
2895	3	江邊有成群鴨子在撥青波，暢遊於漓江之中，每日與山水相伴，此等逍遙真惹人生羨！	1
2895	5	千百年來，多少生命在這裡誕生，紮根，繁衍，死去。	0
2895	6	帶走了什麼，又留下了什麼，日轉星移，成為無聲無息的痕跡。	0
2895	7	這，就是我眼前的漓江！	0
2895	8	今人於江上遊，輕舟相競，時而並馳，時而分渡，藍綠橙黃，點綴了青川。	0
2895	9	身後的白浪在江面劃出一道痕，強烈的水波向橫擴散，牽動了誰，隨即又被誰牽動。	0
2895	10	船身搖搖晃晃，把詩人從夢中喚醒。	0
2895	11	途中遇見了一排形狀怪特的山，我說笑稱它作「MMW山」。	0
2895	12	仔細看，真的有這三個英文字母哦！	0
2896	2	打你啊！我十一出不去了你们玩去吧我有课没休息时间	2
2897	1	转发微博  @传媒老王 今天（7月28日）国外部分报纸	0
2898	2	我擦！莫理我！我中午还冒吃，饿的变成瘦子了	2
2899	1	阿里山位于台湾嘉义市东方75公里，地处海拔高度为2,216米，坐标为北纬23度31分，东经120度48分，东面靠近台湾最高峰玉山。	0
2900	2	你不会以为我们新增了健身房吧？真是一入豪门深似海啊	2
2901	1	我也来画画，人生苦短，让我们笑对人生吧！	1
2902	2	还是那句话，国家队没发力！你要是办完事儿！过来玩玩	2
2903	2	不要跟我提酱油。中午吃那个饭根本就是酱油加糖。	2
2904	1	台北总统府是日本统治台湾时留下的建筑，保留了日本的建筑风格。	0
2905	1	\\@王俊allen :过年前 \\ @董蕊 :玛雅！	0
2906	2	太情侣了吧也[嘻嘻][嘻嘻][嘻嘻]还有我刚走北京就雾霾了，你是不都快要中毒了噻～	2
2907	6	\\@老榕 : 我是来看评论的  @新浪娱乐	0
2908	2	\\@AidenLee知道么__那货叫李东海 :	0
2909	1	是的，当然也吃一点辣的，但不能很辣，是不是生太子咯	2
2910	1	昨天到重庆的第一天，晚上在朝天门坐了游轮。	0
2911	3	CCTV新闻频道《新闻直播间》播出春晚新闻：张靓颖、林宥嘉、张杰受邀央视春晚。	0
2912	2	此前一季报显示，截至3月31日，乐视网负债余额为187.86亿元。	2
2913	1	青城山风景区位于四川省成都市都江堰市西南，是中国首批公布的风景名胜区之一，国家AAAAA级旅游景区，距成都市区68公里，距都江堰市区16公里。	1
2914	2	@Kengo健吾 林瑞麟你呢張相聽日唔出頭版？	0
2915	3	\\@Honor-Lucky-Lin :	0
2915	4	\\@ct152 :@Honor-Lucky-Lin 弄票！！！	0
2916	5	@十堰广播电视台 @十堰新闻联播 @直播十堰 @平安十堰 @爱十堰社区	0
2917	1	相对来说商业比较发达一点，客栈选择比较多。	0
2918	1	朝天门两江夜游，船票价格根据船而不同，码头有很多卖票的地方。	0
2919	1	转发了央视财经的微博:【乐视网负债188亿！	2
2919	2	乐视你不妨慢些走，等等业绩】昨天一则乐视董事长贾跃亭及妻子甘薇名下超过12亿元的银行存款已被银行冻结的新闻，让乐视债务危机再次引发热议。	2
2919	3	从已经公布的一季报数据看，虽然较上一报告期的67%的负债率下降到了56%左右，但仍有超过188亿的总负债。	2
2919	8	原文评论[173]转发理由:你知道它应收账款多高吗，96亿，学过财务吗，这个算资产，他整个16年营业收入不过30多亿，明显的财务造假，居然还对乐视抱有希望	2
2920	1	17日今天去雅鲁藏布江大峡谷，早晨6点天不亮就出发了。	0
2920	7	下午去了南伊沟，参观了珞巴族部落山庄。	0
2920	9	在这里我们看见了原始森林，天边牧场和珞巴族人生活的小屋，还原了珞巴族生活狩猎的场景。	1
2920	10	我和珞巴族小姑娘一起拍了照。	0
2921	1	是啊是啊，如果没有了怎么办啊他会到哪里去啊？	2
2922	4	\\@Jessica-JT : 戳中泪点	0
2923	2	投资者称其存在“虚假宣传、违规销售”等问题。	2
2924	2	方舟子在借科普的名义抹黑中医，搞伪科普。	2
2925	3	@伦敦同城会 今晚21:00伦敦奥运会开幕式暂定歌单 。。	0
2926	3	从这两大“未来进行时”动作来看，以及根据近来小米融资10亿美元的节奏来看，小米准备上市“圈钱”？	2
2927	2	唉，你过来把我们学校拆了哇，今年开学，诸事不顺	2
2928	1	嗯嗯守得日出见天晴！！！抓紧时间好好狼窜	1
2929	1	转发微博  @白发老林 2012年8月17日《还巢2012-从北京到伦敦》2008奥运会开闭幕式团队四周年再聚首。	1
2930	2	1.黄渤在央视办了张健身卡今天最后一天到期。	0
2930	6	我在这里:|草桥 草桥 位于丰台区中部。	0
2931	1	太帅了，我9岁的时候还在爬到地上打珠子拍洋画	1
2932	1	巴丹吉林沙漠门票80元，包的沙漠越野车2000元一辆，一天半时间。	0
2933	1	雍和宫在北京的北侧，传说这里是清代雍正皇帝出生的地方的，平时特别是春节，这里香火很旺。	1
2934	3	支行各部门及滨江支行6月22日至24日放假，6月25日（星期一）上班。	0
2935	2	距做翻距本行啊！明吗？设计院估计无人会同距争！	2
2936	2	是啊，我也好久没吃了，不知道现在搬了没有…	2
2937	2	那我是不是还要叫电工来给我们寝室装个功率大点的电表	2
2938	3	只是被无良村民又收走了十块钱买路钱。。。	2
2939	2	我又饿了，但是看到你的号子二字就不想吃了	2
2940	12	！  @机械猫熊 春晚没法吐槽的节目只有两个，一个是戏曲联唱，没有槽点；	1
2941	1	那啥，听说是北京时间12月21日下午3点14分35秒	0
2941	5	12月21日是芥末日，节气冬至，太阳照常升起，距2013除夕还有50天时间。	0
2942	3	涠洲岛有很多海鲜，但海鲜加工的店一般是附件村民开的，感觉他们厨艺一般般。	2
2943	2	成桂餐厅该改名叫巨贵餐厅，五一去很挤，店家很急	2
2944	4	【此文献给刘翔和他的师傅（并不包括他的“团队”）】	0
2945	2	18日，伦敦奥运会倒计时100天媒体见面会在位于伦敦南部的英国皇家植物园举行。	0
2946	1	哈哈哈~~林亏的早餐还配一碗脆脆的油条汤哦~	1
2947	3	7月3日下午，外界曝出贾跃亭夫妇及乐视系3家公司的12.37亿元资产于上周被司法冻结。	2
2948	2	//@S-艾斯StillSherlock-S: 哎哟哎哟，我好开心！！	1
2949	1	镇远给人的感觉就是，这真的就是一个古镇，而不是一个景点。	1
2950	2	我撩下狠话了，他要是再打呼噜我们就分家睡	2
2951	1	回复@万鬼DJ :我这样学习已经十几年了。	0
2952	1	全国范围内招募，海外也不反对，有吃有喝有衣穿！	2
2953	3	伦敦奥运会在即，体育总局下发“禁肉令”，要求运动员禁在外食用猪牛羊肉。	0
2953	4	此前，刘翔家人就表示，刘翔因瘦肉精已多年不吃猪肉。	2
2954	1	在丽江租脚踏车骑到束河，途经清溪水库，离得不远没一会就到了。	0
2955	2	前门——应当是反映了老北京的风貌，特别是商业风貌。	0
2956	5	范师傅开始给车胎放气了。	0
2956	18	而实际操作的结果往往是不到五公里就要停车一次，要是碰上连续沙坡，甚至还开不到两公里的路。	2
2957	2	带上你的小票和商品，到门店去检查下。嘿嘿。	1
2958	4	最近有蜂蜂私信我，告诉我事实不是这样，那个地标建筑只是和新加坡同一个设计师的作品而已。	2
2959	7	\\@GetOneMcAvoy :又…？	0
2960	2	哈哈哈为了不让你有的可写我可不能找个老头	2
2961	3	\\@银子-初云 : @星考完有点抽风中	0
2962	1	吃的一般喝的一般，就走走拍拍照好了。。。	2
2963	3	之前一个不是很商业化的地方，也变得那么商业化了	2
2964	6	已被确诊为白血病，目前在北京儿童医院治疗。	0
2965	2	嘿嘿，今儿个，把我这头遛出来给你看看啊！	1
2966	2	中国法院冻结乐视及贾跃亭夫妇资产????	2
2967	1	CCTV[社会记录]：以端午节的名义 - ?????????????? CCTV[社会记录]：以端午节的名义	0
2968	2	\\@skrdwmfy : 哈哈哈哈哈哈	0
2969	3	2003年8月3日，2008年北京奥运会会徽——“中国印·舞动的北京”，在北京天坛祈年殿发布。	0
2970	2	上海多多少少人盼着梅超风啊，多少年没刮过台风啦	2
2971	2	好滴~再有一个报名偶就去抢购了~~啦啦啦	1
2972	1	很漂亮的地方，特别是平江路两边民宅的白墙黑瓦，两边还有很多店家。	1
2973	1	几百年不看春晚的人今晚在菲律宾看春晚过除夕！	0
2974	1	还发晚上在北大已经被你笑疯了还让不让人睡了	2
2975	3	问了一下当地了，10月初几天每天去的人有百万，大多数只能住帐篷。	0
2976	1	噢，那你完咯’我们将单身进行到底吧吼吼~	1
2977	2	幸亏我也打算睡了！！！不然刷被你气死晚安	2
2978	2	唉！奶奶不会想到现在社会状况是这样的……	2
2979	3	\\@菜闊 :@小可心儿  @平安北京 端午	0
2980	3	8:49环保车直到主峰，我们急急忙忙去排队买倒站车票	0
2980	7	正所谓好事多磨，急也白急。	0
2980	14	我们早就不把排队当回事了，就当做是修行，修身养性。	2
2980	16	(*^__^*) 嘻嘻……	0
2981	5	@酸溜溜的冰醪糟 @香喷喷呢烧耳块 @HELLO_宅小姐	0
2982	1	在这里坐了好久好久，看着泾渭分明的两条江汇合，看着船只来来往往，人超多，坐船的人更多，第二天我也坐了一回，长江滚滚。	0
2983	2	不过即便是九点就到了，景点门口人已经很多了。	2
2984	1	还记得那年夏天大明湖畔的铁道学院吗？盆友	1
2985	5	@云信陈新明 @l流云客 @陈宗fivestar	0
2986	1	我们之前找了包车，2000元。	0
2986	4	还有很多沙漠中的盐湖。	0
2986	7	没什么人，我中秋节去的时候，整个沙漠里就我们两辆车穿梭。	0
2987	2	艹，劳资喝个酒都还要拿个本本来做笔记留痕迹迈!	2
2988	1	上海绝对的金融重地，几乎涵盖了所有金融行业的巨头公司。	1
2989	2	那我到底是勇小贱还是勇太套？傻傻分不清楚了	2
2990	5	【直通春晚11月16日晚上9点整于央视CCTV-3播出！】	0
2991	3	节假日啥的就千万别去了，建议还是平时去吧。	2
2992	1	建筑风格为巴洛克式建筑，在台湾日本殖民统治时期启用时做为台湾总督府办公厅舍之用。	0
2993	7	孙次舟指出，由于楚怀王移情别恋，屈原愤而投江自尽。	0
2994	3	二、春节：1月22日至28日放假调休，共7天。	0
2994	4	三、清明节：4月2日至4日放假，共3天。	0
2994	5	四、劳动节：4月29日至5月1日放假，共3天。	0
2994	6	五、端午节：6月22日至24日放假公休，共3天。	0
2994	7	六、中秋节、国庆节：9月30日至10月7日放假，共8天。	0
2995	1	@boice_December →→（￣へ￣）	0
2996	1	咱们做有内在的人不和那些玩虚的人一般见识...	2
2997	1	从大连的老虎滩沿途走到大连的星海广场，每届马拉松走的就是滨海路沿线，途径老虎滩，极地馆，北大桥，燕窝岭，石槽，金沙滩，银沙滩，付家庄，动物园。	0
2998	1	到了重庆，我这西北人最想见的应该是长江了。	0
2999	1	恭喜发财，你哪有鸭梨，你是卖帽子的小女孩。	1
3000	1	一直心心念念的西藏，心心念念的拉萨，心心念念的布达拉宫。	1
3001	3	\\@堯山遺老 : 遗民泪尽胡尘里，南望王师又一年.	2
3001	5	\\@风灵_ : 不但是南宋地图，也是辛亥革命的地图。	0
3002	1	深夜的京城安静极了，沉沉雾霾中只有拆国庆灯笼的工人和洒水车在工作偶尔驶过的出租车压着路面的水哗哗哗到我跟前减速，我都坚定的摇摇头拒绝，它们又哗哗哗的离开喜欢这种朦朦胧胧感觉下的散步，并且今年的雾霾没有去年那种刺鼻的气味，想来毒性也会小些吧	1
3003	3	贝克汉姆将造访北京、青岛、武汉三座城市。	1
3004	3	上证报：楼市杠杆步入下降通道6月北京房贷成交量下滑15%；	2
3004	5	更多：早新闻|贾跃亭不再担任乐视控股法定代表人；	2
3004	6	特斯拉二季度交货不及预期电池短缺“背锅”?	2
3005	2	你怎么还没睡！！三点多了！我打不开这个测得地址	2
3006	4	i know u will b there！	0
3007	4	\\@庄庄不喽给_ :幸亏我不经常走工业南。	0
3008	1	巴丹吉林沙漠，额济纳包车到阿拉善右旗1200元，阿拉善右旗包车到张掖300到350元，阿拉善右旗至巴丹吉林沙漠入口出租车150元。	0
3008	2	巴丹吉林沙漠越野车包车淡季2000元，旺季2800元。	0
3008	3	巴丹吉林沙漠里面住宿80到100元。	0
3009	5	我在这里:|百屹会馆体育馆 百屹会馆体育馆 南关区东岭南街939号百屹会馆5... 地点详情 13	0
3010	1	我觉得我去你家一回你家变一回样看来还是玻璃箱好	2
3011	1	"转发了BeijingHour的微博:【贾跃亭夫妇及乐视系公司12.37亿资产被司法冻结】ChinesemultinationalconglomerateLeEcoisnotonlyfacinga""farworsethanexpected""cashcrunch,itsassetshavealsobeenfrozenbyaShanghaicourt.GroupchairmanJiaYuetingandhiswifeGanWeihavealsohadtheirassetsfro??"	2
3012	2	我现在就是这个感觉，特别是我的右手，已经木了	1
3013	1	因为有作虎丘塔，是整个虎丘景区显得很有层次。	1
3014	5	我是网上买不到票，在凌晨五点过去买的预约票	0
3015	4	当地时间7月23日，2013 豚鼠比赛日历发布。	0
3016	1	这个是桂林的一条代表性的河流吧，就像广州的珠江那样的存在吧。	1
3017	8	还有一个华夏圣旨博物馆，展示了一些古时皇帝写的圣旨。	0
3018	2	他的品牌@STAYREAL 伴舞者穿了~	0
3019	2	对啊对啊。叶胖现在在看韩剧默默无声的哭。	2
3020	1	当你进入束河古镇时，当你看到四方街时，你会有一种似曾相识的感觉。	0
3021	6	11月的飞机请走你，12月的切糕吃不起。	0
3022	1	■票价25元门票附赠一张光盘。	0
3022	4	■交通地铁：2号线或5号线公交：13路、684路下车走的最少。	0
3022	10	不要抱侥幸的心理藏在包内。	0
3022	13	进去后，第一门的两边每人领一盒。	0
3022	22	大年的时候印象中是7点开门。	0
3022	23	但其实很多3、4点就去排队了。	0
3023	1	这是什么台的什么栏目啊？以后看电视跟你学做菜。	1
3024	3	\\@江南周红斌 : 眼睛会说话的苏菲玛索	1
3025	13	草木覆盖的山岭，在天地间如绵延不尽的绿浪；	1
3026	3	水面架设了造型各异的小桥，人从桥上过如在荷中行。	1
3027	2	#星光公益站之李冰冰（LOVE奥林匹克）#	0
3028	1	刚刚看弄还是奶糖狼，哪能一些些蓝妹妹啦~	1
3029	1	\\@miley雨雨 : 转发微博  @微天下	0
3030	1	大人看大人的节目，小孩子看小孩子的节目！	1
3031	1	@李敏镐全球粉丝团 22:14分@李敏镐 将在春晚的舞台上出现。	0
3032	1	兴坪镇位于阳朔东北部，距县城25公里，漓江在此绕了一个大弯。	0
3033	2	\\@老芋头 : 可上春晚，会把人笑翻。	0
3034	3	包越野车一辆2000，国庆的时候2600，坐4人，晚上住蒙古包或住牧民家，一切由游客自己选择。	0
3034	6	然后第三天出沙漠，再休息一晚上，一般游客还会拼车前往额济纳怪树林，胡杨林，黑城，中国人民共和国国门等地方，总之全程下来一个人大概花费3000。	0
3035	3	该法院的具体裁定内容为：冻结乐风移动香港有限公司、??	2
3036	3	于是静下心来，放慢脚步，感受诗画般的生活。。。	1
3037	5	以孙宏斌为首的乐视上市体系公司频频出来“灭火”??	1
3038	4	1723年胤禛继位，为雍正帝（1723年－1735年在位）。	0
3038	13	两侧牌楼为三间四柱七楼。	0
3038	14	昭泰门：为琉璃随墙门，面阔三间。	0
3038	15	门内有碑亭两座，以及钟鼓楼。	0
3038	16	东西为阿斯门，是清朝王府遗留的规制。	0
3039	1	兰姐大半夜的来句这么煽情的让我如何入睡啊	1
3040	1	回复@Min_mo :我茶山的同事会通知我去摘杨梅的。	0
3041	1	在拉市海骑个马儿，吹吹风，遇到绿屁股抻手摘一只下来咬咬。	1
3042	1	哈哈哈 SMT LA 艺声在表演时在系鞋带。。。。	1
3043	1	小时候去过，后来又去，才发现这楼是80年代修的，真是无语！	2
3044	2	【奥运倒计时：伦敦40多个地铁站可提供Wi-Fi服务】	0
3045	3	P.S 有些大研古镇里的商品在这里价格极低！！！	1
3046	1	我看到这个突然想到我还有个片子冒发你，请接收。	2
3047	3	07年开始，湛江市政府开始组办海上龙舟赛；	0
3047	5	11年开始，“情暖湛江”组男、女队，参加湛江海上龙舟赛。	0
3048	2	打她打得我自己元气大伤啊！比打自己还痛啊！	2
3049	2	\\@九少爷也叫兔子也叫免子 :4个小时点卡！	0
3049	5	\\@电五华乾服_浩气公会皓月争辉 : 哈哈哈哈	0
3050	1	舒勤她爸，我怎么没看见，穿红裙子的小姑娘呀	1
3051	3	\\@evereva :鸟叔，求合影！！！	0
3052	1	从双廊一路骑行往挖色方向，一路上风景实在太美丽啦，我们不停地停车下来拍照。	1
3053	6	【本周日晚19：30，锁定CCTV3综艺频道】	0
3053	7	@gxtvyishengsuoai @mujiangzizuhe @thevoiceofchina @chi_jinvip	0
3054	4	\\@作家岳南 : 他有何证据定性为唐慧闹访？	0
3055	1	尼玛到哪弄西瓜和绿豆汤…超市没得卖…今天还全天课	2
3056	4	\\@吴巨根的菊花开遍了校园一v一 :你老婆穿帮了	0
3056	5	\\@世勋呐的菊花开遍了校园一v一 :你老婆穿帮了	0
3057	6	\\@甲鱼甲鱼 : @普闻 博彩公司控制了比赛！	2
3058	2	哪能，是的，不过我感觉你没有条纹睡衣，哎钱啊	2
3059	1	转发了电商报的微博:【贾跃亭：一个农民会计的野蛮发家史】2003年，山西农民贾会计驾着一辆宝马车，从吕梁山下一路开到北京二环，到了国贸大街，他突然停下来，对着一帮创业小伙伴说，“将来我们一定要成为这里的佼佼者！	1
3060	5	景区西北侧有江南名石苑，已有不少餐饮店，这里是杭州市民休闲的好去处。	1
3060	7	公交到岳庙下车即为北门，西门在杨公堤路上，南侧是郭庄，东侧为西里湖。	0
3061	4	鲁豫姐参加伦敦奥运会今天的火炬传递，编号34	0
3062	3	\\@AnnaEnna :这是奥运会吗？	0
3062	9	「CaptWentworth 江湖编号V5D 」	0
3063	3	6月10日（星期一）至12日（星期三，端午节）放假，共3天。	0
3064	1	这次春晚，听到陈坤的那首歌，我居然哭了。	1
3065	3	台湾台视@超級偶像SuperIdol 飞荣组合@杜俊瑋阿飛 @榮忠豪 将第十二位登场！	0
3065	5	今晚19:30，锁定CCTV3综艺频道~	0
3066	1	我已经奔波在上班路上一个小时了，还没到。	2
3067	6	原文评论[10]转发理由:信用卡是银行的，信用额度也是银行定的，银行当然可以降低信用额度。	1
3068	2	那算什么了，我没买他的书，被他轰出去不让上课。	2
3069	7	原文评论[2]转发理由:上海奇成资产管理有限公司法定代表阚治东，人称“中国证券教父”，新中国第一代证券人。	1
3070	2	据韩国《朝鲜日报》21日报道，伦敦奥运会男子200米自由泳决赛中，中国选手孙杨与韩国选手朴泰桓并列第二。	0
3071	2	肮脏的雾霾天，早上出去是人，晚上回来是兵马俑！	2
3072	1	东海大学，以路思易教堂和东海乳品小栈而出名。	1
3072	2	不过乳品真的也就一般般。	0
3073	3	我们冬天去的时候，排队等环保车等了好久。	2
3074	2	月末返回烟台休整一段时间，我不懂房地产滴哈。。	2
3075	2	这时的沙漠里大概-8度的样子，在沙漠里跑了一会脚就完全没有知觉了。	2
3076	3	网络段子集合体 春晚 央视蛇年春晚落幕啦！	0
3077	1	以前雍正皇帝胤禛没有继位做王爷的时候住的地方，也是雍王府。	0
3077	2	现在是寺庙，人很多。	0
3078	2	木有人陪我，我的牛郎扔下我一人回家了，桑心！	2
3079	1	故宫是北京的必去景点，事先在网上订了票。	1
3080	1	我知道啊~可是两份大份的大于等于三份我吃的小份的~	1
3081	2	\\@董路 :这次是因为没预算了，下次如果还是这种情况，我自己出钱雇人上字幕。	2
3082	4	中国选手陈一冰以15.800的分数夺得该项目的银牌。	1
3083	5	我们外面拼杀挣钱，回家养爷们抱娃，没空撒嗲~	2
3084	2	一日票350元，二日票525元，儿童二日票365元。	0
3085	3	距离2013国考（11.25）只有2天了！	0
3086	3	束河没那么商业化，但近几年就不知道了，但愿我回去之时不会变。	0
3087	2	让他别拽的太早，什么是难度他还没见识过呢	2
3088	1	灵山大佛早上是7：30开门，晚上是17：30关门，如果是冬天的话就是17：00开门；	0
3088	2	梵宫是早上9：00才开门的。	0
3089	2	今天签售啊！下午一点,在展馆的漫客专区。	1
3090	3	@上海国际电影节 @豆瓣电影上海站 @格瓦拉生活网	0
3091	1	我去的时候前门大街旁边在大修，还以为自己不在北京了。	0
3092	3	@赵异彤 @路丝羽 @张哲纶ONTIME	0
3093	2	这些广告到底是做个老外看的还是做个中国人看的？！	0
3094	1	记得一个晚上 我在布达拉宫思索了几个小时的人生。	0
3095	1	@F_EunHae 阿布基一通电话打得我大半夜背口语心暖暖的[泪]	1
3096	1	额，那你整天在这样的环境中生活，会不会也受她传染呀	2
3097	1	才买了不到五个月的手机今天就黑屏了,2000多的三星,咋回事呢?	2
3098	2	我那个很花的射手男真的是个花美男,很像韩国人。	1
3099	4	它能够将视线内的外语瞬间翻译成使用者的母语。	0
3100	2	个野的，我在家。我只是晒相片出来。哈哈哈	1
3101	2	恩我自己留了银的感觉银的配黑的五角星很米丽	1
3102	1	\\@南京刘永和 :我们去美国考察时，有杨特求证小学语文课本中四处引用美国的故事，结果美国教师一个也不知道。	0
3103	2	你招待我呀？给弹琴唱歌不？哥你说话算数不？	1
3104	4	如果给女人一个为奥运会熬夜的理由，那就带她看男子游泳比赛吧。	0
3105	4	@jiamulee Ranomi Kromowidjojo？	0
3106	12	www.sincereclub.com 春晚报名专区；	0
3107	2	恩，我高中时候他们很红，现在好像没什么声音了	2
3108	6	贝克汉姆在今天参观武汉卓尔现场表演任意球时，因场地湿滑不慎滑倒！！	2
3109	3	@佛教微博 今天端午节（农历五月初五），是我国人们以祛病防疫的节日。	0
3110	1	去了两次的地方，属于短途旅行推介的地方!!	1
3110	2	一个小小的镇，晚上在沙滩边逛逛，看烟花，吃烧烤	0
3111	6	跑了这么多国家...  @人民网观点频道	0
3111	8	截至7月3日，广州39个政府部门公布“三公”账本。	0
3112	5	十年春晚演出，令谭晶成为了春晚的一张名片；	1
3113	2	【陈佩斯谈春晚:我不能再回过头去吃别人的饭】	0
3114	1	下午奔色拉寺而去，看看辩经。	0
3114	2	辩经在大殿内，到时间了喇嘛们陆续走近大殿。	0
3115	3	7月31日讯，2012年伦敦奥运会羽毛球比赛30日在英国温布利体育馆内展开第三个比赛日的厮杀。	0
3116	13	此鼓楼内还展览着明清家具、瓷器和齐白石的书画。	1
3116	16	鼓楼的南边有牌匾“文武盛地”；	0
3117	1	【共享单车遭二次共享：押299元可骑5种车】	0
3118	3	刘翔、朱启楠、潭宗亮、杜丽、中国女曲、中国女排???	0
3119	10	然这仅仅是国考人数,加之地方公务员及事业单位等,如此千军万马地争取&quot;	2
3120	2	拭目以待呀。谁是最后一棒。但愿不是雷公！	1
3121	5	韩庚是提前一天到达济南的，当晚就参加了彩排。	0
3122	2	事实如此，否则只能改史书，可历史改不了。	2
3123	1	首批？我怎么记得广州啊上海那些很早就有了	2
3124	6	\\@茅于轼 : 转发微博  @中国经济学人	0
3125	1	看哪天不上班，我们克公园里面一边晒太阳一边打牌~	1
3126	1	北京动物园，非常有历史了，小时候父母经常带我来的地方，学校也会组织来此春游。	1
3127	1	好好开会，开完会就回来吧，别让我们去东莞领人啊	2
3128	1	这个有点太洗具了吧，这单人家不受理，我试过了	2
3129	7	买东西吃饭微信支付的也请大家提高警惕，我看到被盗刷的。	2
3130	2	是呀~~我70后的呀，所以我压根就没听啊	2
3131	1	中国文化嘛，个人认为应该看看，只是真的好大，走着也挺累啦的。	1
3132	1	三亚湾是最长的一个海湾，但是海水确不蓝。	2
3133	3	\\@韓咘叮是模笵笙 :perfect!	0
3134	2	【白岩松评4对羽毛球女双被取消参赛资格】	0
3135	3	今晚就跟他一起吃飯, 聊了很多老朋友之間的事. 過去的，現在的，未來的…	0
3135	5	@陳奕迅所長 ，@吹神 我們明晚春晚一起加油！	0
3136	1	晚饭后和小伙伴们一起散步来到了布达拉宫广场。	0
3137	1	要求站军姿一个小时没得休息，要求教官心理变态	2
3138	1	钟楼和鼓楼建议晚上去看，它做的灯饰很漂亮。	1
3139	2	那边土地是私有的所以不向大陆这么大规模拆迁	0
3140	16	"2012-03-07（周三） 19:00-21:00 """	0
3141	1	折衣服怎么在你家没看到呢好好看呀好好看啊	1
3142	3	\\@TRIPLE__CROSS :时间是 端午节，高考以后，6月11.12日，海报上有时间的！	0
3142	4	@TRIPLE__CROSS 2013成都野猫速递赛来了！	0
3142	8	Thx @成都死飞Tanker @StarTrackCycle 就在夏天！	0
3143	2	神了啊!!难道街上还没卖?这个时候黎平应该满街卖了	2
3144	2	\\@鄧偉傑-NeverSayNever :碧咸  @欧洲足坛	0
3145	1	08年奥运会，菲尔普斯连续拿8个游泳金牌。	1
3146	1	来沙坪坝晒太阳，我和秃鹫在这里晒太阳喝咖啡	1
3147	1	挖色镇逢0和5是赶集日，我们来这选择25号到双廊也是有目的的。	0
3148	2	《太阳报》拍到了辣妹组合为奥运会闭幕式彩排的情景。	0
3149	1	老不死的每天是哪来这多感慨。人老脾气酱。	2
3150	2	【技术讨论?不同类事务间往往存在非典型关联】	0
3151	9	\\@浮游君_一生追随长州派 : ………………	0
3152	1	郑中校服啊！个男主角甘似我地个班长噶。求证下！	2
3153	2	老娘我身边没一个金牛的，不然就拉过来当我老爹了	2
3154	1	【乐视称抵押资产能覆盖债务，招行说可以友好协商|钛快讯】招商银行上海分行此次向法院申请资产保全，系乐视旗下的乐风移动贷款发生欠息、招行上海分行多次催收无果后所采取的法律手段。	2
3155	7	照片为酒店总经理AMY Xue(中）与主演@韩雪 @罗嘉良 @王希维 @安雅 摄于三楼宴会前厅。	0
3156	3	【国考明日开始报名 考录比例可能达90:1】	0
3156	4	2013年国家公务员考试将于15日开始报名。	0
3156	7	总体来看，仍有74.85%的职位应届生可报考。	0
3157	2	哈哈哈那你就好好的宅着吧。不要太想我们昂。	1
3158	2	\\@华姐Candy : 转发微博  @东莞时报	0
3159	1	还我高清北京好么所有照片都被雾霾糊了片[拜拜]	2
3160	3	//@ECHO言朵:美的呀 好像闻到草得香味	1
3161	3	//@为神嘛-世界对我来说没有不可能: 靠！！！	2
3162	1	雍正老爷子做亲王时候的府邸，后来做皇帝后就改成寺院了，好像 是喇嘛教。	0
3163	2	是啊，也不看看是谁给我挑的颜色，您是大师级的眼光	1
3164	4	介休汽车站的直达车是11路，票价五元。	0
3164	13	全部参观下来大概要用5到6个小时的时间。	0
3165	4	陈坤会成角儿，冯绍峰遭砍脸，今年不会再有穿越剧。	2
3166	1	有那么多瓶子的地方，让我想起了青岛啤酒厂	1
3167	2	我们的莞小主和李健，合唱的《风吹麦浪》。	0
3168	2	@虎扑足球 贝克汉姆有着“偶数强迫症”，维多利亚曾透露：“如果只有三罐可乐摆在那里，那么他会立刻去掉一罐，否则就不是双数了。	0
3169	1	来虎丘不是来看风景，而是听历史，来感受和历史在不同时空下的交集的。	1
3170	2	私信留个电话地址什么的，回去后快递给你哦	0
3171	1	现在找到她们了吗？绫妈的钱在她们哪儿呢？	2
3172	8	新华社评选出2012年中国十佳运动员，分别是孙杨（游泳）、徐莉佳（帆船）、林丹（羽毛球）、叶诗文（游泳）、切阳什姐（田径）、邹凯（体操）、雷声（击剑）、张继科（乒乓球）、冯珊珊（高尔夫球）、熊朝忠（游泳）0。	0
3173	2	这次在拉萨逗留的时间太短，没有排到布达拉宫的门票，就在外围感受了下气氛。	2
3174	1	印象中最早见过南京总统府的照片是在教科书上看到的。	0
3175	4	这也是中国参加夏季奥运会以来的第200枚金牌！	0
3176	3	不定期推出一些攻略游记，不止是桂林漓江喔，还有更多的即时信息。	0
3177	2	没有去海南啦~~今天跟文意出去啦，了解海南去了	1
3178	2	海风吹过，藤条随风飘动，好似与游客互动。	1
3179	2	周六傍晚到达厦门，东渡码头乘船到达鼓浪屿大概五点，游览了菽庄花园和边上的沙滩，傍晚的海水凉意沁人，赶走了一天的暑气。	1
3180	1	一天才刚开始,应该是两天啊.你是四舍五入的吧!	1
3181	5	考试11月29日晚8点开始，和我一起先去报名占座吧！	0
3182	4	金鹰节颁奖晚会门票、手机、欢唱券、签名照等你拿！	0
3182	14	9月9日晚19:30@湖南卫视 ，我们相约，不见不散！	0
3183	2	不接我电话！你现在在哪里阿？到店里没？我在车上了	2
3184	1	海天佛国——普陀山，它给人是一种心静的感觉。	1
3185	7	电话：0411-82842288.英国留学DIY群： 301799389 话题详情 10	0
3186	2	6月27日，CNN撤回关于特朗普团队“通俄”的报道，还导致三名员工辞职。	0
3187	2	截至发稿时止，乐视网尚未对上述内容（分享自@凤凰财经）贾跃亭所持乐视网股权再曝被冻结?	2
3188	1	回复@Factor王刚 :对，是你们的客户！	0
3189	2	不然怎么解释呢？或者就是什么化学物质起反应了	2
3190	1	@吴法天 我们就验证吧：奥运会开幕式，奥运会开幕式，奥运会开幕式，奥运会开幕式，奥运会开幕式，奥运会开幕式，奥运会开幕式。	0
3191	2	别把你们家小帅哥饿坏了，那就没人帮你擦地板喽！	2
3192	7	2013年，56岁的赵本山选择退出央视春晚，而刚过40的郭德纲接过接力棒！	0
3193	1	去的时候在下雨，冷冷的，但是观景的人还是很多！！	0
3194	3	考试当天，云南曲靖的王东坐着宾利轿车到昆明参加国考。	0
3195	2	呃啊！我本命是山下呀~看来你经常跑日本啊	1
3196	2	为什么为什么我要单车，那我坐哪里啊，那我还是走路吧	2
3197	1	08年北京奥运会的场景还晃如昨天，伦敦这就来了！！	0
3198	2	三个版面的篇幅中介绍、追忆了这颗足坛巨星的点点滴滴。	1
3199	2	我今天上课穿了一件短袖加外套默默地流鼻涕了。。。	2
3200	1	\\@牧安都 :难道是2012要到了？	0
3200	3	\\@红野丶神耀 : 总感脚这场奥运比的是各国的下限	0
3200	6	【孙杨与朴泰桓同获银牌 中国红旗悬挂韩国旗下方】	0
3201	1	雍和宫的英文是lama temple以前是雍正的官邸，后来然喇嘛住了。	0
3202	4	甲厂分得24吨，乙厂分得的是甲厂的一半，丙厂分得4吨。	0
3203	4	最终还是按原计划去了趟杨堤码头，没有原因，就是去打瓶酱油。	0
3204	1	說真的，對這兒沒啥興趣，是去孔廟&國子監的時候順道去的...	2
3205	6	虽然我们去的时间不是阳春三月，冬季也别有一番风味，游玩三小时，人不是特别多。	1
3206	1	不去总统府 不游秦淮河怎么能算到南京呢？	1
3207	5	\\@lovechen223 :哎哟~~~~~	0
3208	4	贝克汉姆（David Beckham）是一名Jeeper，同时他也是一个父亲。	0
3209	2	@沈腾 突然间猛增的转发和评论让我有些招架不住。	2
3210	4	那年岛国奥运会，竟然会没有放AV耶。。。。	2
3211	9	医生认为他完全有可能参加在巴西里约举行的奥运会。	0
3212	7	"某实在人最后还来一句 曼联的lovers遍天下|Why I Love Manchester United Why I Love Manchester United 92班 采访 播放 """	0
3213	1	惠州巽寮湾（读：xùn liáo wān）位于广东省惠州市，是AAAA级国际滨海旅游度假区，“中国旅游名镇”之一。	1
3214	2	周一（2.4）湖南卫视全国网全天0.86\5.5第2，晚间2.02\6.9第1，黄金档3.11\7.91第1。	0
3214	3	2013小年晚会2.74\8.69第1。	0
3215	1	我要发到车来啊，还没来啊，我会多发几条的，到汕头再	2
3216	3	\\@这里是美国 : 洛基表示不能忍。。。	2
3217	1	【起底乐视非上市体系贷款明细：累计偿还160亿，欠款金融机构138.5亿】一份关于乐视非上市公司体系目前在各大金融机构的贷款余额状况的材料显示，截至目前，乐视累计偿还金融机构借款160亿，贷款余额为138.5亿，涉及3家银行、信托和数家中小金融机构。	2
3218	4	在鼓浪屿我们最爱的就是在小巷漫无目的的游逛了。	1
3219	5	\\@一CLINGING一 : 贝克汉姆！！	0
3220	2	··  @邵雨涵 今晚参加我们家乡的春晚，一上午开始彩排啦。	0
3221	2	为什么我天天看十几个小时的微博也没看到！？？	2
3222	2	如果我消失了你会找我吗，我知道你的回答是不会，	2
3223	2	\\@飞象网王鹏 :手机奥运游戏比赛开始啦！！！	0
3224	6	沙桐汇报给了副总编辑李挺，再将领导指示面对面传达给了杨健。	0
3225	2	不睡的，我还在幼儿园卖校园卡！等下去老年大学谈准入	1
3226	4	比赛活动项目包括篮球、足球、羽毛球、排球等等。	0
3227	2	心理有啥，你就看到啥，博主也是这个观点。	1
3228	4	Flag Tags还统计了各国的支持率，目前东道主英国排在首位。	0
3229	1	我认识一个人长得巨像杨臣刚和孙楠的合体。	1
3230	9	在往前走，就是方外观了，这里就是《还珠格格》里香妃的原型容妃做礼拜的地方。	1
3230	20	但十二生肖剩下的蛇首、鸡首、狗首、羊首依然下落不明。	2
3231	1	把你的尿水接出来，连一根管子，贩卖到日本去。	2
3232	1	经过今晚 我很信三元宫众神的力量了....	1
3233	3	鼓浪屿虽然就是一个小岛，但是岛上没有代步工具全程只能走。	2
3234	1	这句话表让娘恩看见，娘恩会问你他帅不帅的！！	1
3235	2	我早饭吃的粽子 午饭还吃粽子 晚饭估计应该……！！！	0
3236	3	2007年，她从湖南省队被派到哈萨克斯坦“交流”，协议签5年。	0
3237	1	遇到骆驼，师傅停车后，我们欢呼雀跃的求合影！	1
3238	1	别又来中个5点几亿的，不然我们这些倒霉蛋怎么活啊！	2
3239	2	苏州是个非主流的城市,好像在苏州的景德镇人不多吧	2
3240	2	岸边的凤尾竹随风摇曳着，还有几只水牛在江中洗澡。	1
3241	6	原文评论[40]转发理由:[笑而不语]金融机构都是这样的，锦上添花，雪中就把炭拿走了	2
3242	1	在天安门广场南面，北京的中轴线上，南北方向，北边前门，南边天桥。	0
3243	2	我还是停留在你短发记忆！我准备留很长的长发！	1
3244	8	@东方卫视声动亚洲 直通春晚 话题详情 868	0
3245	2	嗯嗯，跟政委混坐灰机乎的一下俺就灰回去了。嘿嘿…	1
3246	1	哈哈哈大王老林现在法国的家伙，泡妞去了！	1
3247	1	很帅，很有范，其中一个人张的挺像筷子兄弟里的王太利	1
3248	1	好久没好好喝茶呢虽然我谈不上是个老茶客~~	1
3249	5	【俄总统普京下令在黑海海域突击进行军演】	0
3249	7	” 他表示，普京是在从南非金砖国家峰会返回莫斯科途中，从飞机上下达演习开始命令的。	0
3250	2	有一个中国女人做老婆，放在家里供着，还不够吗？	2
3251	2	仅带表897广播事业部的几个同事们谢谢您的大力支持	1
3252	1	是你送人家手机，不是人家送你，看清楚点啊	2
3253	1	我给|冯巩等《我就这么个人》打了★★★★★，我“爸”又上电视啦！	0
3254	2	天津还没涨过那么猛！至少政府是这么认为的。	2
3255	2	有个日式建筑风格的酿酒坊，当地人带着食物在荷塘中小亭里野餐，还有带着各式乐器自弹自唱的，很有生活气息。	1
3256	1	相对北红村，北极村多了很多人工雕凿的痕迹，商业气息很浓。	2
3256	6	甚至还有最北的厕所。	0
3257	10	\\@_Jacqueminot_ : 阿淡淡GJ！	0
3258	7	【邹凯冯喆！我们给你扎起！】1 : 你来赛的！	0
3258	8	【邹凯冯喆！我们给你扎起！】2 : 吊得一比！	1
3259	3	”他答道：“我们在观众人数上是无论如何也超不过北京奥运会的。	0
3260	2	\\@shellwongnju : 学医！	0
3261	2	可你只猜到了开头，没猜到结局-无言的结局。	2
3262	3	昨天中午，浙江中河高架上演“高台跳水”。	0
3263	2	那螃蟹是不是把地板给凿了洞？声音不对又不敢看	2
3264	4	@offer学姐 2013.1.10选调生报名。	0
3265	1	学生考到八号，我十号还要带学生去下乡实践，早咯	2
3266	2	那我跟你下去，你打裁判，我锁住他的狗腿！	2
3267	1	你现在不做机构设计啦？忘了电池盖是杂设计?	2
3268	1	到厨房拿点吃的，回来就发现春晚已改成足球频道了。。。	2
3269	4	不过英格兰主帅卡佩罗已宣称，球队将不会再征召小贝。	0
3270	1	大学四年级去的西双版纳，自己一个人去旅行。	0
3270	7	也许是心情的原因，现在我走过国内很多地方，在国外也看过不少民族歌舞演出，曼听公园的民族表演让我记忆犹新。	1
3270	8	演出结束还有点灯的一个活动，大家拿着等，慢慢走着。	0
3271	2	要不然咧？你怎么一天到晚没完没了的改名字	2
3272	1	古镇里的，去了丽江古镇，其实就不用去这里了。	2
3273	1	从人山人海的地铁站出来，满眼的高楼大厦！	1
3273	2	恍惚间，我觉得来到了香港的港岛。	0
3274	4	男医生看了看婴儿，随后摸了摸女人的咪咪。	0
3275	2	恩恩。我照片已经给你噜。秋秋邮箱里哈哈哈。	1
3276	2	你妹你妹你妹你妹.你那么多老婆让一个给我怎么叻!!	2
3277	1	冬天一齐去看紫禁城的雪~我们仨继续一秒钟变格格	1
3278	1	中午11点多钟，乘车201路返回总统府。	0
3278	3	门票40元/人、60岁以上半价20元/人。	0
3279	1	“雍和宫”在成为“宫”之前被称为“雍亲王府”，是雍正皇帝登基之前生活过的地方。	0
3279	4	乾隆爷在这里的也留下足迹。	0
3280	1	金融区，迷宫般的地图，打车者的梦魇之地。	2
3281	2	劳资不爱你！尼玛！我身边到底是群啥子人些哟！	2
3282	5	为了将停泊在乌克兰的瓦良格号航母运回中国。	0
3283	2	门票：25元，送一炷香。	0
3283	3	参观时间：2个小时，雍和宫以前是雍正的府邸，四爷的王府，后来改成喇嘛教的寺庙。	0
3283	4	其实来雍和宫就是感受下四爷的住处的。	0
3284	6	6月24日起，每周六晚八点，燥动开唱，Rising!	1
3285	2	\\@又被删号的KDS查理 : 我擦～～～	0
3285	7	\\@Hercolubus :！！！！  @动漫宅集中营 主持人没有说明年再见啊亲！！！	0
3286	3	另外如今比特币高位整理，你对接下来的趋势有何看法？	0
3286	4	现在很多人打算接着高位做空，你觉得比特币接下来一周会??	0
3287	3	#贾跃亭乐视系12亿资产被冻结#????	2
3288	6	\\@小天的古月哥欠_胡歌920 :嗯嗯嗯	0
3289	1	原本很美的水乡小镇现由于商业化气息过重，已经变成了万三蹄、河豚鱼??贩卖区。	2
3290	1	好好学习，天天向上，少看那些少儿不宜的电视剧	2
3291	4	顺着江岭的梯田向山下走，会发现一个村庄。	0
3291	5	秋日午后的阳光在你的脸上跳跃，合着微风送来菊花的香气。	1
3292	4	标签： 中国队 20121奥运会 HTE中维恒泰	0
3293	1	香格里拉一词，意为心中的日月，英语发音源于康方言南路十语群体中甸的藏语方言。	1
3294	2	明明在家，如果粑粑穿洞洞鞋，岂不笑死人了！	2
3295	4	高山湖水，白雪山花，简直是秒杀一路的级别。	1
3296	1	转发微博  @新浪微视频 刘翔母亲的一句话：“现在刘翔是国家的儿子，等奥运会后才能还给我。	1
3297	2	周围很多岗亭和执勤的特警，还是挺有安全感的！	1
3298	2	不会吧？偶买的是这个颜色？是不是有点偏？	2
3299	2	2013年夏季世界大学生运动会将于7月6日至17日在俄罗斯喀山举行。	0
3300	2	[zongzi] [zongzi] [zongzi] [zongzi] [zongzi] [zongzi] [zongzi] [zongzi] [zongzi] [zongzi] [zongzi] [zongzi] [zongzi] [zongzi] [zongzi] [zongzi] [zongzi] [zongzi] [zongzi] [zongzi] [zongzi] [zongzi] [zongzi] [zongzi] [zongzi] [zongzi] [zongzi] [zongzi]	0
3301	5	在滨海路上，沿途还有很多的观景平台，供游人休息、观海。	0
3302	1	@spark1111 @小好切梨切梨 @呀呀呼吸 @-爱笑的妞	0
3303	1	@BabyCute3lephant  @顺德交警	0
3304	2	迄今已有600多年的历史。	0
3305	2	挖色的水面上有成群的从北方过来过冬的海鸥。	0
3306	9	会后一打听，才知道她竟是荷兰女王，简直匪夷所思。	0
3307	2	你是否正坐在电脑面前收听我们的网络春晚呢！？	0
3308	1	里面展示很多历史内容，墙上图片文字相结合。	0
3309	1	2012.1.13 张信哲天视春晚录制现场~	0
3310	4	她是三尊一体，选材于敦煌壁画里飞天的画像。	0
3311	2	哈哈哈！精工细作啊！食不厌精脍不厌细啊！	1
3312	2	这就是为什么乘坐不同位置之后对游览漓江有不同的感受。	0
3313	2	这，闹眼子啊，我还以为是这个人回我了咧？	2
3314	1	北京时间昨晚11时，伦敦奥运会女子乒乓球单打金牌争夺战落幕。	0
3315	1	贝克汉姆和吉格斯那两个绝对是经典之作。。	0
3316	2	唉，没想到回家以后发现，妈妈一直没睡，还在等我	2
3317	1	你终于有今日喇，天开眼先300，我被罚500	2
3318	4	坐了整整3天汽车，花了680元门票，就看这个？	2
3319	1	晚上没事干就去了呗和我妹去的~下次看别的咯	1
3320	1	为了表示我1991年到达过无锡，点击了“灵山大佛”，表示到无锡一游。	0
3321	1	\\@张杰官方影音 :转发微博  @百度音乐	0
3322	2	既有寸草不生的漫漫黄沙，又有绿草丛生的沙漠绿洲；	1
3323	6	门票信息: 350元，建议提前网上购票，有时会有特价票。	0
3324	4	我只看到有的喇叭坐着，有的喇叭站着，然后你一句我一句，然后站着的喇叭就拍巴掌，无限循环	0
3325	2	我了勒个去~这货不是赵大便~这货不是赵大便~	2
3326	7	前后时间可能会有误差，这就全凭人家心情。	2
3327	4	考试当天上午有5016人缺考，下午缺考人数5507人。	0
3328	1	朝天门也是重庆的标志，亦是老重庆的标志。	1
3329	3	市场人士称昨日创业板大跌受乐视网时间发酵、创业板中季报业绩低于预期、个股闪崩频发等原因。	2
3330	1	我和老公刚回家，本想晚上没事什么人去办进京证，结果跑了不到5公里完全看不到路了，赶紧不办了，返回来，连闯两个红灯，也根本看不见红灯，尼玛，全程双闪，吓死偶了，能开回来命真大第次见识到北京雾霾的严重性让你们见识下北京的雾霾吧	2
3331	3	\\@何兵 :按小平的计划，比台湾晚将近五十年。	0
3332	1	转发了财新网的微博:【独家|乐视内保外贷业务逾期招行申请冻结资产12.37亿元】（记者吴红毓然）据财新记者从多位知情人士处获悉，因一笔内保外贷业务逾期，乐视在境内做抵押的资产，被银行依法申请冻结，以做资产保全。	2
3333	3	佛学是出世修(炼侧重于来世)  、儒学是入世修炼侧重于今世。	0
3334	2	@春妮 @春妮的周末时光 @BTV环球春晚2014	0
3335	5	\\@Alessia_Vic_茜_0202 :	0
3336	4	见不得别人有车啊，有种去砸政府的啊，政府很多丰田三棱本田。	2
3337	2	哈哈哈，的确如此，小牛你十一不也回家了吗。	1
3338	1	试了才知道。我准备留2瓶我们几个品哈子~	1
3339	2	同学们我没有伞呀。谁家有多的捐一把出来呀。哈哈哈	1
3340	2	可是我不知道怎么给，怎么给呀？点哪里啊？	2
3341	3	上来之后发现只能看到雾气，连一点儿夜景也看不到了，，上天台吹吹风？	2
3342	1	安静的住一个晚上，有江南小镇书香传家的感觉。	1
3343	5	@exom-Lay麒麟 130126央视网络春晚 预览2	0
3344	5	无论你处何境在何方，只要你动动手指，转发此微博，远在伦敦的喻丹就会感受到我们的力量。	0
3345	2	今年你地就搏杀咯争取叻过铁一同六中啦~！！	1
3346	1	根据乐视网一季报，贾跃亭持股5.12亿股（25.67%），算上他持有的乐视控股（92%）所持上市公司1194万股，总计5.23亿股，占上市公司总股本的26.22%，此次被冻结26.03%。	2
3347	2	嘿嘿~~想当年一开始咱也是等过的呀，也有几个春秋了	1
3348	5	（图\CCTV、@杨丽萍--舞剧--孔雀 ）	0
3349	2	谁得银行得天下啊，随便放开买买买啊，。。	2
3350	4	【听课方法：进入下载YY软件—进入36531频道—开始听课】	0
3351	4	央视春晚三次联排：孙俪李健牵手合唱 |今天下午，央视蛇年春晚在中央电视台一号演播厅进行了第三次带观众联排。	0
3351	5	彩排当天，将在春晚上合唱歌曲《风吹麦浪》的孙俪、李健也现身现场。	0
3352	2	没喝酒，这是事实…不过没睡不是因为没酒…	2
3353	2	北京时间8月1日消息，2012年伦敦奥运会游泳比赛进入第四天，中国队又有金牌入账。	1
3354	1	杨兄，国内商品多头目前来看还是很给力的。	1
3355	2	我知道的呀，你上次飞温哥华买的呀。我那天碰到靓爆类	2
3356	1	转发了创业家传媒的微博:#乐视员工建行信用卡额度被调成1元#??	2
3357	15	顺便还掏了几只小狼崽。	0
3357	16	沙漠里的人家养羊，养骆驼，养牛，养猫却似乎并不养狗。	0
3357	18	所以刚去的时候看见在沙漠里闲逛的骆驼还以为是野骆驼呢。	0
3358	2	\\@蘑菇兄弟 :我就不告诉你这是旅游卫视春晚， @蘑菇兄弟-王嘉诚 @蘑菇兄弟-张燕峰 @蘑菇兄弟全国歌迷后援会  @蘑菇兄弟 我就不告诉你这是旅游卫视春晚， @蘑菇兄弟-王嘉诚 @蘑菇兄弟-张燕峰 @蘑菇兄弟全国歌迷后援会	0
3359	2	雾霾终于要散了[泪]熬夜快熬不动了明天不要去那个饭局呀~	1
3360	2	完全不值得一看，和阳朔那边的杨堤到兴坪的漂流没法比。	2
3361	2	我们那叫得就是油粿，不过不知道其他地区叫什么了。。	0
3362	5	这春晚，简直就是冯导整个演义事业的缩影。	2
3363	2	别围观了，今天来我家锻炼身体吧，管饭管饱	1
3364	3	景区里有灵山大佛、九龙灌浴、灵山梵宫、五印坛城等景点。	0
3364	4	2009年第二届、2015年第四届世界佛教论坛主会场设在这里（圣坛）。	0
3365	2	是的，你在上海哪里?我在静安寺这边，不远就见见吧	1
3366	4	The Beatles、The Rolling Stones、 Queen、 Sex Pistols、 Oasis、 Adele！！！	0
3367	2	奥运会还有运动员跑完200米睡倒在地上呢。	0
3368	1	读书季黄金时代：去国图办个借书证，把很久以来就做好的计划付诸实施然后去看下鲁迅先生故居～	1
3368	2	[打哈气]仅有天的周末，雾霾远去，清新回来[可爱]	1
3369	1	下雨怎么载…再说我现在在公司考试啊！你带雨伞没？	2
3370	2	酷派集团称贷款还没有到期，正收集证据对起诉状作出抗辩。	1
3371	1	第二次去了，下着小雨吃着糖葫芦游览景区，回顾着民国历史，别有一番风味。	1
3372	3	【刘翔的数字&quot;玄机&quot;】	0
3372	11	,和北京奥运会开幕日亦有一种&quot;	0
3373	1	雨季的布宫广场上仍然人潮涌动。	0
3373	3	晚上会有喷泉表演，各地的游客集聚于此，在此观看布宫夜景，合影留念。	0
3374	2	有时间的话就延中轴线、东线、西线各溜达一圈。	0
3375	2	咱一边说话一边吃。。我要训练你们两个吃饭慢点！	2
3376	2	今天来试妆的客人呢！有的角度真的像！有木有？	1
3377	2	我们曾骑自行车从双廊到过那里，还在镇上吃了一顿午饭。	0
3378	2	我宇妹儿，我以为你把我搞忘了也！哼哼哼。	2
3379	9	他的歌声凝结无穷力量，让你从此不再孤单流浪。	1
3380	1	【乐视危机波及酷派遭银行起诉要求提前还贷8000万】乐视资产危机波及旗下的国产手机制造商酷派，遭平安银行起诉，要求提前还贷8000万。	2
3381	2	也不要太过分了就该罚他在机坪罚站一天就够了	2
3382	3	胡总多做做这方面的调研吧！：）  @东京隐士 端午节，唐朝之前叫端五，后讹为端午，意为初五日。	2
3383	2	这个叫我情何以堪，，，我目前快要100了	2
3384	9	"评选还有五天，现征集现场学生评委进行打分，请大家私信报名哟 """	0
3385	8	10月23日晚19:00 综合楼E5-101	0
3386	2	啥行为艺术？只看到一堆人和两条白色的横幅	2
3387	1	\\@cocoprincess :\\ @邢璐_lulu :转发微博。	0
3388	6	萌萌代言361度产品满249元送价值79元的“孙杨款”T-shirt一件。	0
3389	1	古镇的四方街具有代表性，也是当地人生活的写照。	1
3390	5	11月4日，CCTV5《体育人间》节目播出“叠滘龙船文化”。	0
3391	3	\\@Gloria_瞬默 : 你不是一个人！	0
3391	5	\\@Asahina是豬腿兒cowlee : 你不是一个人！	0
3392	1	今晚的湖北  @voler_K_voler	0
3393	2	为什么中国当时没有参加64年的东京奥运会呢？	0
3394	1	广场上布满了拍摄布宫夜景的人们，我们也不例外，留影留影。	0
3395	4	\\@Faye逸是eroP的honey酱 : 噗	0
3396	2	基本不做这种事的，这次实在是觉得对方有些过了。	2
3397	1	最近我对这本书也非常感冒，看完资本论就看他	1
3398	1	自从踏上这座岛，我就觉得自己来到了另一个世界。	1
3399	4	这是苏州城的一个标志，也是到苏州必去的一个地方。	1
3400	2	@霍泰稳 @专题僧竹木刀 @iQinMobile @林军  @友盟	0
3401	3	偶遇了总统府家的猫，很傲娇，人们追随它拍照，看它的样子应该是个男孩子。	0
3402	1	情深深总是和雨蒙蒙扯在一起的。你就将球着去玩吧。	1
3403	4	\\@李婉儿lwe :转发微博  @一直在路上1	0
3404	1	哈哈哈发丝肺腑的一段自己的内心话呀哦也哦也	1
3405	4	顺便透露，7月13号晚广州TU凸的空山&amp;	0
3406	4	双子座（拜年）；	0
3406	9	天蝎座（玩游戏）；	0
3406	13	双鱼座（放鞭炮）2过年你准备做些什么呢？	0
3407	6	司机提醒不要开窗，以免猴子冲进车里，也不要喂食，以免争抢或吃坏猴子，在车内隔窗拍照即可。	0
3408	5	直播将历经2个月，最终有三名选手直通2013蛇年春晚。	0
3409	2	就武汉天地啊，电影院下面的一家花店，蛮有感觉得	1
3410	2	我今天真忙，明天又一连串会议，真爽！岛主	1
3411	2	··· 一会儿先把“开场high歌“小样儿 抢先发送！	0
3412	1	漓江总结下有3种游览方式。	0
3412	2	1.从桂林市区出发，做大渡轮到兴坪（终点我忘了，当时做计划没考虑这条路线）。	0
3413	4	》《金字塔》@科幻世界发行部 本周发货、8月8日左右全国陆续到货！	0
3414	1	7.13 下周五三星钻石联赛-伦敦站即将开赛!!	1
3415	4	@璾涵昔 @sophiapc @Qian_小钱 @十字夜子 @萝卜头枫 @丫丫的星期八	0
3416	2	你他妈的识字伐，潜行啊，我靠还港行，怪不得我找不到	2
3417	2	折腾了一下午，那可是体力活，现在累了，手上还起了泡	2
3418	1	秋雾霾散去，今天北京的秋很迷人，每缕阳光都叫人觉得温暖摄影/后期：zh出镜：抄送:	1
3419	4	\\@费晓东-泰晤士小镇 :对的，今天金池会告别	0
3419	8	今晚19：30直播《直通春晚》总决赛今晚。	0
3420	2	真服你了！看惯了外国人，中国人咋就看不出来了嗫	2
3421	1	转发微博  @199IT-互联网数据中心 分享：	0
3421	2	【从数字看2012伦敦奥运会--信息图】	0
3422	2	【1.11直通春晚@华晨宇yu 部分汇总】	0
3423	1	历史古街平江路是必逛的，旧时苏州人的生活皆缩影在那一条石板路中。	1
3424	9	考验的是融创的人才储备，战略控制力，老孙见过世面，有人生阅历，知道适可而止。	1
3425	1	还有一个木头的火车，看上去很灵的，不过是不开的。	0
3426	1	听说宁大学生去迪拜实习一年呢，你知道不~	2
3427	1	朝天门是嘉陵江与长江交汇处，重庆以前的十七座古城门之一。	0
3428	2	\\@风雨向日葵 : 转发微博  @禺花石	0
3429	4	贝克汉姆的儿子如果也踢球，会在哪里效力？	0
3430	2	当时寺庙内还有施工，不知是在建客栈还是啥。	0
3430	6	金秋十月，阳光暖暖，拉姆央措湖水映着蓝天，像一幅画，美的不舍得闭眼。	0
3430	7	环湖一周，慢慢行走，一个半小时左右，湖中央有芦苇，有草，有水鸟野鸭。	1
3430	8	路边偶尔有小猪小牛，有人家。	0
3430	12	松赞林寺离香格里拉县城不是很远，有公交或者中巴车。	0
3430	13	我们是跟团去的，离住的地方30分钟车程左右。	0
3430	14	门票115，进去之后有环保车。	0
3431	1	江岭是我们必去的景点，早到一号观景台观江岭的梯田花海及日出。	1
3432	3	夏日溫度，沒有爆竹聲，沒有春晚的背景音。	0
3433	1	\\@Crater虺瞳 :坐等第十第十一！！！	1
3434	2	@amber佳佳 @马_小川 @黑松单 @专属李小猛 @刘呀嘛刘胜杰 @林好 @berryzhao小崔 @王2娃娃 @新疆三宝 @飞天小女警的亮晶晶	0
3435	2	组织聚会，找我吃饭，看电影，介绍帅哥给你	1
3436	2	让我们一起唱，现在的你看到的我是蓝色的…	1
3437	2	四个人坐一船，人数不够的还得补钱，一个空位20块。。	0
3438	1	傍晚来到位于拉萨市北郊的色拉寺。	0
3438	2	游人渐退，因为已经过了5点，所以门票为5元一位。	0
3439	1	明清帝王居所，走近故宫，感受帝王的生活。	1
3440	4	24，Rue du Commandant Guilbaud, 75016 Paris 9号线：Porte de Saint-Cloudde rien~~~	0
3441	1	\\@999封微情话 :  @笑话学前班	0
3442	1	是的呀，你已经提前穿啦，还有那么多人陪你	2
3443	1	她是我同学你见过的她过生日我们还一起吃饭呢	1
3444	2	很灵的造型，很有型的靴子，简直就是专为明道设计的	1
3445	1	瓦萨我姑姑家在那里现在去那边带莲蓬回来吃啊	1
3446	2	那尊古铜鼎炉则是俗称的『北京三绝』之一（另两者为九龙壁和团城玉瓮）。	0
3447	7	买了一大堆海鲜简直停不下来，然后去重庆英姐家加工。	1
3448	2	法院裁定，冻结贾跃亭名下5.1亿股乐视网股票，以及乐视控股1...@鞭牛士#Bianews贾跃亭及乐视控160亿乐视网股票??	2
3449	6	原文评论[427]转发理由:这事儿我站建行，毕竟人家不是做慈善的，看你没钱了不借给你钱了没毛病。	1
3450	1	因为考虑到大足石刻比较远，是在当地跟团参加的。	0
3451	13	预计公共科目笔试时间为11月23日-24日。	0
3452	5	7月29日，2012年伦敦奥运会将决出14枚金牌。	0
3453	1	我有打点滴的，明天还要吊两瓶呢，不用这样了吧	2
3454	7	此次表演节目内容：一边拉琴，一边口叼木棍，木棍上放着皮球，而皮球上则放着一瓶花。	0
3455	5	昨天夜里接到电话，马哥，你帮我照相吧，没请摄影师。	0
3455	6	我靠，一大早开始忙活照相，我的天呀，我是不是永远不能安静的参加一次婚礼呀？	0
3456	1	哈哈哈，天朝上邦，真不知道是该哭还是该笑。	2
3457	3	【华晨宇《we are young》演绎华式摇滚】	0
3457	6	|《We Are Young》华晨宇 18 《We Are Young》华晨宇 18 播放 204	0
3458	2	不过去过之后感觉也就一般般吧，没什么特别的。	2
3459	1	\\@莉啊莉_小姐 : 视频昨晚就下到手机里了mp3下了下了	0
3460	4	【视频-《给自己的歌》 MV送别中国男篮】	0
3461	1	请问海洋和蓝精灵还有放映吗？强烈要求啊！	2
3462	2	表现了啊，只是没让你知道而已，可我知道啊！	2
3463	1	看来奔驰和宝马对奥迪的价格挤兑效果非常明显!	1
3464	1	南京总统府迄今已有600多年历史，这里不仅是国民政府中央所在地，也见证着太平天国与两江总督衙门的兴衰！	0
3465	1	去安徽汤池小镇去看看吧！那里就是这样的社会。	2
3466	2	哈哈哈，是的是的，你来上海我带你去吃哦！	1
3467	1	也不知道是谁选的这个位置啊，建的黄鹤楼，风水宝地。	1
3468	2	近日，三星电子和VISA公布了三星旗下的GalaxyS III手机成为2012年伦敦奥运会指定手机！	0
3469	1	电视剧我恐怕现在没空看，先瞅瞅今晚的首映礼吧。	1
3470	2	这就开是了啊！那是主办方的要求，而与今后无关。	2
3471	2	电瓶车是在三十三观音堂后一站，步行的话，过了南山寺后经过大象石雕往左走约1公里就是108米的海上观音。	0
3472	1	昨晚先讲完你的女人之痛，今日就轮到我男人之痛命啊	2
3473	2	【蔡赟\傅海峰2-0丹麦强档 中国首获男双金牌】	1
3474	3	\\@洪辰90后援团-双Chen相惜沫 :洪辰	0
3475	2	\\@刘成科 ：我们该叫谁裸身骑马绕故宫走一圈呢？？	0
3475	4	\\@孟非 ：今天的中青报有这条微博，我把图片转发上来。	0
3476	6	\\@-Yif ：可是我穿帮了怎么办（扑	2
3477	4	\\@姚小烨River : 真的不用看了	0
3478	1	感觉要每天记个流水账，不然海马体的选择记忆真真的糟糕今天雾霾很重，夜里开车闯了个红灯；	2
3479	2	我要收回曾经那句话“北京我再也不要去了”	1
3480	2	\\@猫猫英二 :BAKER STREET!!!!!!	0
3481	1	\\@马健0820 :我也考过SAT啊：）	0
3482	2	就是为这呢，最后一次啦！再不去会遗憾终身的！	1
3483	13	这是中国奥运代表团在伦敦奥运会上夺得的第9金！	0
3484	11	布鲁克林Dyker Heights附近圣诞灯饰；	0
3485	2	门票50元，门口有同程的活动，扫二维码，45元。	0
3485	5	只是爬上去在廊檐过道看了一下江景而已。	0
3486	2	没票。不让进。集会票早就卖光了。还了得他们了	2
3487	6	（出故宫神武门后就是景山公园，门票两元）强烈推荐！	1
3488	1	现在此类事件比比皆是，这个世界到底怎么了？	2
3489	1	如果到了厦门不去鼓浪屿，那我宁可不去厦门。	1
3490	1	平江路满街飘着臭豆腐味，和丽江，北京南锣鼓巷已然同质化。	2
3491	1	云南省迪庆藏族自治州香格里拉县青藏高原南缘，横断山脉腹地，是滇、川、藏三省区交汇处。	0
3492	1	在这我想到的是蒋公，而非孙文，更不是洪秀全。	0
3493	1	小丽姐，来三里屯的话，强烈要求到我这里来聚会！	1
3494	2	哎，也许在球场上再也见不到他了。真的很不习惯！	2
3495	3	游泳时，他的眼镜掉到海底，居然被我找回来了！	1
3496	1	街上保留了很多老子号商铺，全聚德、瑞蚨祥、祥义号绸缎庄等。	0
3497	1	对的，我们的展台人气超旺，而且老外超多。	1
3498	4	狂风暴雨中的南丫岛，是香港送给我们的礼物。	1
3499	2	清迈可能考虑，最近我太累了，不想长线，只想好好休息	2
3500	1	俯瞰重庆夜景的地点有两个，一个是鹅岭公园另一个就是南山一棵树观景台。	0
3500	4	而鹅岭公园的夜景则包含更多的细节，仿佛置身其中，你与我从观众变成了演员。	1
3501	6	除夕不再是法定假日、五一劳动节依旧是三天假期……	0
3502	2	去，你们浙江人算虚岁，俺们湖南人只算实足年龄的	2
3503	2	你不是号称富二代的嘛，怎么，工厂倒闭了？	2
3504	5	门票：50元，买票处有同程网的买票说明在那里，现场扫一下二维码，立减5元；	0
3504	10	进去就是好大的广场，主楼因为在装修，电梯停运。	2
3505	2	没有三大，就两大。儿子什么的是你杜撰的~	2
3506	2	梁军：乐视网未来重心是电视其他业务该砍就砍】随着乐视债务危机持续，乐视私募债务风险暴露，金融机构踩雷不断。	2
3507	1	我第520条微博给了你！剩下的看你了！你懂的！	1
3508	4	时间3.23（周六）晚19:30，地址 仙霞路650号四楼剧场。	0
3509	2	我今儿穿的跟黑超女特警似的，他不想活了他，找摔…	2
3510	1	\\@LMH寄不出她的梦 :  @某hi [设计对白]“听说你这次上了春晚？	0
3511	3	往下一个参观点参观，越看这里越像一个豪宅。	1
3512	3	【易思玲夺女子十米气步枪金牌 射落伦敦奥运首金】	1
3513	3	如果你要是早上去看，你真的会一下子感受到什么是”暮鼓城钟“。	1
3513	4	我当时是从地下通道过去的，就是你在上楼梯往上上的时候，你会看到钟楼也在慢慢的往上升！	0
3514	1	古德寺不大，香客也不是很多，但是很有古寺庙的感觉。	1
3515	2	哈哈哈我也看了天雷滚滚看了一集鸡皮起了一身	2
3516	1	我，没啥可用来交换的啊，这边全都是中国制造。	2
3517	1	我婚没结上哪换…现在选车呢…我看我爹妈眼睛快选花了	2
3518	4	\\@宵朗之琦8813 : 刷WB，聊天	0
3518	6	\\@LilianSoong :阿拉反正伐窺額，伊拉嘛反正也無所謂額！	0
3519	1	是啦，是啦，强烈要求和陈我我的爸爸对调肚子！	1
3520	1	两代皇帝登基前的寝宫，现在是座喇嘛庙，帝都当地香火最旺！	1
3521	1	浪石金滩是个游玩项目非常多的景区，来这里的游客还蛮多的。	1
3522	2	@最牛B的视频 国际标准舞大赛亚军摩尔多瓦队表演，中国代表团和中国大使全部吐血身亡！！！！！！！！！	2
3523	1	烧香拜佛的地方，国子监和孔庙走出去，基本上就是，有地铁站……	0
3524	2	哎，我这个心情啊，难道我提前进入更年期？	2
3525	1	\\@讲波佬陈曦 :或有一天，主教练：杰斯，助教：加利、菲腊，青年军教练：毕特、史高斯，球会形象大使：碧咸  @新浪体育	0
3526	2	去的时候还漫天孔明灯，不知道现在是不是呢。	0
3527	5	\\@凯特_礼拜天综合症 : 2333333	0
3527	6	\\@鑫子_里阿充到期末 : 眉毛子你太萌了哇哈哈哈哈！	1
3528	6	@sky成琳琳琳琳琳 140112東方衛視春晚李宇春 預覽圖 我在这里:|旗忠森林体育城网球中心	0
3529	3	#阿联酋,???,?????? ???????#	0
3530	1	来澳门必去的地方，妈祖斜巷一路走向市区，还有很多景点。	1
3531	2	你还不知道我是受虐狂么？亏你跟我这么多年了！嘎嘎。	2
3532	4	打了几个电话，最后知道是@Edison-scor 送来的，他是我们	0
3533	1	游览车第一站就是海上观音。	0
3533	5	进入观音佛像内还排了十分钟左右的队伍，一批一批放进去。	0
3533	7	大致就跟普陀山的南海观音像内布局差不多。	0
3534	1	每年徒步大会必走的路线，沿着大海，蜿蜿蜒蜒地延伸。	1
3535	3	相当于一个在南港口一个在北港口，全程走路一个半小时！	2
3536	5	距离奥运会还有不到6个月了，奥运村2818套公寓已经竣工，将配备16000张床。	0
3537	1	是真的…初中的同班同学…胸平并不是很漂亮…没想到吖	1
3538	1	格局跟天安门广场差不多，有点儿仿建的赶脚。	0
3539	2	我们这也是，挺舒服的，但夜里关了门窗还是得冷气的1	1
3540	2	上有政策，下有对策。中国国情就是人情高于法。	2
3541	7	世界羽联驳回韩国队上诉，印尼队自行放弃上诉，中国表示尊重处罚。	0
3542	1	今年4月去的，待了5天。	0
3542	8	到下午2点多钟出门在镇上闲逛。	0
3542	10	文昌宫与图书馆相连。	0
3542	18	肚子饱饱的，直到晚上八九点钟才在隔壁的饭馆订了一锅鸡汤，三人喝了。	0
3542	19	聊着聊着，困意袭来， 睡觉。	0
3543	2	早斗已经看不进去书老，把电影传给我看算老！	2
3544	4	李总教头此言赛过老陈醋，亏得还是一位职业体育人，竟出这等“黄腔”	2
3545	4	蓦然回首，是否有一款贝式发型曾是你模仿过的？	0
3546	5	1999年，农历九月十九日，南山隆重举行了“南山海上观音”敬造工程开工典礼。	0
3547	5	入口处有一座牌坊，朝南的这面有乾隆皇帝题字“寰海尊亲”的匾额，而朝北的那面匾额题为“群生仁寿”。	0
3548	4	\\@微群小助手 :  @体育微吧 此刻，请给伦敦	0
3549	1	【2013年国家公务员考试今日开始报名】	0
3549	2	2013年“国考”报名时间为15日8：00-24日18：00。	0
3550	2	小妞几时那么有才了？那男人活着是为了什么捏？	2
3551	1	今年买了公园年卡，去了很多景点，第一篇游记就写这里了！	0
3551	3	一个半小时只参观了西面：孙中山区域，剩下的留着下回吧！	0
3552	1	\\@曼联O爵爷 :虽然我没看春晚，但我懂！	1
3553	2	12年伦敦奥运会来临之际，让我们一起为奥运加油吧！	1
3554	2	而且总统府这种地方真是不听讲解什么也看不懂。	2
3555	3	【中国奥运军团冲金日程表：今天5枚 明天6枚】	0
3556	3	既不是节假日也不是周末依然人巨多，里三层外三层。	2
3557	2	\\@北京鲁戈 :  @清华大学微博协会 今天17:45，伦敦奥运会女子50米小口径三资射击决赛，清华大学经07班同学李佩璟将要上场，一起为她加油吧！	0
3558	2	2014年度“国考”职位表昨日发布，招考共计11729个职位。	0
3559	1	滕王阁位于南昌市区北面，在赣江和八一大桥边上。	0
3560	2	是在哪里找到自己的归宿了吗？原籍哪里啊！	2
3561	4	语言包，内附有伦敦奥运会基本术语，奥运会比赛项目，比赛场馆;;	0
3562	2	哈哈哈，算了吧，我怕我贴上以后看不见路了	1
3563	1	啵啵~你看没看邮件，我给你发的我家的灯？	1
3564	2	杂还不让人家找对象了，赶紧给我介绍个。。	2
3565	8	百万人争过“独木桥”，是什么让公务员成为一个趋之若鹜的职业？	0
3566	1	现在还有买的，但是已经找不到那种感觉了…	2
3567	10	这个景，红墙黄瓦，在宫廷剧中不知看过几回，尤其在《甄嬛传》里，今儿我也走上一回，瞬间感觉就穿越了，呵呵！	1
3568	4	原文评论[3]转发理由:如果他成功了，一定有另外一部视频，媒体太势力了。	1
3569	4	这次大出血，名额有10个，还不赶快夸夸我……	1
3570	2	【奥运女子100米蝶泳决赛-陆滢夺得银牌】	0
3571	1	那么花木兰樊梨花等人岂不是算不得女人？暴汗	2
3572	1	从阿拉善盟右旗到额济纳600多公里，就是号称沙漠珠峰的巴丹吉林沙漠，沙漠的边缘就是额济纳旗。	0
3573	1	鼓浪屿算是厦门的地标了，不过个人感觉鼓浪屿上面越来越商业化，还有就是个别的商家服务态度真的好差。	2
3574	2	我们休息四天啦~~~运动会提早开完就放啦	1
3575	1	妞的空间也有纳木错的照片吧，俺去找来看看	1
3576	1	你好,在什么地方见到王励勤呀?今天来吗?	1
3577	2	你是别人不是不只用底下思考人还有脑子的傻宝、、	2
3578	2	该负责人还向记者表示，“贾总正在从具体的事务中解脱出来，聚焦核心业务。	1
3579	6	请听题：亚洲哪一个城市最先举办了奥运会？	0
3580	6	#benedict cumberbatch#	0
3580	9	(credit to alwaysbearealcassie)	0
3581	3	\\ @六月聆语 : \\ @郝向阳有羊 ：转发微博。	0
3582	7	14:00抵达阳朔龙头山码头下船，乘坐电瓶车（15元/人自费）前往阳朔停车场，14:00乘景区车前往	0
3582	9	，17:00乘车返回阳朔自行散团。	0
3582	10	费用不含阳朔返回桂林车费。	0
3583	1	镇远古城1986年列入我国历史文化名城。	1
3584	2	我也是被迫看看的。同屋姑娘太爱看电视了。	1
3585	6	一打听，这里面要求检票的道闸有十好几处呢，娘的！	2
3586	2	\\@Yuanwang2100 :转发微博  @央视新闻	0
3586	3	【转起收藏：马年春晚收看攻略 终极版！】	0
3587	5	\\@他乡古月 : 国籍无非是个国际户口本。	0
3588	1	胤禛还是王爷时候的家，当了雍正皇帝后，变成了一个祠庙。	0
3589	2	哈哈哈羊肉泡馍我可不会做哦。。。大厨做的	1
3590	8	http:\\t.cn\zYIsQdp BTV春晚的纪录片也出来了！	1
3591	1	这里是洪秀全、孙中山和蒋介石生活和办公过的地方。	0
3592	2	\\@蒾纞六月 :@Miss林千鄢  @上海最资讯	0
3592	8	：1月31日至2月6日(初一至初七)放假调休③清明节&quot;	0
3592	12	：5月1日至3日放假调休 ⑤端午节&quot;	0
3592	14	：5月31日-6月2日 ⑥中秋节&quot;	0
3593	5	5.柯洁会不会开局点三三，按这些天七八局实战演练...展??	0
3594	1	老在电视剧里看见这个地名，但是这次时间很少没去成。	2
3595	2	我吖妈啥时候也瞧的起这些东西了？找天拿给你	2
3596	1	转发了199IT-互联网数据中心的微博:	0
3597	3	建议包车前往，至少进腹地进行两天以上的游玩	0
3598	3	日股日经225指数收盘涨0.1%至20055.8点。	1
3598	11	韩国首尔综指收涨0.11%，报2394.48点。	1
3599	5	出口不远处有到拱北（城际高铁到广州广州，到澳门的）的九州旅游大巴。	0
3600	4	之2012年中国留学生调查报告白皮书发布会。	0
3601	7	明年春晚央视定了，“刚本组合”你怎么看；	0
3602	2	恩啊，这辈子最爱我的那个男人已经娶了我妈了。	1
3603	2	那你家什么时候组织下，集体吃我烧的糖醋排骨！	1
3604	1	@宇驰Seven 七妹 你看吧 有人和你撞名了。	0
3604	6	（Harper Seven Beckham）。	0
3605	7	49年后日本东京再次得到夏季奥运会举办权。	0
3606	3	WeicoLomo 留下生活的点滴，别让时光慌了这岁月。	0
3607	1	此时的所在，只隔一座停车场，便是总统府了。	0
3607	2	长长的五层楼宇迎面铺开，红墙白粉，居中有中央塔楼傲高数层；	0
3607	3	左、中、右三个门厅，居中正门，欧式罗马柱，高高拱门之上，大理石门楣，镏金『总统府』三个大字。	1
3607	5	循着斑马线，转过街口，来到总统府左侧路前。	0
3607	7	转过中央塔楼位置，行到总统府的另一边。	0
3607	11	雨水还未停歇，行在路上，浑身还是有些湿热。	0
3607	14	这，便是台北府城的东门了。	0
3607	15	不过，这已然不是清朝城楼闽式原貌，而是1966年拆除重建之后的北方宫殿样式了。	2
3608	1	\\@重塑zy : 转发微博  @我爱摇滚乐杂志	0
3609	2	以前，我们村长家养得狗也比别人家的叫得凶得多。	2
3610	4	\\@三角草potetopokkuru :	0
3611	5	前播放当年即将上映的中国电影预告片呢！！	0
3612	2	@翁宇飞 @YUUKA_酱 @卡扎西  @星座60度品味餐厅	0
3613	10	10，中国的“进啦进啦进啦进啦进啦进啦进啦”。	0
3614	2	海上观音进去参观没花钱，上莲花报佛脚也没花。	0
3614	3	不知道是不是我是农历10月15去的原因。	0
3614	6	我没买电瓶车票全程走着逛的。	0
3615	5	背后的付出只为换NBA赛场上的3、4分钟，是金子总会发光易，伦敦奥运会进发吧！	1
3616	1	缺钱缺到退读者证,在古代就要拿东西去当铺了吧	2
3617	4	人少的时候建议用时3-4个小时，人多的时候建议2个小时~	0
3618	2	我靠，寡人不说花见花开，也是人见人爱啊~	1
3619	2	\\@丹丹__生活在此处 :请问刚才王韵壹唱的歌叫什么名字？	0
3620	2	2012伦敦奥运会田径110米栏即将拉开战幕！	0
3621	5	@段林希 @刘忻 @苏妙玲Wan @谭杰希 @刘心lx @武艺 @黄英幺儿 @刘惜君 @李霄云 @至上励合张远 @至上励合李茂CaeSaR @至上励合小五金恩圣 @至上励合_马雪阳MARS @至上励合刘洲成kenny	0
3622	1	我也这么觉得。只不过电视剧还是算了，书会看一看。	1
3623	2	好怀念长沙，估计我回去的时候，地铁已经通车了吧	1
3624	1	全都已经不属于铁道部了，还算铁路院校吗？	2
3625	2	\\@五星体育 : 713  @新华体育 各位早晨！	0
3626	4	Hey guys look at me plz @北京电视台 @BTV环球春晚2014 我在:|西三环北路辅路 我在:|西三环北路辅路	0
3627	1	我记得哦~那天还边吃边用牙签扎海带呢……	1
3628	1	为了你这句兔子...我觉得我也该过过本命年	1
3629	7	奥运会项目有个人于1912年和团体于1928年列为。	0
3630	6	\\@www-郑晓博-com :被迫在看~~	2
3631	1	骑单车从双廊到挖色也就1个小时左右（边骑边玩）。	0
3632	1	转发微博  @adidasOriginals	0
3632	4	黄白:G61439 绿白:G61438 蓝白:G50922 红蓝:G63401 深蓝:G50919@SoCooL杂志	0
3633	1	幸亏没看他的采访，就让这个角色的样子保留一段时间	2
3634	1	镇远的时间，我不只一次的提到这个词，安静。	1
3635	1	还债，互相还。你欠人的也得还，就要来追债了	2
3636	5	又到了天天看比赛，掰着手指头数金牌的日子！	0
3637	2	针对银行申请12亿元的资产冻结，乐视方面表示，乐视绝不会欠任何债权人的钱，包括金融机构，包括供应链，只要给乐视时间，肯定都能够完满地偿还。???	1
3638	1	哈哈大笑 『苹果干爹和他的中国干女儿们』	2
3639	8	乐视危机愈演愈烈，对于乐视投资者是一种煎熬，对创业板则是一个风??	2
3640	2	超爱这个蓝色[鲸鱼][芦苇][向日葵][向日葵][向日葵][芦苇][鲸鱼]	1
3641	1	电力公司把屁股擦净了铁道部就要把屎盆子扣脑袋上了	2
3642	1	到这我就已经不想往前走了，因为------太美了！	1
3643	5	金刚洲由长280米的普济桥与陆岸相连，并与面积达60 000平方米的观音广场及广场两侧主题公园，共同组成占地面积近30万平方米的“观音净苑” 景区。	0
3643	12	观音是密宋莲花部的本尊，莲花是观音的三味耶形，喻“常乐我净”四德；	0
3644	2	是的，这种毒液已经流进了骨髓，再也取不出来了	2
3645	2	站在观景台上，梯田状的油菜花层层叠叠一望无际，与白墙黛瓦的徽式民居相互映衬，一派田园风光。	1
3646	1	妹纸们姐们，嘛时候咱们在饭局上把自己给推销	1
3647	2	好像看到你msn的信息还是啥的，我也忘记了	2
3648	2	我是一首夏天的诗，这么多人来读我，我能不嗨么？	1
3649	4	\\@LarryLeiZhou :对，刚同父母外面吃完饺子，现在陪他们看春晚！	1
3650	4	直通四强：华晨宇、汪小敏、肖懿航、李琦《东方时空》 访问版。	0
3651	1	绝壁栈道、一炷香、大地山川——险、奇、绝。	0
3652	1	可是我并没有公积金账户，也收到了而且名字不对！	2
3653	1	减肥啦~应该叫埋去你度返工..1齐蒸桑拿	1
3654	8	什么时候中国这帮伪愤青洗洗睡了什么时候中国梦就不原地踏步了…	0
3655	2	在市里选择了乘坐公交过去，还步行了接近20分钟才到。	0
3656	1	@冰冰Violinist 刚刚在江苏卫视春晚播出了我们的节目！	0
3657	2	离朝天门码头不远，我在朝天门广场附近，和一个旅行社签订了长江三峡游，在朝天门码头乘船起航游三峽。	0
3658	2	\\@王子鸣 :  @北京蒋振东 看了下日历才知道，今年端午节我生日。	0
3659	2	游人多又晒我们一个多小时走马观花看看也就出来了.....	2
3660	1	我们对色拉寺的印象，便是那每天下午的辩经了。	0
3660	2	辩经每天下午3点开始，逢周日休息。	0
3661	2	以后你女儿写作文很有内容了，父亲的背影啊……	1
3662	2	看见我会不会联想起玉树临风，英俊潇洒这些词？	1
3663	2	花叫什么名字，一直不知道，但那花已印在我脑海中。	1
3664	2	\\@Aileen-J :狗眼不识金镶玉	0
3664	5	\\@海逸还是那个壮瓜墩 : 狗眼不识金镶玉	0
3664	9	【北京奥运金牌单价11167美金仅第10】	0
3664	12	而北京奥运会的金牌只有7.05盎司，价值11167美金，只能排到第10位。	0
3665	5	走走停停，仿若回到民国时期了！	0
3665	8	如果对历史不是很了解，建议在门口请个导游，他会一路和你娓娓道来，述说当年发生在这里的故事。	0
3666	2	我也觉得像海棠……就觉得，真的蛮像海棠的	1
3667	2	春晚的舞台不是在演播厅里，而是在社会的每一个角落。	1
3668	2	有人告诉我车主姓陈是中国人，从上海骑到伦敦，历时两年。	0
3669	1	故事大王故事讲完贾跃亭夫妇资产被冻结12亿多资产与乐视这些年的融资money相比毛毛雨你们欠乐视粉丝一个答案……	2
3670	3	黄灯是一种过渡信号灯，起到警示作用，提示驾驶员信号即将变换，目的是清空已经进入路口的车辆。	0
3671	1	我居然也没睡呢还。手机在充电，莫法给你电话呢。	2
3672	3	最上方是观音阁，沿途石刻不少，值得一看。	1
3673	1	#Scarborough fair 斯卡布罗集市#	0
3674	2	豆沙的、枣泥的、小枣的还有鲜肉的，哈哈哈	1
3675	1	哦哟为，去个外婆家丫，哪能鸡动成这样额啦	1
3676	5	<KoKoBop>→韩国me2day的秒拍视频<前夜>→韩国me2day的秒拍视频??	0
3677	5	刘翔回赠赵本山：大款扮穷人上了二十年春晚；	0
3678	4	绿豆糕由绿豆粉、白糖、麻油混合填到磨具里面，压实之后蒸制而成。	0
3679	1	即使是人多，可是这还是满标志性的一个景点。	1
3680	3	贝克汉姆做客@CCTV足球之夜 的视频来了！	0
3681	7	\\@程蔚TVMacey :如果10年后，广州举办亚运会。。。	0
3682	1	转发微博  @雨中的蝴蝶2011 在这端午节时节放不下的永远是自己的父母，孩子！	0
3683	1	吹着海风，听着海浪声，空气清新，没有雾霾，真好	1
3684	3	@华图袁东 @华图教育 @河南华图官方微博	0
3685	11	有的连绵逶迤，仿佛是坚不可摧的“城墙”；	1
3686	1	然后按闯的灯色，罚不同金额的款扣不同程度的分……	0
3687	1	【《瓷魂》到底有没有上2014年春晚？】	0
3688	1	@钟雨娟 @刘艳丽1210 @DP陈海林 @ifeng-紫涵 @DP梁杰 ，哈哈哈，iphone5送给你！！！	0
3689	1	你是做户外的吗？我这里的户外面料也不错呀！	1
3690	12	总导演：@冯小刚 。副总导演：@赵本山 （语言节目总监）、沈晨（舞蹈节目总监）、赵麟（音乐节目总监）。	0
3691	1	文革就算过了，没把你们弄死算是给利息了。	2
3692	1	你身处在这，与身处在阳朔的西街、厦门的曾厝垵、天津的津门故里～～是同一个Feel啊！	2
3693	2	只懂按阶级分好坏人的国度，哪里辨得清猫和鼠呢？	2
3694	3	@SoNiAsOnIaBaBe @waywaylam :@Mia_Li喵喵 @叫我慕虎 @caresweet @泽泽利 @Allen_AM @Julius小朋友 @Allen_AM本活动为 @埃塞克斯大学官方微博与 @中英网 共同举办。	0
3695	2	\\@Alysa艾梨利莎 :笔试过了，接下来请拼爹	2
3696	2	若想继续烧钱乐视汽车，贾跃亭只可能转让乐视网股权。??	2
3697	2	身在金融圈，不想坑蒙拐骗的活着，结果就是活不下去啊	2
3698	1	在这里我看到了两江交汇的地方，左清右浊，泾渭分明。	0
3699	2	\\@头条新闻 : 转发微博  @央视新闻	0
3700	1	我怎么没看出来什么门道呢？那名字有啥隐喻？	2
3701	1	哈哈哈，才几天就有尘埃了？我们今天差点就回不来了	2
3702	1	你们还组织去黄山呢。我们是永远别想出上虞了的。	2
3703	2	亲，还没有哦！我也想要这些歌的mp3。太赞了	1
3704	2	跟麦子起码有饭吃啊……跟你真是难以想象咩情况啊	2
3705	2	岛上汇聚了上千座风格各异、中西合璧的中外建筑。	1
3706	2	一个叫做“粽子电台”的一场关于粽子的电台和电台里的粽子活动即将展开。	0
3707	3	2.苏宁上半年营收835亿元，线上自营收入占一半。	0
3708	1	2013年10月26日全国事业单位考试信息日报：(1)重庆市巫山县、广东省韶关市等地区事业单位招聘简章已经发布；	0
3708	2	(2)2013年10月份25日时事政治（国内时事政治+国际时事政治 ) 热点发布；	0
3709	1	绝对没有你们的心姐美哈，这点儿我还是懂得起	1
3710	6	春晚流行语正铺天盖地，却曝出收视率再创新低；	2
3711	3	@青岛交通广播FM897  @897编辑部的故事	0
3711	6	罗格于2001年接替萨马兰奇，任期内举行了雅典、北京、伦敦三届夏季奥运会。	0
3712	10	你你你太过分了，你吃过粽子端午节就过了？	0
3713	1	大足石刻位于中国西南部重庆市大足区境内，是唐末宋初时期的摩崖石刻，以佛教题材为主，大足石刻群有石刻造像70多处，总计10万多躯。	0
3714	1	呃刚发完这条德约就反破了我还是闭嘴吧。。。	2
3715	1	『朝天门』长江和嘉陵江的交汇处，左半边为嘉陵江，右半边为长江。	0
3716	2	我也不晓得到底杂回事，也许累了吧，疲了。	2
3717	3	从半年报公告来看，乐视网是华策影视最大欠款方，公司对西藏乐视网信息技术有限公??	2
3718	2	印象：有好多好多海鲜，有好多好多度假酒店，有好多好多阳光。	1
3719	4	迪卡侬曹杨商场6月10-12号，端午三天来迪卡侬曹杨店，持会员卡消费享10倍积分！！	0
3720	1	\\@芮成钢 :转发微博  @21世纪英文报	0
3721	2	是啊，奶奶永远都是我们的精神财富！就是我们的度母！	1
3722	2	\\@EXO-MGlobal : 节目单仅供参考，小伙伴们还是死守直播吧~	0
3722	5	《全球华人年夜饭》—湖北卫视2014春晚节目单	0
3723	2	云南的藏区，跟丽江相比完全是另外一个风格。	0
3724	6	第二次因为去的时间晚了，停止售票，便到1912喝下午茶，月亮升起，夜色阑珊，步行回酒店。	0
3725	1	新年快乐。哥要结婚啦，你找到下手的对象没	1
3726	1	我们教官还麽有来…明天开始要苦逼的过日子了…	2
3727	2	你这个高高帅帅的人不要随随便便就跟别人走了	2
3728	1	转发微博  @Trista_no_tristesse 吃完年夜饭看春晚～	0
3729	2	哥们儿我没瞎想，现在有哪个还在单位谈工作？	2
3730	3	我在:|乌克兰基辅 乌克兰基辅 乌克兰基辅Шевченк?всь... 地点详情	0
3731	5	As the sun sets on the Olympics, darkness rises on Ripper Street&quot;	0
3732	1	朝天门也是重庆的地标了吧，码头造型就像个船头。	1
3733	3	\\@薛蛮子 : 转发微博  @蛮子文摘	0
3734	2	【HQTV《童星视界》2013端午节“踩蘑菇”】	0
3735	1	转发了财联社APP的微博:在2015年5月，海通创世作为GP，其他投资者作为LP合资设立一支规模为4.1亿元的合伙基金，并以乐视旗下乐视移动在海外发行的一笔可转优先股债券为投资标的，年化收益15%。	1
3736	1	三亚湾水质一般，沙质一般，不过来了三亚怎么能不来三亚湾？	2
3737	3	他是侨乡，他是腾冲！	0
3737	5	腾冲旅游、腾冲温泉票、腾冲景点门票、腾冲包车服务、腾冲导游服务等。	0
3738	4	丈夫早逝,儿子顾广哲曾参加北京奥运会安保工作和首都国庆60周年晚会表演,进入该校学习后被查出绝症。	0
3738	6	孟宪伟来到武汉看这些给她写信的孩子们,泣不成声。	0
3739	2	哈哈哈，你忘了我俩当年是做美食节目的了？	1
3740	1	转发微博  @皆喜结婚网 赵本山赠给刘翔对联一副： 上联：赚了八年广告费 ；下联：骗了两届奥运会。	0
3741	2	没看过的筒子们抓进去看，应该比战国、关云长性价比高太多了。	1
3742	5	另一名中国选手王镇夺得铜牌，蔡泽林第四。	0
3743	1	在布达拉宫广场不要蹲下或是把包放在地上，如果这样做武警马上会过来制止的。	0
3744	4	\\@朱森林 :回复@单链表123 :哈哈哈!	0
3745	1	你不会是从徐东到江汉路克买的吧精神可嘉啊	1
3746	2	偶尔偶尔。一个人在家看电影就会看着看着天亮了。	1
3747	3	嘿嘿，礼物连着@苏七preface 那份一起拿走啦@私家车107 @浙江时代别克	0
3748	1	她明天才来呢亲……我国庆得先去找我男人之后才回家。	1
3749	2	擦有人通知我开业了吗？？？昨天还问开业没呢	2
3750	4	@新浪体育 在今年的伦敦奥运会上，沙特阿拉伯首次派出女性运动员参与奥运会。	0
3751	7	【国家公务员面试QQ交流群：275361969】	0
3752	1	俗话说：北敦煌南大足，这次我们有幸参观了宝顶石刻。	0
3752	6	据说刻有1007只手臂。	0
3753	1	让人用淘宝帮你充，你付现金，要么楼下的书报亭	2
3754	1	端午节郑州奥斯卡所有家影城影讯查询：www.ok02.cn	0
3755	2	隔天后发现手表不见了，我抱着试试看的心态拨打了总办的电话，结果真的找到了！	1
3756	1	回复@亭小美 :不是车厘子，大连才上市的黄樱桃。	0
3757	1	当然是五根，因为没被吹灭的最终会燃尽的。	2
3758	2	也是。我最近在听哥哥的歌，发现他也治愈。	1
3759	2	\\@李开复 : 转发微博  @华尔街日报中文网	0
3760	4	如果按照地图导视牌的路线游览，会比较有效率一点。	1
3761	3	我们没到沙滩，只是到浅水湾的一个庙-万寿亭。	0
3762	2	哈哈哈你认识的双子除了京姐真不知道还有谁	1
3763	1	我总觉得，李咏，朱军，毕福剑是今年春晚滴***三人组！	0
3764	1	哪个喊我的啊~好意思滴下次叫我喝酒、免谈!	2
3765	1	左手嘉陵江，右手长江，两江在这里合流东去。。	0
3766	2	本来应该木有那么多吧。。。人家结业找不开钱了	2
3767	5	5年后，伊尔汗和女友的名字一起出现在了索契冬奥花滑落选赛名单中。	0
3768	2	是一个韩国组合，城市猎人的插曲就是里面的钟铉唱的。	1
3769	2	当时一直有一位老爷爷在马路对面使劲的大喊：马英九，你给我出来。	0
3770	1	现在就这样了，以后还得了啊，不敢嫁你了类	2
3771	2	带冰的温水就有这样的含义喽，是在形容自己的心怀吧	1
3772	2	看对什么人，对什么事啦！对你我永远是赤子之心	1
3773	2	他是东航的什么执行总经理，还给培训呢搞得跟真的似的	2
3774	1	回复 @AnsonLusL :你啊...	0
3775	2	ヾ(≧∪≦*)ノ〃 中午吃了三个粽子俩鸡蛋的人~~~~	0
3776	1	曲院风荷是西湖十景之一，但我对其不怎么感冒。	2
3777	6	4、群口相声：（甲方乙方）表演者：国足、卡马乔。	0
3778	2	\\@青蜀黍浑身DEBUFF : 你们！	0
3779	2	本届奥运会从2012年7月27日开幕，8月12日闭幕，是伦敦第三次举办夏季奥运会。	0
3780	1	#网易新闻#【贾跃亭持乐视网全数股权遭冻结其回国时间未确定】在乐视创始人贾跃亭辞去其在乐视网的一切职务赴美造车后，业界和媒体便一直在关注其何时会回国。	2
3781	1	总统府以一楼为基座，从正大门的回车道、台阶入府便直上二楼。	0
3782	5	一提起漓江，脑海中总会浮现这样的画面：两岸拂动的凤尾竹，不时有白鸽飞过，夕阳西下，带着斗笠乘竹筏的老翁划出一道道水波。	1
3782	8	漓江的水真静啊，静得让你感觉不到它在流动；	0
3783	2	二哥二姐的时代你应该是经历过的吧！！哈哈哈1	1
3784	2	\\@夏吉巴芒 :屈啊冤啊???屈冤啊！	0
3785	6	@默默守护LH7的丹阳@砂锅炒米@永恒的记忆M晴M	0
3786	2	啥时把菜单快递你单位，顺便么也好为我们做做广告。	2
3787	1	在看现场的节目啊。我们在看录的，完全两套！	2
3788	2	那我还是去看童话故事吧，这些看着我闹心！	2
3789	2	游乐区里面还是挺大的，慢慢走的话还是要花一些时间。	0
3790	1	小茜子看看咱俩谁先结哈后面的给前面的当伴娘好不好	1
3791	1	由于季节的原因，此时的赛里木是安静祥和的。	1
3792	2	-...然后奥运女排欧选赛之前还有资格赛。	0
3793	6	是否还记得儿时和家人一起浸糯米、洗粽叶、包粽子的经历？	0
3794	2	妞们收图啦@磐石音乐胡明 @yussi1217 @子琳itt @丹丹高-双排键 @刘雨一 @柳倩music @张灵珊5433 @Moli茉莉花香 @魏小悦_105	0
3795	1	是不是昨天没信号，看不到你的报告，总是有点缺。	2
3796	1	明朝中叶，前门大街两侧出现了鲜鱼口、猪（珠）市口、煤市口、粮食店等集市和街道，前门大街才成为一条商业街。	0
3797	2	_中新网8月4日电 据外电报道，英国一家网站日前曝出了一条让人吃惊的消息：15名奥运会官员在一家餐馆里花了4.5万英镑（约合44.5万人民币）吃了一顿午餐。	0
3798	2	丫的，不就是你个家伙告诉我有些日子是不能喝的么	2
3799	2	输几多啊？我听日反来拉等我，一起赢大钱啊！	2
3800	2	你那么晚睡还这么早起啊？是不是还要做事啊？	2
3801	3	他们决赛面对队友徐晨\马晋，中国羽毛球队提前锁定该项目的金银牌。	1
3802	1	看码头文化，看两江汇流，在这里起航来一段三峡之旅。	0
3803	4	当日，中国选手李娜在伦敦郊外训练，备战即将于28日开始的伦敦奥运会网球比赛。	0
3804	1	\\@亚彬ing : 转发微博  @沈阳晚报	0
3805	6	夏天的话，带上遮阳伞，因为故宫里树木不太多，防止被晒哦~	1
3806	1	业主怎么办呢?像有的小区似的自己换个物业？	2
3807	2	我说不清楚10年前在这里拍过傻傻的照片，胶片的相机，记得有个大石头上面写着“曲院风荷”四个字	0
3808	3	相比过度商业化的西江千户苗寨，别有一番风味。	1
3809	1	转发了理想便宜卖-Matias的微博:骗子呀，当初说减持百亿，免费借给上市公司60个月呢??	2
3809	5	原文评论[4]转发理由:回复@chasecheng:其实跌到多少是次要的，赚和亏都是为梦想买单嘛。。。	1
3810	2	就是租小电瓶出行到景点停车时会被迫收停车费！	2
3810	3	我们上岛已经交门票了，也付了钱租电瓶了，为什么停车还要停车费？	2
3811	1	你不会听到寡男二字就控制不住自己狂奔而去吧。。。	2
3812	2	或者去布达拉宫附近的旅行社买，一般会有第二天的。	0
3813	1	乃要加上个别.哼哼。闺女满月的时候请客啊！	1
3814	8	语出于：清黄六鸿《福惠全书·杂课·牙税》：“与该房分享其利。	0
3815	2	里面还有一张当天的travel card。	1
3816	5	今天是端午节，这一天，市面上随处可见飘香的粽子。	1
3817	1	压题照片貌似下绮罗的村口， 从腾冲坐2路公共汽车到终点就是。	0
3818	5	另外一名中国选手喻丹以501.5环夺得铜牌。	1
3819	1	转发了Vista看天下的微博:【建行称95%客户已恢复额度乐视前员工：我们决定去销户】7月26日，建行称95%客户已恢复额度。	1
3819	9	如果我不是把招行的钱给华为和山东黄金花了，老娘他妈能还不起交行吗？	2
3820	8	原文评论[6409]转发理由:贾总真是牺牲整个上市公司造车，造吧。	2
3821	1	【@华晨宇yu @白举纲 @左立是疯儿 】	0
3822	3	【视频：《茉莉花》宋祖英 席琳·迪翁 - 2013央视春晚】	0
3823	5	只是掌权者更替，但愿不是个“50年-100年”的轮回。	0
3824	4	\\@TomFu :看了看拖拽停的地方，我发现最后的彩蛋非常抢戏啊，难道你没有看到么?	1
3825	6	漓江像一条青绸绿带，盘绕在万点峰峦之间，奇峰夹岸，碧水萦回，削壁垂河，青山浮水，风光旖旎，犹如一幅百里画卷。	1
3826	4	不过听着讲解器里的讲解，感觉还是学到很多东西的。	1
3827	1	当天天气不给力，雾蒙蒙的，什么也没有看到。	2
3827	2	就站在朝天门广场上边，吹吹风，看了一下重庆的江景。	0
3828	3	项目是商务车香格里拉，虎跳峡，普达错公园二天纯玩团。	0
3829	3	,尽管孙宏斌通过股东大会尽力传递信心，但面对庞杂的巨额债务和疯狂的关联交易，孙宏斌能顺利脱手非主营业务吗？	2
3830	3	国务院办公厅公布明年部分节假日安排：春节1月22日至28日放假调休，1月21日和29日上班；	0
3830	5	中秋、国庆节9月30日至10月7日放假调休，共8天。	0
3831	1	我当时染发后擦点被老爸扒了一层皮呀。。。	2
3832	5	冯小刚参与2014年马年央视春晚的消息今天得到证实。	0
3833	2	你妈你吃屎走什么走走了还回来么去哪里姊妹	2
3834	1	露宿然乌湖星光大床房，雪山和星巴克更配哦！	1
3835	2	那你赶紧收拾收拾準备下班吧！我就不跟你贫了！~	2
3836	2	那么多有这个想法的呢，怎么就没一个给你吃的呢？~	2
3837	1	双月湾共分两湾，景象各不相同，左湾水平如镜，右湾波涛汹涌，故得名双月湾。	0
3838	2	//@Zoe阿:公司老有才了，嗷嗷亮了～每人每天60分钟外网访问时限。	1
3839	5	今年端午节当天，“杭州西溪国际龙舟赛”将在西溪湿地举行，32支队伍参加比赛。	0
3840	2	\\@芒果SEA : 高中时候逃课去看流星花园好像还是昨天的样子，……	0
3840	6	@新浪娱乐 道明寺、花泽类、美作、西门，好久不见~~	0
3841	2	有点徽派建筑的感觉，似乎这里是另外一个地方。	1
3842	1	记下这个日子,明年的昨天我们上海也会有人跟进的	1
3843	2	我是出门之后才落大雨的。。已经没有退路了	2
3844	2	而龙舟比赛的背后又有着哪些我们所不了解的故事呢？	0
3845	5	柳州春晚，时间：2013.2.3晚8点整。	0
3846	2	我就要坐动车了普通车买不到票干吗上那么多动车大跃进	2
3847	11	【莫言代言2013CCTV网络春晚 搭档吴奇隆余秋雨】	0
3848	2	\\@清华经管学院MBA足球俱乐部 :我们的场上队长。。。。	0
3849	1	你发胖发好啦，红宝石的那个什么奶油好次伐？	1
3850	1	位于西安老城的正中心，节假日去的人很多。	1
3851	2	我听晚或者后日去买距间面包碑你地隔日做早餐啦..	1
3852	1	王家大院地处山西省灵石县城东12公里处的静升镇，与千年古刹资寿寺相距2公里。	0
3852	6	现已被辟为“中国民居艺术馆”、“王氏博物馆”的高家崖、红门堡、孝义祠堂三大建筑群，先后建于清康熙、雍正、乾隆、嘉庆年间，面积45000平方米，共有大小院落123座，房屋1118间。	1
3853	2	就是因为吃了太多这样的东西，你才会胖成这个样紫	2
3854	6	【一点烛光 张丽华（1991年央视春晚）】	0
3855	6	景区内有电瓶车，但是个人觉得景区并不大，无需乘坐电瓶车。	0
3855	10	梵宫讲解器凭短信在梵宫门口取。	0
3856	1	只是路遇，而且还不知道是不是真的就是这个景区哦。	0
3857	2	出去玩我很少承认累的，这次可真是累着了。	2
3858	2	\\@弦子的树洞 :我脚的很多人没看到我这条微博。。。	0
3859	1	\\@张杰官方影音 : 转发微博  @央视综艺	0
3860	2	有古风感觉的庭院，不过人太多了，吃东西只能在kfc还得排队等座位。。	2
3861	1	我大爱还珠格格和武林外传，这个才是神剧啊。	1
3862	1	还会再来的吧，杭州真的是一座来了就忘不掉的城市。	1
3863	8	原文评论[124]转发理由:为了跟国际接轨，证监是越抓越紧。	1
3864	3	\\@B_MARS阳阿叔 : 印度联赛....？九唔搭八	0
3865	1	雍和宫里有三宝，哪三宝呢？	0
3865	2	大家去了就知道了，呵呵！	0
3865	3	当年雍正爷还是王爷的时候的宅子，也像个博物馆	0
3866	4	@miss王小玥 @Mr川子 @买就送佳雨 @木子Li巫 @木易青蛙 @木石羊 @猫子昊敏 @米布他爸 @Na可 @皮1983 @Q猪_1984 @裘正侃 @roach-yan @日月溪水 @石榴大少奶 @土豆贝贝就是我 @vivipoon @vivi杭州 @未央四月 @威武的胖胖	0
3867	2	去了3处海滩：大排档街、进湾转角、万科双月湾私家海滩。	0
3868	2	我搬个板凳！你们继续啊，不要停！我再买袋蚕豆	2
3869	2	\\@创意工坊 :2013国内游拼假攻略  @吃喝玩乐游杭州	0
3869	10	国庆节--拉萨、九寨沟、呼伦贝尔、额济纳、喀纳斯..	0
3870	5	【老帅弗格森宣布退休 27年38冠功盖3代人】	0
3871	1	我还以为是您老的呢！什么时候吧您老的拿出来晒晒	2
3872	1	「记者了解到,不少互联网公司都发生过类似案件,有的企业虽能锁定具体账户,但无法锁定到具体个人,加之留存的证据不多,事情就不了了之了」，如此混亂→_→『乐视员工内外勾结在公司207台服务器植木马牟利被诉-集微网:积微成著』乐视员工内外勾结在公司207台服务器植木马牟利被诉?	2
3873	9	小米2014央视春晚广告片《我们的时代》 小米2014央视春晚广告片《我们的时代》 播放 3352	0
3874	1	一说到吃你比那个的跑的快你天天赢我钱就当请你了	2
3875	2	你是上海人因为吃太多辣所以四川地震了晓得伐	2
3876	1	虎丘是麻雀虽小，五脏俱全，感觉那里很安静。	1
3877	1	三亚湾也没有什么特别，反正就一片海滩啦。	2
3878	2	懒得动啊。厨神懒得动的时候没有另一个厨神伺候啊	2
3879	3	3月去的，晚上九点开始爬的山，夜里2点多到的东峰顶，特冷！	2
3880	1	\\@七七家宝 :转发微博  @新浪视频	0
3881	2	3月中旬了，这些迁徙万里的鸟儿还舍不得离开。	1
3882	2	由于是平常工作日，总统府里大部分供参观的地方不能拍照。	0
3883	2	今天出租车司机还告诉我这几天他亲眼见四个在路囗追尾的	0
3883	6	但对现有争议，并不因“暂不处罚”而消失。	0
3884	5	况且巽寮湾是面朝西的，看日落还差不多。。。	2
3885	3	\\@八卦_我实在是太CJ了 : 看的时候就这么觉得了	0
3886	8	——@两色风景嘎 没品春晚 不吐槽的春晚能叫春晚么？！	0
3887	9	7月5日阿宝@陕北王二妮 ；7月12日@邰正宵 ；	0
3888	6	我们三个人，点了888的四人套餐，很“发”吧？！	2
3889	1	我早上的时候看到这张照片，真是戳了萌点。	1
3890	1	圆圆堆圆圆的雪人，初次见面，请多多关照！	1
3891	1	到了淡水，擺渡到漁人碼頭。	0
3891	3	窗外的淡水河靜謐無聲，而我們眼前豎直落下的雨簾，是另一條流淌的淡水河。	1
3892	1	戴着口罩，顶着雾霾，跟闺蜜花了20多块钱，坐在马路边上听了晚上曲儿，感觉棒棒哒！	1
3893	4	anyway，i miss u so much~~~	0
3894	11	保钓巅峰之作《最后的呐喊》，词曲：成骏。	0
3895	1	吃了海鲜，吹了小风，在南丫岛上逛了下，TVB影迷们必去的地方吧算是。	1
3896	4	王提供的数字，让主持人柴静似乎很吃惊的样子：“您再说一遍，是多少？	0
3897	11	”歌词如：金箍棒噶棒噶棒噶棒噶棒噶棒噶棒噶棒噶棒~~~~	0
3898	1	泪奔。我在杭州早上坐公交一站路要近半小时。！	2
3899	4	据悉，不过@赵本山 依旧不交作品，将只坐镇现场观看，@潘长江 和@蔡明 的小品则可能亮相。	0
3900	1	到南京之后第一个去的景点。	0
3900	3	后在清朝命为江宁织造署、江南总督署、两江总督署。	0
3900	4	1948年改为总统府。	0
3901	3	【我军狙击之王80米外射中刀刃子弹被劈开】	1
3902	2	\\@赵春鹏Bauta : 看来是不变了	0
3903	9	5月31日下午5点将随机抽取5位聚友，6月1日发放礼品。	0
3904	1	2015.4.13 香格里拉藏语意为“心中的日月”，是云南省迪庆藏族自治州下辖市及首府所在地，位于云南省西北部、青藏高原横断山区腹地，是滇、川、藏三省区交界地，也是世界自然遗产“三江并流”景区所在地。	1
3905	1	人广的石狮子和旗杆，周五的夜晚，远行的气息。	1
3906	2	是刚打算睡觉。哈哈哈。你早上这么早就起？	1
3907	4	船上的人和我们打招呼，我向他们扔石头——当然是打不到他们的。	0
3908	1	小昶哥哥应该不吸的吧，小保姆就是个烟虫。	2
3909	2	我也没有移动号发微博啊…咋就突发收到这信息…	2
3910	3	宣布，他们有四位员工参加本届奥运会，其中一名就是	0
3911	1	烧香拜佛的地方，外边全是卖相关产品的小店。	0
3912	4	粉丝们还记得“花花”每一场比赛唱的曲目吗？	0
3913	2	喝大发了。。。才回家了在喝酸奶追韩剧哈哈哈	1
3914	2	\\@唐诗XH :1DX完胜.....包括价格	0
3915	2	坐车大概15分钟就到达渔人码头。	0
3915	3	虽然因为天气原因，没有看到夕阳，但雨中的渔人码头也别有一番风味。	1
3916	2	景区位于湖北省恩施市沐抚办事处境内，距恩施市区60公里，距利川市区39公里，峡谷总长108公里，总面积300余平方公里。	0
3916	6	一段地缝：是指云龙地缝。	0
3917	3	稻城亚丁有三大雪山之一 － 仙乃日，她们被视为守护亚丁藏民的守护神山。	1
3918	1	饭后杂谈就如雷军所说“世界上没有任何一家手机公司销量下滑后，能够逆转成功的，除了小米”，Q2小米的出货量首次突破单季2000万台，达到2316万，环比增长了70%，除了小米本身在产品上有一定的创新，新零售模式是最大的亮点，也应该是未来的趋势，线上线下同价的前途是光明的，加上乐视（乐视??	1
3919	1	昂。她以为互联网上没人认识我就使劲爆我料么。	2
3920	2	@南方都市报 今天是2月29日，堪比欧洲杯、奥运会，四年才等一回。	0
3921	1	微文化和建筑的缩影，小桥流水，依溪而建，依山而住。	1
3922	1	你怎么了？有空出来玩哈，妹妹我最近也超不顺滴	2
3923	2	下周四买个吃吧，估计就毛裤熊一人不吃，熏死他	2
3924	2	昨天有事回了趟母校感叹往事。逝水年华啊！学弟！	2
3925	1	郝建宁为银川电视台2013春晚录制歌曲。	0
3926	1	恩里克的这场大考基本可以判定不及格了，当然中场教授发挥不好有定关系，教授站不住哈维小白就没了支点，与其说是西班牙和荷兰，不如说就是10年败给国际的翻版不过积极点看，这场球并不影响联赛走势，但是恩里克在巴萨的前景，像是雾霾里的北京城，有点伸手不见五指的意思了[拜拜]	2
3927	2	额，不给你钱不就行了，这样性质就不会变了	2
3928	1	我一个哥们就是搞航天的，肖程波教授、博导	1
3929	2	恩，是啊，准备全家一起去，不到长城非好汉啊	1
3930	1	从八廓街出来，就来到布宫前面的广场逛逛，这里可没有广场舞大妈，有的是很多的便衣民警穿梭在广场上。	0
3931	2	偶只是相当嘀有责任感，但偶可绝对不是工作狂哦！	1
3932	1	不能够，我去那么多天从来没见过，这肯定是为了摆拍。	1
3933	2	傻逼，欧洲人花重金买水就证明我们应该花重金买尿吗?	2
3934	8	2011年国家公务员考试日程表确定：10月13日公布职位表、大纲；	0
3935	2	真哒~不过不知道哪儿卖~有你这话我就很哈皮啦！	1
3936	3	【距离2012伦敦奥运会开幕还剩1天啦！】	0
3936	6	伦敦奥运会开幕时间：7月28日03时12分（北京时间）；	0
3936	7	7月27日晚20时12分（伦敦当地时间）。	0
3937	1	奥运会开幕式到底看不看呢，还是回看吧，太迟了~~	0
3938	2	真假！你赶紧删除这条围脖，以免给我找麻烦！	2
3939	1	只留一个星期？不要紧啦，下次去越南找你们！	1
3940	1	转发微博  @洛神赋水 冯小刚请一个棒子上春晚，为何不拉头驴出来学马叫。	2
3941	1	香格里拉（Shangri-la）藏语意为“心中的日月”，是云南省迪庆藏族自治州下辖市及首府所在地，位于云南省西北部、青藏高原横断山区腹地，是滇、川、藏三省区交界地，也是世界自然遗产“三江并流”景区所在地。	1
3942	1	猗罗所包含的范围很广，李根源故居也在那边。	0
3943	2	简直是油不要钱。这就是所谓的不差钱么？冏！	2
3944	1	哈哈哈！这一觉睡的我已经还原了，你还得继续休息！	1
3945	2	是哇？因为老板东北人所以印象中的锅包肉就是这样的	1
3946	2	现在大多杂志,被网络取代了.书很少有人看了.	2
3947	3	翠湖有点像昆明市的标志性景点，来者必到之处。	1
3948	1	这是前天的拉！今天和明天在家教弟弟做作业啦！	1
3949	2	位于京城中轴线，北起正阳门箭楼，南至天坛路，与天桥南大街相连。	0
3950	3	eBay第二季度：营收23亿美元净利同比降94%?	2
3951	7	现在距 @2011湖南卫视春晚 直播还有	0
3952	2	\\@Jerry007007 : 威廉王子！	0
3953	2	\\@汤浩的微微博 : @沈腾 @Eleven黄杨 @艾伦Rainbow @Seven闫非 医疗站的义工？	0
3954	2	第26个是冯巩、郭冬临的小品，我是穿越了吗?	0
3955	1	香格里拉市是迪庆藏族自治州下辖市之一，市境位于云南省西北部，是滇、川及西藏三省区交汇处，也是“三江并流”风景区腹地。	0
3956	2	无甘既味喔，有双黄莲蓉味，各类水果味，金华火腿味	1
3957	1	去哈尔滨怎能不去中央大街，这里游人如织，人气爆棚。	1
3958	2	准时收看本周六(29日)20：30艺术人文频道播出的?	0
3958	4	，本周日(30日)21：30北京卫视播出的?	0
3959	8	中秋节：9月10日至12日(12日中秋、周一)；	0
3960	4	《体育画报》给出的几组备选：桑普拉斯-拉奥尼奇，埃弗特-沃兹尼亚奇，萨芬-古尔比斯，阿加西-锦织圭，拉德万斯卡-辛吉斯，杨诺维茨-伊万尼塞维奇。	0
3961	6	因为击球不是出界就是下网，观众嘘声震耳欲聋。	2
3962	4	这也是小哥去看了以后才知道了，的确值得一看	1
3963	3	@fay908 @BTV马潇 @专栏作家罗西	0
3964	1	国家队是政治因素,俱乐部多是博彩因素~~	2
3965	4	@惊世秘闻 2013贝克汉姆带着孩子们在公园嬉戏组图！！！	0
3966	3	7月30日，奥运会跳水项目决出了第二枚金牌。	0
3967	2	贾跃亭的乐视网股份不够分了债权人查封8遍！	2
3968	2	只是偶们没有知妃这样的美照啊，要不然我天天换头像。	1
3969	4	\\@哥特螳螂王_zodiac :mark	0
3970	2	哎，这样的社会，这样的环境我们还敢制造子孙后代吗？	2
3971	9	|2014马年春晚 梁家辉陈慧琳采访 2014马年春晚 梁家辉陈慧琳采访 播放 143	0
3972	1	真的啊。那星辰妹妹陪你的露哥哥一起穿吧。	1
3973	2	8月9日\31城（缺西宁）\4+\频道。	0
3974	3	\\@成都-石龙 : 貌似很面熟，但禁止联想。	0
3975	1	事后点评我和老伴是从广州出发去的珠海长隆，坐地铁到广州南站，再坐城轨高铁到珠海站。	0
3975	3	出站往右边就是拱北口岸，我们先在手机上搜索家庭旅馆。	0
3975	4	我在58同城上搜索的家庭旅馆。	0
3975	5	搜索到离拱北口岸附近的一家，老板是黑龙江佳木斯的。	0
3975	6	电话联系以后老板让我们在拱北口岸等她。	0
3975	7	她派她儿媳妇儿来接的我们。	0
3975	8	房间在十楼面朝拱北口岸和澳门。	0
3975	10	跟老板娘磨叽了半天，把原先130一天的房间，一百元让我们住了，住下之后我们就放下东西出门儿去吃饭。	0
3975	11	吃完饭我们去逛的海滨公园。	0
3975	12	逛完公园拍完照，我们就去吃晚饭，接着把去长隆海洋王国的门票定好了，一共630元两人。	0
3975	15	第二天早起9:10，做的旅游大巴去了长隆海洋王国。	0
3976	2	到目前为止，江苏心气还没提上来，看看阿联的比赛瞬间。	0
3977	7	此歌出自笔畅的2010年第五张专辑《i鱼光镜》。	0
3978	4	还有一个我自己发现看日出的地方，自己去寻觅吧。	1
3979	2	风险投资的家伙们，你不挣钱还会帮助你吗？	2
3980	1	那个不是你吗?我知道你现在回不到我的话拉	2
3981	5	因为此前并没有相关的传闻曝出，杰金斯这样做，等于向人们宣布了这些传闻。	0
3982	2	数星星很多~却没有属于我的~难道我是太阳吗~	2
3983	8	尤其是我现在这个年纪，到过一些地方，看过一些山水。。。	0
3984	2	有600的，900的，还有1000的，越贵到的沙漠景区里面越深。	0
3984	3	我们只选择了一个最近的景点，沙漠中的绿洲。	0
3985	1	一个下午躺在沙发上，接了5个工作电话，好好的睡眠被分成了6段。	2
3986	1	#CV晨读#1.无人便利店缤果盒子完成1亿元融资；	1
3987	1	在大众文化方面，目前国内电视台最有文化的就是湖南卫视。	1
3988	2	你自己是体育老师教的，不要以50步笑百步	2
3989	2	\\@刺猬暗影 :仿佛又回到80年代。。	0
3990	8	2011年度第二轮录制第二天（晚上场）\\冬瓜团前方特派员：（@冬瓜婕婕 ）	0
3991	6	之后，以借@树袋熊cici 手机记录电话为名骗走手机。	0
3991	7	记者一直拨打其18313191695电话至今无人接听。	2
3992	10	另外四枚商镜也均以几何形线纹作主题纹饰。	0
3993	2	造个话题，搞个微博接力啥的，挖挖威海有多少围脖族。	2
3994	1	就像齐齐哈尔的将军府搬走再搬回来，折腾啊	2
3994	2	反正现在的税目那么多，政府不在乎那点钱！	2
3995	2	万一他们就没分呢。而且，和陈就没有承认过。	2
3996	2	我们的心一刻也没分开过哇，分开的只是躯体	1
3997	2	没有我看二十四了，看完城市猎人心里很空…	2
3998	1	清尽满天雾霾，晴朗微风依旧草色青青，往昔逐日的那匹小马，何日踏蹄归来？	1
3999	2	你是对的。很多女人一看到帅哥就受不鸟。。	2
4000	1	是分时间段跑的没有不是一次性的。哈哈哈很累	1
4001	2	流野，竟然是粤川沪三合一!好大一只羊头。	1
4002	2	但是好歹也是号称中国的几大楼之一，什么鹳雀楼，滕王阁，什么什么的。	1
4003	2	六年前，也就是这个时候去报到的，时间过得太快了。	1
4004	2	乐视网停牌前夜公募基金大撤离》谁能从贾跃亭手下逃生？?	2
4005	3	站在滕王阁最高处整个南昌城尽收眼底。	0
4005	5	里面有对滕王阁的历史介绍，对南昌及江西的自然景观和人文历史的介绍，还定时有古装表演。	0
4005	6	讲解员在介绍这里的巨幅壁画时，着重介绍的是龙虎山而非庐山，看来我又有了下一个出行目的地了。	0
4006	2	你不杀呢么~还不好好杀~你个没杀没决斗的许褚！	2
4007	1	你到底是足球迷还是篮球迷，移情别恋的家伙	2
4008	1	哎，千万挑个淡季去呀，排队排死了，毕竟是帝都的历史见证点啊。	2
4009	3	孩子和老人下海游泳的时候我独自在沙滩上溜达……	0
4009	7	,第二天我们搬到了万科双月湾…	0
4009	11	3，游泳，吃海鲜吹海风晚上烧烤放烟火海边烧烤。	0
4009	13	6，不足之处，通往港口镇的那条桥经常堵车，特别是吃饭时段。	0
4010	1	@叉叉君x @BewAter__傻柏 @叫我梁智 @冰丽与雪丽  @商业启示录	0
4011	6	贝克汉姆也在棕榈岛旁的世界岛上购置了豪宅。	0
4012	4	我分享了|荔枝春晚微直播 荔枝春晚微直播 话题详情 485	0
4013	1	大姨妈，我们什么时候再去看电影啊，哈哈哈	1
4014	2	但是你也不能肯定你爸妈这么久了就很了解对方啊？！	2
4015	2	因为没钱了，在学校过不下去，唯有回家了。	2
4016	1	好贵,买不起hellokitty涂装粉红色奥迪r8粉	2
4017	2	嘿嘿现在正躺在我肚子上嚼我的手机绳………	1
4018	11	[酷][酷][酷]//@韩志国:乐视到底有多大的财务窟窿？	2
4019	2	色拉寺藏传佛教格鲁派六大主寺之一，与哲蚌寺、甘丹寺合称拉萨三大寺，是三大寺中建成最晚的一座。	0
4019	7	喇嘛们陆续来到院落，有一对一辩经，一个坐，一个站。	0
4020	4	2012年伦敦奥运会赛程表——下载保存吧，乡亲们。	0
4021	2	哎没办法唉如今天碰到“凤姐”不就没这事了吗	2
4022	1	2015年5月12日周二我们游览中山陵后乘坐地铁2号线(经天路-油坊桥)，在新街口下车，步行至总统府。	0
4023	1	哦你还改了名字啊什么文艺青年二逼青年吧你	2
4024	1	大伙谁知到任叔生日几月几啊？咱一块儿给老任过生日啊	1
4025	2	有人集体感强,有的人表现还真对不起这个团队！	2
4026	2	怎么你看到了这么多水瓶的呀！对了巨蟹你也惹不起！	2
4027	4	使得ThinkPad笔记本成为在外层空间的国家航空暨太空总署，南美洲亚马逊丛林深处的探险家们、2008年奥运会期间珠穆朗玛峰山脚的火炬传递队以及莫哈维沙漠炙热骄阳下的军人最终选择的工具。	0
4028	1	我好像有，我要找找看。我以前有个供应商是做这个得。	1
4029	7	2012年国家公务员职位信息库上线了，职位表下载不了？	0
4030	2	是呀！没有出差，没有加班的周末好久没过了	2
4031	2	——结果几天后，贝克汉姆就这样和囧森站在了同一块训练场。	0
4032	3	@王KK同学 京阿尼不来一发花滑少年动画吗。	0
4033	1	我们三人在的话估计你今晚不止吐两次哈哈哈	1
4034	2	由于天气原因看到的风景也很一般，待以后再去。	2
4035	6	它以“翠堤春晓”而闻名四方。	0
4035	7	人们称之为“镶嵌在昆明城里的一颗绿宝石”。	1
4035	8	园内，纵贯南北的阮堤（1834年云贵总督阮元拨款所筑），直通东西的唐堤（1919年由时任孙中山的滇川黔三省建国联军总司令的唐继尧拨款所筑），将翠湖分成五片景区；	0
4035	9	湖心岛景区以湖心亭和观鱼楼等清代建筑为主；	0
4035	10	东南面是水月轩和金鱼岛；	0
4035	11	东北面是竹林岛和九龙池；	0
4035	12	南边是葫芦岛和九曲桥；	0
4036	5	比赛结束后，医生告诉他，他的左腓骨骨折了。	2
4037	2	那首歌没有我哭的点！我哭什么哭啊我，我有病啊我！	2
4038	3	@英国驻华使馆 英国选手Helen Glover和Lisa Stanning将在今天伦敦时间上午10:10（北京时间下午17:10）出战奥运会赛艇双人单桨比赛。	0
4038	4	Glover 曾是一名体育教师，Stanning 曾是英国皇家炮兵上尉。	0
4039	6	进去后十人一团，有工作人员讲解。	0
4039	8	而此时总统府工作人员就在我们楼上办公，非常不巧小马哥这几日出访，否则也会在这座楼上。	0
4040	1	罗布林卡出来我们坐公交车到拉萨城另一头的色拉寺看辩经。	0
4040	2	色拉寺是藏传佛教格鲁派六大主寺之一，与哲蚌寺、甘丹寺合称拉萨三大寺。	0
4041	1	由于有当地的爷爷奶奶在这里弹琴、唱歌，所以在这里漫步，别有一方风味，仿佛置身于古代。	1
4042	2	刚才明明是你拿我电话发的！！这就是事实等我告诉大葱	2
4043	2	哈哈哈这样7点钟小孩就不会和大人抢电视啦！	1
4044	2	5米，建筑面积13000平方米。	0
4044	3	其下部为象征古城墙的12米高台座，分为两级。	0
4044	4	台座以上的主阁取“明三暗七”格式，即从外面看是三层带回廊建筑，而内部却有七层，就是三个明层，三个暗层，加屋顶中的设备层。	0
4044	5	新阁的瓦件全部采用宜兴产碧色琉璃瓦。	0
4044	6	正脊鸱吻为仿宋特制，高达3．	0
4044	8	勾头、滴水均特制瓦当，勾头为“滕阁秋风”四字，而滴水为“孤鹜”图案。	1
4044	9	台座之下，有南北相通的两个瓢形人工湖，北湖之上建有九曲风雨桥。	0
4044	13	此碑碑文为今人隶书韩愈《新修滕王阁记》。	0
4044	16	由高台登阁有三处入口，正东登石级经抱厦入阁，南北两面则由高低廊入阁。	0
4044	20	大厅：走进大厅，扑入眼帘的是一幅汉白玉浮雕——《时来风送滕王阁》。	0
4044	23	正西为“下临无地”巨匾；	0
4044	24	南北的高低廊檐下分别为“襟江”、“带湖”二匾。	0
4044	30	5米的丙烯壁画《临川梦》，取材于汤显祖在滕王阁排演《牡丹亭》的故事。	0
4044	36	其东、西重檐之间，高悬着2米×5米的苏东坡手书“滕王阁”金匾各一块。	0
4045	1	西安的标志建筑，没看过等于没去西安，没什么可说的。	1
4046	3	他给我的感觉并不是在景区里的怎么一个古城，而是在古城里面的一个景区。	1
4047	1	鼓楼位于西安市中心，是一座砖木结构的建筑，建于明朝初年，是西安的地标性建筑之一。	1
4048	2	160亿元股票被冻结，贾跃亭这次惹祸了》-@财经网-有意思的是此次申请冻结贾跃亭股票的奇成悦名的母公司上海奇成资产管理有限公司实控人正是有“中国证券教父”之称的阚治东。	2
4049	1	来之前以为总统府就是蒋介石办公的地方，来了之后我才知道是我yoo young too simple。	0
4050	2	一直想象不出来，冰城有一个如此爱茶的女警察！	1
4051	1	我前天在长沙和南宁，现在新疆喀什，横穿中国么	1
4052	5	@筱濛sharon  @布里斯班-生活快报	0
4053	2	天蝎撒！杂还不晓得我星座哎！打你狗自的！	2
4054	2	其实不只奥林匹克公园，颐和园、故宫等地这种地方也很多。	0
4055	3	你站在桥上看风景，看风景的人在桥下看你。。。	1
4056	2	@酒店加盟网 妹纸加盟不，加盟总部模仿办春晚，元芳你怎么看？	0
4057	2	中国男演员全去演阿哥和清朝皇帝了。去他妈了个逼的。	2
4058	2	谁们啊，就你未老先衰，哈哈哈，脱离时代的阿贝	2
4059	2	下次你在的话绝对唱比你听啊寿星婆大晒啊嘛	1
4060	9	据说然乌湖湖水的颜色随季节而不同，春秋呈现出梦幻般的蓝色，夏季则是黄绿色，冬季冰雪覆盖一片白茫茫。	1
4061	2	太鲁阁公园的原住民是太鲁阁族，后来看了他们原住民的电影之后就有更深的认识了。	1
4062	2	这招挺损的啊，让这种男人再去找这种女人呀！败死他！	2
4063	1	\\@蒽就这挖 : 转发微博  @CCTV看点	0
4064	1	罗浮山正是苏轼的那句“日淡荔枝三百颗，不辞长作岭南人”的写就之处。	1
4064	6	上面仍然还有几十分钟的路程。	0
4064	7	我们时间不够，就没有再继续。	0
4065	1	等我二天有自己的房子了，先就搞一个这种衣柜！	1
4066	3	别忘了在您出现的时候[回复本短信]，即可发送互动信息到新浪微博。	0
4067	4	这是中国体育代表团在伦敦奥运会上夺得的第38金！	1
4068	3	我前几天有一个闯黄灯@南通车管所 @南通濠滨论坛	0
4069	1	中方将引进捷克环保技术治理雾霾不斩断雾霾根源，别说捷克技术，上帝来都没招儿先想想雾霾是怎么产生的，然后把源头斩断，这才是正道边制造雾霾，边吸收？	2
4070	1	嗯，我前天晚上在微博上放的就是《龙卷风》	1
4071	4	在南京的时候，去过很多次，没有赶在下雪的时候去看看雪景	0
4072	1	陆家嘴和外滩隔江相望，是上海的地标，也是上海的银座和中环。	1
4073	2	哈哈哈，不要嘲人家潇潇哥嘛，不过他真的好像僧人哦	1
4074	5	现在已经成为世界自然遗产，世界地质公园，国家级自然保护区和全国青少年科普基地。	1
4075	1	转发微博  @石明治 2013哥伦比亚大学春晚相声《孔丘骗食》。	0
4076	2	\\@肖雪慧 :600多万个这样的家庭！	0
4077	2	从兴坪古镇步行到九马画山脚下，大概一个半小时。	0
4078	2	\\@冰与冰 :前两季我已经看过几遍了。	0
4079	1	头型跟以前貌似挺像的来，嘿嘿，长相看不群两呀	1
4080	1	【前中国赛艇队外教炮轰：领导天天喝茅台 却没钱买设备】	0
4081	4	右下角手写体的ぐーぐる正是Ｇｏｏｇｌｅ的日文发音“咕咕噜”，也可作蛙鸣的拟声词。	0
4082	1	和小伙伴就是冲着恩施大峡谷的一炷香去的，没想到整整爬了6个小时！	2
4083	1	从此王子和公主就没羞没臊的生活在一起了……	1
4084	1	罗浮山门票60元   索道往返95元  单程是50元。	0
4085	6	My Chinese friends must be very happy an proud!	0
4086	2	这里的风貌完全与天津其他地方不同，完全就是一个封闭的外国小镇一般	1
4087	3	#harper seven beckham#	0
4088	2	哎喂哟，一语惊醒梦中人，那我这是冒着生命危险啊。	2
4089	2	谁让你不理我！谁让你不理我！谁让你不理我！	2
4090	7	向南乘坐两站至“小寨”站，出站后距离陕西历史博物馆也就不远了。	0
4091	1	这两个有基情的楼就在市中心相互守护着←_←有的人选择登楼看风景，其实选择一个就够了。	2
4092	1	如果你不坐轮渡，不夜游两江就不必来了，因为就是看长江。	2
4093	2	昨天晚上给你打电话你弄死不接！喊你出来吃烧烤的	2
4094	1	我一直以为是让姑娘们穿戴一新，让小伙们心里一亮……	1
4095	2	\\@HarperSevenFansClub :······！	0
4096	1	我么国庆节过两天出来吃饭给你嘿嘿我是懒人你懂的	1
4097	1	来重庆怎么能不来朝天门，虽然旧时的码头已经没有了，但是千百年流淌的嘉陵江和长江依然在这里汇合。	1
4098	4	另外一名中国选手喻丹以501.5环夺得铜牌，波兰选手博加茨卡502.2环夺得银牌。	0
4099	2	\\@特别爱卡夫 : 转了再说  此内容为不实消息，已处理。	0
4100	1	小农主义！去新疆了还烤串串儿？当然烤全羊啦！	1
4101	1	转发了义云堂的微博:#伪PE#这次折在乐视上有好多PE机构，仔细看发现都是专门为乐视成立的专项基金，即整个基金只投这一个项目。	2
4101	6	原文评论[0]转发理由:@义云堂：很多投资人都喜欢先看到项目，再自己决策投还是不投，这种模式完美契合了国内高净值人群的诉求。	1
4102	6	【住建部和@国家林业局 叫停动物表演和民众呼声终成屁】	0
4103	2	木有歧义，有些人就是靠身体混饭吃，吃软饭呗	2
4104	1	一座藏传寺庙，最早为雍正皇帝的住所，也是他的出生地，后被改为寺庙。	0
4105	1	听说东海大学很漂亮，大概在1956年左右，教会捐出土地，并出资在这块土地上造了东海大学，今天校园内还有教堂，每年期末，学生在教堂中举行毕业典礼。	0
4105	4	我在寻找牧场时，经过山坡，最起码有几十栋日式小平房，掩眏在参天的古树中。	1
4106	5	年关将至，曾经的央视春晚“老熟脸”宋丹丹还是确定不会亮相春晚的舞台。	2
4107	2	现在改喝合生元了,据说这个牌子也是个杜撰出来的.	2
4108	1	发表了博文《氢创社丨每日资讯：贾跃亭160亿乐视网股票再遭冻结温州加快打造国际时尚智城》贾老板又来抢占头条啦！	1
4109	1	矮油,哪够亮哥你这夜猫子资格老啊~哈哈哈	1
4110	2	大足石刻是唐末、宋初时期的宗教摩崖石刻，以佛教题材为主，儒、道教造像并陈，尤以北山摩崖造像和宝顶山摩崖造像为著。	0
4111	1	[礼花]啦啦啦，昨儿画的，今儿晚上做出来了[礼花]皮卡皮卡皮卡秀…	1
4112	1	被梦弄醒，先是梦到辞了工作而后梦到初恋打电话告	2
4113	1	超棒的喷泉设计，晚上九点到九点半才开喷泉，很多人在这边取景。	1
4114	1	五色海位于仙乃日与央迈勇之间，海拔4700米，湖面呈圆形。	0
4115	2	主营:住宿(标间，可洗澡。通铺 蒙古包) 饮食 租马 洗澡 篝火晚会联系人:别热克联系电话: 1999927434613369044492微信:13369044492	0
4116	6	3、给你100万，给我开200万的发票！	0
4117	1	我就是那种个闹钟就能起床的（老年）人??雾霾严重嗓子就又开始难受也是??这两天的紧张让我仿佛看到了日后长期的段如??的日子[拜拜]晚安根本没有在过的周末[拜拜]#來自何毛的碎碎念#	2
4118	1	坐2、3号地铁到大行宫下，步行5-10min即到。	0
4118	2	门票40，有学生票。	0
4119	2	为什么不敢点评，是不是你一点评会涨停板？	2
4120	3	那些为奥运熬的夜，为比赛流的泪，@MINI中国 曾与你共同见证。	0
4121	1	我们等你，我好久没有像我们过年时那样的日子咯	2
4122	2	是的！他们的主持人真不错的！尤其是周学！	1
4123	1	贾跃亭死不死我不管乐视复牌别连累创业板就好北京·民安小区(东区)??	2
4124	1	雷死人了 一个大学生到一个化工企业做行政，不知道毛主席叫什么。。。	2
4125	2	上班啊！我出来交罚款结果出了银行门又被罚了一张	2
4126	1	【2013中国鞍山国际机械奥运会11日开幕】	0
4127	3	看了度娘，还是选择从罗浮山搭旅游专线到惠州汽车站，再从惠州汽车站搭k3到厦深铁路惠州南站。	0
4128	2	位于赣江之滨，门票50.现在楼体为1989年重建。	0
4129	4	歇歇心，听听鸟语闻闻花香，只有回归自然这就是茗牵原生态，娃娃鱼的栖息地--我心安静处	1
4130	1	请问这是在哪里拍的呀!!好像写真集，哈哈哈	1
4131	2	你损我呢你？？大半夜的信不信我放照片吓死你哈哈哈	1
4132	3	千呼万唤，小贝终于出现了，虽然只是在影像里！	1
4133	2	唉我们现在是青年节没得过、儿童节也没得过啊！	2
4134	6	”“这让我们怎么吃年夜饭，怎么看春晚啊？	2
4135	3	2011年5月死缓;2011年8月24日死于狱中	0
4136	4	【英国记者吐槽伦敦奥运：只要中国人不出手……】	0
4137	1	One of the most beautiful river in the world!	0
4138	2	简直没认出来你们太过份了逼得人家只能演蕾丝边了	2
4139	3	\\@果果爱卿 :一个人 一座城 一生心疼  @秋小笨	0
4140	2	你送我个镜头。。。你让我怎么拍我就怎么拍	2
4141	3	\\@战天-瑞 :冉兄 应该是伦敦奥运会吧？	0
4142	1	排队的多少钱？我没排队上楼吃的，应该会贵一点吧？	2
4143	1	来吧我们做个视频喝着马格丽叫着张根硕干杯！	1
4144	5	甄嬛娘娘和之前登台的@张靓颖 撞品牌了哦~	0
4144	6	图3：Alexander Mcqueen 2001年的裙子去掉了一团毛再接上了一只袖~	0
4145	2	多数基金公司在二季度仅有的8个交易日内减仓乐视网，不过，持有观望态度并没有进行调仓行为的基金公司也不在少数，基金公司对于乐视网态度存有较大分歧。??	2
4146	2	真的假的？我一直觉得我自己块的很、而且我很坠！	2
4147	2	上午课2点结束，午饭会提前一点儿，1点半去吃饭？	0
4148	2	北京时间8月11日凌 晨2点45分，奥运会男足铜牌争夺战，在韩国与 日本之间展开。	0
4149	2	【公安部：黄灯亮起时车身越过停止线可继续通行】	0
4150	1	转发微博  @IT科技新闻网 所为何求？	0
4151	6	「2013中国传媒大学艺考开始，女生要求素颜面试」】	0
4152	1	傣族王室的园子，民族风格很有特点，还有大象表演。	1
4153	2	小胖金句，蓝调爵士就是越唱越慢，断句越来越开。	1
4154	1	转发了砺石刘学辉的微博:很早之前我说，老贾手里不只有一张牌，而是两张王牌，大家不用太过担心。	1
4154	9	原文评论[25]转发理由:回复@喔喔许:那就一个一个说给你听，最重要的终端（流量）入口手机已经彻底挂掉了，电视机在负面拖累下持续垮塌，200w恐怕已是今年上限，售后、客服、物流三大基本要素都无法保障，乐视视频内容不济已彻底沦为三线，乐视云除自用外外拓无门，扭亏无望、融资无果，内容端体育已废，还想怎么样崩？	2
4155	2	印度的观音好像是有那么跟你有点像，也这么胖。	2
4156	4	不过也幸亏它比较陡，感觉距离也不是想象中的远，爬着爬着就到了。	1
4157	4	@VictoriaBeckham中国粉丝会 You are my sunshine	0
4158	1	昨天跑路跑到高雄[偷笑]~[太阳]天气好好喔！	1
4159	1	等着，我赶紧生个女儿去，留着给我做女婿，这乖乖仔	1
4160	2	哈哈哈，我也这么认为，我争取尽早回到那时候昂	1
4161	2	嗯嗯，也是俺的老家呢！三哥就记得小白兔啦！	1
4162	1	赶在下午三点前到辩经场，时间一到僧人就三三两两的来。	0
4163	1	乌镇青石板铺设的街道和斑驳的窄巷述说着岁月的沉淀。	1
4163	2	镇上有上百座桥，桥与桥相连，影与影交错。	0
4164	1	色拉寺门票50，坐24路公车直到门口，下午五点后五元。	0
4165	2	哈哈哈，看了那么多手滑的，看一些纯天然的吧	1
4166	2	当年的天王府，现在我们看到的总统府，像走进了电视里，民国气息……	0
4167	8	\\@卷毛重症患者 :hhhhhh \\  @落英鱼	0
4167	11	#benedictcumberbatch #	0
4168	1	干嘛啊！怎么了。遇到事情了吗？早点回家乖孩子	2
4169	1	重庆两江交汇处，可看到嘉陵江和长江在此融和。	0
4170	1	刚在上课没点进去看现在又不敢看的路过。。	2
4171	1	啊~还没告知是哪家店的啊~这饺子看着我直流口水~	2
4172	2	地点是AQ B9200门口，时间是11:30AM-4:30PM。	0
4173	7	（来源：南方都市报）各位司机大佬，新规第二天感觉如何？	0
4174	1	观音原型真身现在东北漠河，一南一北镇守华夏。	0
4175	1	尼玛。。俄罗斯占了中国170万平方公里咋从来不提	2
4176	2	哈哈哈我才不会拿别人送我的老干妈给别人吃呢你懂得。	1
4177	4	雅典奥运会，@石智勇 拿到了该级别的金牌；	1
4178	4	大多数人会在大街门口的星巴克拍个自拍就走。	0
4179	1	嘿嘿！偶改名了啊！视频不是还制作了一小下么	1
4180	6	我和闺蜜与这个女孩子很聊得来，最后三人个人拼凑一起吃海鲜！	1
4181	2	也难怪，这里居然深圳不远，是周末短游的好去处。	1
4182	2	恩，我左挑右选，整了张完全有悖于个人风格的头像	2
4183	10	原文评论[200]转发理由:黄岩岛，南海仲裁案：我们被遗忘了吗？！?	2
4184	2	\\@头条新闻 :转发微博  @新浪体育 伦敦奥运会主火炬终于点燃了！	0
4185	2	我当然不是巴萨球迷，我是米兰人我有一颗红亮的心	1
4186	1	\\@xdzweiyi3149689323 : 转发微博  @谈笑古今V 赵本山赠刘翔对联一副;	0
4187	1	你当时有没有照照镜子，说不定你自己就是书记员	2
4188	1	很给力的是，比赛的时候帝都的雾霾被风吹走了[给力][给力]	1
4189	2	\\@光线娟子 :  @蓝星1116 @包贝尔 童鞋在	0
4190	1	色拉寺的全称是“色拉大乘寺”，它和甘丹寺、哲蚌寺一起被称为藏传佛教拉萨三大寺。	0
4190	3	辩经是一种佛学知识的讨论，也是喇嘛们的一种学习方式。	0
4190	5	寺内还有结巴、麦巴、阿巴三大札仓（就是经学院）。	0
4191	3	【英媒：中国等四对羽球女双被取消奥运资格 附比赛录像】	2
4192	1	总统府坐落在南京市长江路292号。	0
4193	2	@阿Daa 送上昨晚祖兒和基仔春晚採排時巧遇韓姐的相片	0
4194	3	女单四个席位国羽独占其三，提前锁定金银牌！	1
4195	1	是因为知道杨丽萍的孔雀宫在那里才去的，然而只能在外面看一眼。	2
4196	1	好像是农历的7月初7。。。反正我从来没过过	2
4197	2	\\ @窒息春秋-寇征宇 :似乎是钟灵。。	0
4198	1	你好。您对这方面挺有研究的。我就是民间放贷公司的。	1
4199	2	韩国总统文在寅周四访问白宫，获美国总统特朗普设晚宴招待。	0
4200	2	虽然早已没有太深的印象，但却是我旅行的起点。	1
4201	1	是啊~因为你不在我身边陪我一起照所以不想照	2
4202	2	---小明的爸爸让小明开车出去帮他买切糕，现已知：爸爸给了小明100元；	0
4202	4	小明家离切糕摊的距离为8.5km且在离家3.6km处有一红绿灯；	0
4202	7	(2) 若小明能回家，问小明回家路上会不会闯黄灯？	0
4203	2	@湖南卫视第九届金鹰节开幕式晚会 天天兄弟来啦！	0
4204	2	没想到的是里面除了宫殿之外，还有住家，并且住家们是有产权的。	0
4205	9	农民问：上山3条腿下山4条腿，是什么动物？	0
4206	1	妈妈刚才也说帅！还叫我把视频保存下来给她看！	1
4207	2	我们打的不是麻将，是感情！哈哈哈，有木有	1
4208	2	下个星期我开单了就去找你！搞个三大盆子的饺子！	1
4209	1	恩恩恩，等有流量的时候抽啊！我会去见你的	1
4210	1	好久照的哦！！胖娃儿旁边那个人杂看起来这么面熟喃？	1
4211	1	东海大学有自己的奶牛场，于是就有自己制作的牛乳冰激凌出售了~大概是跟华农有异曲同工之妙么。	1
4212	2	@兰柯燕 @ooOo氣萢oOoo @偽文藝	0
4212	9	或登陆微信，收听江苏卫视官方账号，发送你的微信号和江苏卫视春晚电视画面。	0
4213	5	中国游泳队在伦敦奥运会上赢5金，其中4枚金牌来自浙杭州的孙杨和叶诗文。	1
4214	1	中国最南边吧，为了天涯 海角 2个字跑了过去。	0
4215	2	这张就是瑜伽李小双啊。脸变形了而已。你眼很尖哟！	1
4216	2	气死我了！奶奶的今天还值班！一会去银行回来输液去！	2
4217	1	这感觉就是现在新闻里那种什么现场还原的水平阿。。。	2
4218	7	渔民的一张网长有百米，拉一次网要2、3小时，他们下午拉网，晚上8点左右才把网拉上来，很不简单。	1
4218	8	另外，三亚湾还有3个临海广场和一个滨海公园，其中海月广场离海边较近。	0
4219	1	你狠！我今天也一直在传球啊！只是我们不在一个队嘛！	2
4220	1	别节假日去，人太多，特别是高考前后，千万别……	2
4221	1	门口就买票，15块一人，然后里面上到顶层也不用再给钱了。	1
4222	1	有同感。这是我自驾游去白水洋的路上拍的。	1
4223	3	@浙江卫视中国蓝 今晚8：15浙江卫视中国星跳跃总决赛，跳水节目中的春晚！	0
4224	1	就是很口水，很没有内容的啦……歌词一共没几句	2
4225	3	结果一看路牌——才走到了六百多米，眼前还有四点五公里的路程！	2
4226	1	转发了澎湃新闻的微博:【贾跃亭夫妇及旗下三公司12亿存款被冻结：招行申请财产保全】贾跃亭及乐视系所拥有的12亿资产被冻结。	2
4227	2	\\@撷芳主人 : 面条  @中国考古网	0
4228	6	品了赤水晒醋，看了手工加工竹伞，喝了黑冰粉（没什么特别）。	2
4229	8	法国长大的魔术新贵Yif首次登上央视春晚舞台就成为话题。	1
4230	1	这个配置有没有这么神啊这么叼你好，该功能是一汽-大众顶配车型CC和迈腾的3.0V6旗舰型上才装备的奥！	1
4231	2	二位看完的表情，估计是，笑而不语，一笑而过吧	1
4232	2	从佛山到巽寮湾，竟然花了8个小时的车程，真真是醉了。	2
4233	1	任哥晚在哪吃啊?帮打包点吧,穷得没饭吃了	2
4234	7	小伙伴们，看春晚的时候，不要忘了刷微博，@平安洛阳 哦~~	0
4235	1	考完了，对完答案了，能得多少分，能上岸吗？	0
4236	2	大峽谷門票二百塊一個人，包含一百七十塊門票和三十塊景區交通，學生票一百一十五一個人。	0
4237	2	现在布宫门口的马路已经不通车了，满是磕长头的人。	0
4238	1	流水账记到20号，滇藏行接近尾声。	0
4238	3	于是，发了条微信，告诉那二位我去觅食，然后色拉寺去看辩经。	0
4239	2	还没来得及呢,国家就收到国家通知,马上撤销	2
4240	2	死样就发个短信得了呗那我以后找你就打这个了？	1
4241	2	这个就不让你寄了。给我寄大闸蟹吧，9月16日开捕。	1
4242	3	路线安排：① 景区游客中心－扎灌崩景区游客中心和售票处位于香格里拉镇上，买过门票后，乘坐景区的观光车前往亚丁村的扎灌崩，约34公里，盘山公路行驶1小时，景区观光车的运行时间时是7：00-18:00。	0
4242	6	② 扎灌崩－冲古寺服务中心（海拔4000米）景区观光车行驶到扎灌崩就是终点站了。	0
4242	8	约20分钟步行到冲古草甸。	0
4242	13	最后的1/6是平路，然后差不多到的时候往上走是一个山坡，大概20分钟就到五色海了。	0
4242	15	徒步的话，我建议是前提乘坐了冲古寺-洛绒牛场的电瓶车，否则请考虑自己的体力。	0
4242	17	如果是一大早五六点出发的话，到达牛奶海的时间大概是中午12:00－13:30。	0
4243	10	北京奥运会：3000亿，超奥运会108年赛事投资总和。	0
4244	3	@深蓝蓝蓝蓝 简直没眼看了这春晚！！！！	2
4245	1	记得啦。下次我们去萨莉亚，什么鬼拉面我们不吃了！	2
4246	4	1908年伦敦奥运会，俄国报名参加了“军队手枪”队的比赛。	0
4246	5	可当俄国队风尘仆仆赶到伦敦参加比赛时，比赛早已结束了。	2
4247	2	是啊。封校那年几乎天天不是翻墙就是钻栏杆。	2
4248	5	\\@天其无肠 : 哥还醒着呐，这比赛比春晚者得一看。。	0
4249	2	你这头像整的跟奥特曼似的吓我一跳这名啥意思？	2
4250	1	校区蛮大的，很安静，即有中式也有西式风格。	1
4251	1	御花园后面就是故宫的一个门，从故宫出来，门口有公交站牌，坐没几站就到前门了。	0
4252	3	同一个赛场,同一个对手,同一个18:19，同一个21:19！！	0
4253	2	虽然不是旺季，但是轿夫仍旧很多，因为路太难走，台阶非常多。	2
4254	1	成都宽窄巷子里的星巴克比这个还有味。。。	1
4255	3	到达终点站军区总医院下车，再走十几分钟，大约2、3Km，就到了色拉寺门口。	0
4255	7	我也赶紧随着人流，快步走进辩经场。	0
4256	1	还有一周就过年了，提前预告年二十九晚有三场英超直播喔，你选春晚还是英超?!	0
4257	1	融创百亿公司债被叫停前途让人忧：一面是“一掷千金”的豪买，一面却是债券融资的“断流”在香港上市的融创中国近来吸引了不少业界目光。	2
4258	1	哈哈哈，2013去读硕士时候学。等我回来。	1
4259	5	春晚节目单 距离2014年央视马年春晚越来越近了！	0
4260	4	\\@Albert_某商才不要给流感跪了呢 :收支凭证呢！	0
4260	8	那就是进来的现金和支出的现金不能混为一体。。。	0
4261	2	大饱口福就是餐馆的名字啦，是吃到饱的自助餐喔。！	1
4262	2	结果，她还在黄鹤楼迷路了，差点把我带进隧道。	2
4262	3	可见，当地人基本不去黄鹤楼啊。	0
4262	4	而且现在的黄鹤楼也不是当年的黄鹤楼了，除了爬几层楼梯，锻炼身体以外，其他没有什么。	2
4263	2	额算了吧还不是因为你我才开的就没人屌我了	2
4264	1	hey，我看到了贝克汉姆，在boston freedom trail!	1
4265	3	又按我们的行动计划，明天一早再出发。	0
4265	5	8点10分进景区 ，白莲湖、冲虚古观、东江纵队……	0
4265	8	9点35分出发，天气的缘故，到处雾茫茫。	0
4266	9	原文评论[89]转发理由:得银行者得天下，做企业，金融财技很重要呀[允悲]//@八大山债人:擦，这条信息含量大的，居然阅读量非常小。。。	1
4267	1	我的破车也被这样刮过，我也没坑声，只因为不忍心。	2
4268	1	来美国之前就在认识了他是夜店小王子!!!	2
4269	4	彭爹爹斑白头发，国字脸型，从交际舞跳到拉丁舞，他舞龄已有20年。	1
4270	2	是啊不然就是奥特曼了~不过真的是搞不到啊	2
4271	1	发点心情出来晒晒，让我们看看你现在在搞什么咯	2
4272	1	那就不应该了！要是这样，俺估计您泡茶方式方法不对！	2
4273	1	关于建行调整前乐视员工信用卡额度这件事情，本质上银行是有权这样做的，毕竟这是信用卡，公司有风险，银行自然要风控。	1
4274	1	北京时间7月28日凌晨，2012伦敦奥运会开幕式举行。	0
4275	1	嘿嘿找到继续留在漳州的理由了。我洗衣服去了，	1
4276	3	湖北恩施大峡谷，是清江大峡谷一段，峡谷全长108公里，面积达300平方公里。	0
4277	5	a） 色拉寺不是星级景区，所以不参与免票，票价为50元/人。	0
4278	1	以后可能不的和你们这些野鸡大学的接触了，再见	2
4279	1	就是个出租车和旅游团带人过去消费拿提成的地方。。	2
4280	2	你不了解也情有可源啦，因为跟你不熟~哈哈哈…	1
4281	1	"总统府旧址位于南京市玄武区长江路292号，其历史可追溯到明朝初年的归德侯府和汉王府，清代辟为江宁织造署、江南总督署、两江总督署，清康熙乾隆南巡时也均以此为""行宫""。"	0
4282	3	\\@Linson为妹鬻艺 :有录像么 求上传	0
4283	2	别去淄博，真能组织20多球迷去媒体酒店围攻你的。。	2
4284	10	所以在刚结束的Tamarkin拍卖中最后以	0
4285	1	【小蜜蜂·早班车】孙宏斌当选乐视网新董事长，“新乐视”诞生了！	1
4285	2	据腾讯财经报道，7月21日下午，以电话会议形式召开的乐视网董事会上，孙宏斌当选为乐视网董事长，这意味着以孙宏斌为首的“新乐视”团队的正式成立。	1
4285	3	孙宏斌当选乐视网新董事长，“新乐视”诞生了丨钛快讯?	1
4286	4	乾隆九年（1744年），雍和宫改为喇嘛庙，雍和宫全年对外开放。	0
4287	1	第三天早上，坐大巴车去北景区，大概1个半小时就到了。	0
4287	5	倒站车子开得七弯八弯的，就是云霄飞车，您得死命抓住把手。	2
4288	1	\\@蕾子肖 : 转发微博  @福州发布	0
4289	1	屋头网速慢好歹也是在屋头啊！我哪有心情去游乐园啊	1
4290	3	东京目前与马德里和伊斯坦布尔争夺2020年夏季奥运会的举办权。	0
4291	1	\\@沈阳太平洋国际学校 :解读伦敦奥运的那些未解之谜。。。	0
4292	7	2010年世博会4000亿。	0
4292	9	2010年，西南五省大旱拨款1.6亿元。	0
4293	7	中国队每得10块金牌，就送1份礼品哦，50块金牌就送5份礼品哪！	0
4294	2	这玉米是美国货，是我吃过的最甜最嫩最多汁的玉米！	1
4295	2	怎么可能有这个政策？你咋不拿房产证去试试看哩？	2
4296	2	打酱油呀，就是别人让我学点啥我就学点啥，没固定的	2
4297	2	唱了一首蒙古族民歌，编排并参加了中华服饰走秀。	1
4298	1	这个节目如果换个主持人，不会是今天的结果。	2
4299	5	高山铁路、森林、云海、日出及晚霞，号称阿里山五奇。	0
4300	1	那你问问别人第一眼感觉是什么真的很像杜蕾斯的包装啊	1
4301	1	你个夜猫子，咋也没睡呢？我和安安来成都出个小差	2
4302	1	你应该艾特嘉，再说这个话，让他听才是呢~	2
4303	2	而且听说朝天门是个批发市场，很多卖衣服的商家来这里。	0
4304	1	是准备晚上去看夜景的，好像没有找对地方，没有找到朝天门广场，就跟着坐游船的人一直往下走。	2
4305	4	当然，看过电影的人知道，那个地方绝对的险峻陡峭，一夫当关万夫莫开。	1
4306	17	非常靠谱 日本人的老祖来自中国，中国还要向日本学习吗？	0
4307	1	听说昨天开会后你跟你的一米八女秘书在横琴开房了？	2
4308	2	平江路更小资些，听曲品美食，各有特色吧。	1
4309	1	对呀，我印象里还是咱班家长会你下午留下接待家长呢	1
4310	3	@风息神泪 背后的同事笑得在沙发上滚来滚去叫我别放了……	0
4311	3	\\@空中飞人victor : 幸好穿了内裤	0
4312	2	哈哈哈，一进淘宝深似海，以后别想收手来！	1
4313	3	@chanel_gz  @华尔街日报中文网	0
4314	1	我还回想着萨爷爷宣布2008年奥运由北京举办的场景呢!	0
4315	1	转发微博  @演员王毅 @郭德纲 ，邀你来聚会！	0
4316	8	"@尼小co @三分地农场 @北京有机农夫市集 @齐大福 @penny培培 """	0
4317	1	晚上就这么坐在布达拉宫广场前面，听着音乐喷泉的歌声和水声，看着布达拉宫的夜景；	0
4318	8	我们到了天葬台，管理人估计出去了，这里空无一人。	0
4318	9	最近的几场雪使天葬台的石头看上去非常白。	0
4319	1	想不起就不要再提起嘛！嘎快点睡觉克！晚安	2
4320	1	拜水都江堰，问道青城山，青城山的绿，真是让人匪夷所思啊！	1
4321	4	重庆曾为中华民国战时首都、远东反法西斯指挥中心。	0
4321	6	又因地处丘陵地区，坡地较多，有“山城”之称。	0
4322	8	@湘潭广电熊兴保 @湘潭广电熊兴保 @湘潭马平 @湘潭广电小春	0
4323	2	” 我囧 什麽時候喊他 “胡胡”了啊？！	0
4324	2	大伙围观啊！帅小伙一枚！这可是优绩股哦亲！	1
4325	1	入门级香火￥8，必选。	0
4325	5	建筑风格为何这么另类，问度娘，我也记不清。。。。	2
4326	2	要是看完清宫戏或清宫小说再去就更有感觉了	1
4327	5	马来西亚射击选手亮相，她将挺着8个月的肚子征战2012年伦敦奥运会。	1
4328	2	是胡同学的堂弟！你觉得他和胡同学长得有点象不？	1
4329	3	因初唐诗人王勃诗句“落霞与孤鹜齐飞，秋水共长天一色”而流芳后世。	1
4330	1	浙江路上的天主教堂，旅社离这儿很近，到青岛的第一晚就与它偶遇了。	1
4331	2	俺拿的现钱就是从这个银行取出来存到那个银行！	2
4332	1	给咱俩的李家宗叔鸿忠代好！姐，咱上边也有人了。	1
4333	2	\\@GEM鄧紫棋國際歌迷會 : 龍年快樂！	0
4334	4	时光就应该这样，在时间安静的流逝中不知不觉从清晨到了黄昏。	1
4335	3	反正横竖有他不多没他不少，让老百姓意淫一下而已  @财经网	0
4336	1	30年春晚，若按每台春晚40个节目计算，我们看过的节目也有逾千之多。	0
4336	4	它是一个礼物，从现在伸出手递给过往30的你和我。	0
4337	4	2012年8月12日，第三十届夏季奥林匹克运动会闭幕式在伦敦奥运会主体育场举行。	0
4338	1	我觉得最后一条最安全环保，你觉得呢？咯咯~	1
4339	1	校长是否依旧是那个天高任鸟灰的那个校长~	2
4340	3	昨晚亲眼目睹众人竭力将女团射箭送入决赛。	1
4341	1	朝天门码头现在正在大修，只能在旁边的大楼上看。	2
4342	1	沒認慫也沒認錯 養肥了再殺  @妮可中国	0
4343	3	曾红极一时的F4组合今年将登@江苏卫视 春晚。	1
4344	8	6）加适量料酒提味，加适量酱油提色即可。	0
4345	4	2、赵本山退出春晚揭秘：两度换本，曾尝试挽救；	0
4346	1	一直在我爸那里，我爸还出去给他美容了。明天就见面了	1
4347	2	天天盯着它看，直到突然有一天，突然多出一颗星来！	1
4348	2	8月7日是今年的第220天，离一年的结束还有146天。	0
4349	5	后来扎西泽仁玛与郭达山神当京多吉列巴相爱，双双变成金鸭子在五色海中嬉戏。	1
4350	3	@记者的家 画作“马背上的Godiva夫人”，现藏于英国考文垂博物馆。	0
4351	1	这个碉堡...  @与欧洲有关的一切 最近网上有人搞了个“自拍奥运会”。	0
4352	2	整整等了一个小时，船撒到桥底时才拍下了这张照片。	1
4353	2	Fechterin Heidemann holt 1. Medaille 银牌！	0
4354	1	布达拉宫，去拉萨的人肯定不会不去布达拉宫的吧~去布达拉宫肯定不会不去广场看喷泉，顺便拍个倒影什么的，我的布宫倒影就是这样拍出来的。	0
4355	13	\\@夏陌_96nekoFanClub :卧槽！	0
4356	1	票价40元/人在总统府内有卖明信片，10元5张。	0
4357	1	是一个历史建筑群，现在变成了一个博物馆。	0
4357	2	博物馆共分三个参观区域。	0
4358	7	崖边古亭，飞阁临江。	0
4358	11	江心有石矶沉浮，相传大禹在古渝州娶涂山氏女，此后治水13年不入家门。	0
4359	1	柔柔的歌，好好听  @BTV环球春晚2014	1
4360	1	东方卫视华人群星春晚录制抢票活动第二场直播中。	0
4361	1	兄弟，我去接新娘时还要你骗姐妹们开门啊！	1
4362	1	\\@SamGongFashionista : 鞋也是啊！	0
4362	2	\\@__Jocelyn :就是这一身呢。	0
4363	4	还有很多照婚纱照的，这可真是一门技术活啊！	1
4364	8	@三三_somnus @louxinin @Joker就是Joker @光一王子君---别西 @single_Robin @半仙儿明	0
4365	9	这是属于我们的节日http:\\t.cn\IDCT0W	1
4366	1	跟着阿舜混哦~~国庆前给你的快递收到了没？	1
4367	2	那我们是性骚扰你广州鸡。还是性侵犯你从化鸡啊	2
4368	2	\\@诸子歌 :春节食街不打烊，还有拼桌年夜饭！	0
4368	8	良渚文化村拼桌年夜饭开始征集，“百家饭&quot;	0
4369	3	北京时间8月2日22点40分，2012年伦敦奥运会乒乓球比赛进入第六个比赛日。	0
4370	2	下午两三点咯，晚上，吃晚饭咯，看你选什么时候	1
4371	2	国产货卖的是进口的价格撒。。瞎骗老百姓的钱~	2
4372	1	真的是她吗？我最后一次跟她对话是猜她，但没回我~	2
4373	7	Victoria 脱下头盔后滴傲娇甩发~	0
4374	4	吃完午饭下午去的阳朔。	0
4374	6	?qué romántico???今年我们久别重逢，去了四川的色达和稻亚。	0
4375	1	色拉寺它与哲蚌寺、甘丹寺合称拉萨三大寺，是三大寺中建成最晚的一座。	0
4376	1	原以为总统府没什么可看的，到了才发现不虚此行。	1
4377	1	香格里拉离丽江还有蛮远，从丽江清晨出发，大概下午到。	0
4378	2	我眼真不瞎，让她按照你的妆术去试试肯定呗儿像……	1
4379	1	那最后欣荣和小燕子谁和五阿哥在一起了啊？	1
4380	2	没有啊。我天天打工还克香港啊。我看的窃听风云。	2
4381	2	你们怎么在我这就聊上了我这要算最低消费的	2
4382	1	奇了……您今儿个怎么有空来我这儿遛弯儿来啦？	1
4383	1	过年的时候新天地的星巴克还有人要拼桌。。。	1
4384	1	远看和天安门似的 西安连百盛也是这个形状的。。。。。。。。。	2
4385	1	高帅富啊@紫漓忆夕 @钻石眼泪_疯子 @希啪烂1314 @Billbaby_ @Fish-summer @何苗唲 @绵绵_o0 @熊屌屌  @东方早报	0
4386	2	眼看2014央视春晚即将进入百天倒计时。	0
4386	8	26日下午15:00至16:00，马年春晚总导演@冯小刚 将现身微博、微信双平台，回答网友们的提问。	0
4387	5	\\@花雨圣芳 : [织  @郎咸平 『中国羽毛球队，请收回你们的道歉！	0
4388	1	万般皆是缘，如果你不捡，它们会是什么命运呢？	2
4389	1	游览完断桥后，我们走到了北山路上，乘坐一辆公交车到曲院风荷附近下车。	0
4389	2	曲院风荷位于西湖西侧，南宋时此处有一家官家酒坊，取金沙涧的溪水造曲酒，而附近有一处荷塘，故此地名为曲院风荷。	0
4390	2	\\@竹叶军涛情深 :转发微博  @秋小笨	0
4391	1	哈哈哈啤酒干捞中午吃饭搞啤酒民工的一贯作风	1
